Order_ID,Order_Date,Customer_Age,Gender,City,Category,Qty,Unit Price,Discount,Shipping,Delivery,Sales,Profit,Rating,Profit_Category
SK100001,08-07-24,0,Male,Bengaluru,Beauty,5,37494,25,427,4,140602.5,11270.73,4,1
SK100002,21-03-25,150,Female,Lucknow,Beauty,4,45197,5,288,5,171748.6,13467.54,2,1
SK100003,29-09-24,26,Female,Jaipur,Grocery,-2,18665,20,298,3,44796,2194.68,4,0
SK100004,10-02-25,53,Male,Pune,Grocery,1,5483,120,175,9,5208.85,566,2,0
SK100005,10-03-24,33,Female,Delhi,Beauty,4,1562,-15,465,10,6248,880.5,4,0
SK100006,25-05-24,32,Female,Chennai,Sports,5,13184,5,226,-3,62624,5695.07,5,1
SK100007,01-03-25,41,Female,Bengaluru,Beauty,3,250000,0,131,2,124998,13567.33,1,1
SK100008,18-04-25,44,Male,Delhi,Electronics,5,27626,10,158,9,124317,80000,4,1
SK100009,03-05-24,,Male,Delhi,Furniture,2,25926,40,133,5,31111.2,7548.23,4,1
SK100010,14-06-24,39,Male,Chennai,Sports,1,20768,10,98,6,18691.2,4565.82,4,1
SK100011,22-11-24,64,Female,Jaipur,Furniture,4,23651,25,587,4,70953,16570.11,1,1
SK100012,26-11-24,63,Female,Hyderabad,Fashion,1,23968,15,320,1,20372.8,5740.27,5,1
SK100013,28-03-25,25,Male,Jaipur,Grocery,3,35794,30,285,5,75167.4,20297.84,2,1
SK100014,17-05-25,37,,Jaipur,Beauty,1,35625,15,446,8,30281.25,6247.92,3,1
SK100015,29-08-24,43,Male,Chennai,Furniture,2,7274,10,88,4,13093.2,2109.99,5,0
SK100016,06-04-25,63,Female,Bengaluru,Electronics,1,22570,10,283,2,20313,2816.98,3,0
SK100017,30-07-24,29,Female,Chennai,,3,3875,0,261,8,11625,2144.18,2,0
SK100018,07-11-24,19,Female,Chennai,Grocery,5,23322,15,565,1,99118.5,8829.62,5,1
SK100019,20-05-24,,Female,Mumbai,Sports,2,48994,25,,6,73491,10298.35,2,1
SK100020,04-01-24,62,Male,Pune,Grocery,3,28230,0,457,5,84690,9847.19,2,1
SK100021,28-09-24,42,Female,Jaipur,Furniture,5,30752,30,56,6,107632,16681.86,,1
SK100022,19-08-24,36,Male,Lucknow,Grocery,1,44036,15,484,4,37430.6,9845.93,5,1
SK100023,30-12-24,39,Male,Mumbai,Electronics,3,25005,5,583,2,71264.25,19884.53,1,1
SK100024,02-05-24,31,Female,Chennai,Sports,5,14514,0,184,5,72570,6518.45,4,1
SK100025,22-03-24,33,Female,Lucknow,Fashion,5,4758,40,493,7,14274,1296.53,3,0
SK100026,29-01-25,50,Male,Mumbai,Sports,4,14533,40,129,8,34879.2,5526.82,2,1
SK100027,13-05-24,53,Female,Lucknow,Fashion,2,5205,25,430,7,7807.5,1303.99,3,0
SK100028,14-05-24,38,Male,Lucknow,Grocery,4,42931,5,579,2,163137.8,35387.56,3,1
SK100029,06-01-25,,,Lucknow,Grocery,1,32367,5,144,2,30748.65,3804.71,4,1
SK100030,14-07-24,22,Male,Mumbai,Beauty,3,35820,20,144,7,85968,23462.89,1,1
SK100031,05-11-24,55,Male,Bengaluru,Electronics,3,10833,25,599,6,24374.25,2276.13,4,0
SK100032,08-03-25,53,Male,Hyderabad,Beauty,1,34626,15,124,6,29432.1,6587.8,2,1
SK100033,28-10-24,19,Male,Jaipur,Sports,4,33266,10,574,6,119757.6,24179.07,3,1
SK100034,02-01-25,58,Female,Lucknow,Fashion,2,44025,20,292,2,70440,3632.7,4,1
SK100035,01-08-24,33,Female,Mumbai,,2,8066,15,304,4,13712.2,2221.94,2,0
SK100036,30-05-25,43,Male,Pune,Grocery,3,13600,30,212,5,28560,5781.27,4,1
SK100037,02-06-24,64,Male,Delhi,Beauty,2,45650,30,235,5,63910,12960.35,3,1
SK100038,13-10-24,42,Female,Delhi,Fashion,1,912,25,124,7,684,30.5,5,0
SK100039,18-09-24,,Male,Delhi,Electronics,4,35756,30,,5,100116.8,24459.55,4,1
SK100040,26-04-24,37,Male,Chennai,Fashion,3,42960,20,472,2,103104,23669.61,1,1
SK100041,24-01-25,64,Male,Hyderabad,Fashion,1,18762,40,465,5,11257.2,2797.33,4,0
SK100042,01-03-24,26,Male,Delhi,Fashion,4,13293,10,320,4,47854.8,8354.68,2,1
SK100043,19-01-24,47,Female,Pune,Sports,3,23858,0,564,2,71574,6661.59,,1
SK100044,22-10-24,38,,Lucknow,Beauty,3,25206,25,54,4,56713.5,14630.23,3,1
SK100045,16-04-24,39,Female,Hyderabad,Furniture,1,49039,25,166,8,36779.25,9218.21,3,1
SK100046,31-07-24,18,Male,Bengaluru,Sports,3,44420,40,420,9,79956,20796.5,4,1
SK100047,11-05-25,28,Female,Chennai,Electronics,5,41174,30,525,3,144109,18998.11,3,1
SK100048,18-03-25,21,Male,Bengaluru,Beauty,3,27179,15,96,3,69306.45,14483.14,2,1
SK100049,03-08-24,,Female,Pune,Beauty,2,49340,30,357,5,69076,11675.46,1,1
SK100050,01-10-24,18,Female,Mumbai,Furniture,3,33751,25,320,3,75939.75,20217.08,4,1
SK100051,11-10-24,39,Female,Jaipur,Furniture,5,19917,30,86,10,69709.5,3757.31,1,1
SK100052,01-06-24,41,Female,Jaipur,Beauty,2,37725,0,528,6,75450,10607.36,1,1
SK100053,06-07-24,24,Male,Lucknow,,3,27438,40,526,1,49388.4,9933.67,4,1
SK100054,12-06-25,30,Female,Lucknow,Fashion,5,6143,10,117,5,27643.5,1772.61,3,0
SK100055,25-12-24,23,Male,Lucknow,Furniture,5,39384,15,490,6,167382,28529.17,2,1
SK100056,05-03-25,30,Female,Bengaluru,Sports,1,13734,10,177,7,12360.6,1939.26,1,0
SK100057,12-09-24,53,Female,Hyderabad,Electronics,5,31855,25,562,2,119456.25,22303.78,1,1
SK100058,13-01-24,27,Female,Delhi,Sports,5,36566,10,284,3,164547,24829.89,3,1
SK100059,20-03-24,,,Hyderabad,Fashion,3,9391,15,,10,23947.05,3799.61,3,1
SK100060,02-06-24,50,Female,Jaipur,Electronics,5,45480,0,425,1,227400,44295.9,2,1
SK100061,16-12-24,47,Female,Delhi,Fashion,3,22317,20,382,10,53560.8,4770.71,5,1
SK100062,31-05-24,19,Female,Delhi,Beauty,1,35604,40,554,3,21362.4,2333.82,5,0
SK100063,05-12-24,26,Male,Chennai,Sports,4,42210,25,445,9,126630,25035.96,4,1
SK100064,19-04-24,28,Female,Bengaluru,Electronics,1,22478,40,237,7,13486.8,1285.44,3,0
SK100065,12-01-24,56,Female,Lucknow,Furniture,1,16351,20,542,7,13080.8,2231.43,,0
SK100066,10-02-24,19,Male,Lucknow,Electronics,4,12385,30,543,9,34678,4017.85,1,1
SK100067,28-05-25,25,Male,Chennai,Sports,4,3802,10,250,9,13687.2,3427.8,4,1
SK100068,14-07-24,27,Female,Lucknow,Fashion,3,47215,0,341,5,141645,39888.76,1,1
SK100069,04-12-24,,Male,Hyderabad,Beauty,1,17659,30,253,2,12361.3,2280.12,3,0
SK100070,10-05-25,31,Female,Pune,Grocery,3,48274,5,209,5,137580.9,34015.9,4,1
SK100071,04-03-24,59,Female,Lucknow,,4,31243,10,113,1,112474.8,9717.81,3,1
SK100072,22-11-24,28,Male,Lucknow,Fashion,1,13786,5,123,3,13096.7,2587.89,3,0
SK100073,20-03-24,60,Male,Hyderabad,Fashion,3,20072,40,70,2,36129.6,9389.67,4,1
SK100074,09-05-25,37,,Hyderabad,Furniture,5,25482,5,146,4,121039.5,30679.92,5,1
SK100075,11-06-24,57,Male,Delhi,Sports,5,28988,20,95,4,115952,20277.07,4,1
SK100076,01-09-24,59,Female,Pune,Furniture,1,31730,30,486,1,22211,3511.99,2,1
SK100077,19-03-24,35,Female,Hyderabad,Sports,1,31599,25,404,8,23699.25,5511.17,4,1
SK100078,30-08-24,24,Female,Hyderabad,Grocery,2,11747,20,530,9,18795.2,2794.78,4,0
SK100079,26-01-24,,Male,Lucknow,Furniture,2,4134,15,,1,7027.8,1188.77,5,0
SK100080,08-11-24,37,Female,Mumbai,Sports,4,42326,5,111,7,160838.8,26610.01,5,1
SK100081,09-02-24,52,Male,Hyderabad,Grocery,1,30652,40,192,7,18391.2,1447.09,2,0
SK100082,04-01-25,22,Male,Delhi,Furniture,4,17531,40,168,6,42074.4,8273.21,1,1
SK100083,26-02-25,57,Male,Mumbai,Furniture,5,16702,30,309,4,58457,8170.76,5,1
SK100084,04-06-24,24,Male,Jaipur,Sports,2,784,25,255,2,1176,-34.69,2,0
SK100085,13-11-24,56,Female,Chennai,Beauty,1,49349,40,439,1,29609.4,4799.89,3,1
SK100086,22-07-24,43,Male,Hyderabad,Furniture,4,9507,40,582,4,22816.8,5194.52,4,1
SK100087,21-03-25,23,Male,Bengaluru,Beauty,4,8514,15,353,1,28947.6,6731.47,,1
SK100088,14-02-25,59,Male,Jaipur,Grocery,3,18685,40,182,3,33633,3288.56,4,1
SK100089,10-12-24,,,Mumbai,,1,33282,5,432,2,31617.9,5135.07,4,1
SK100090,12-08-24,26,Female,Lucknow,Beauty,5,37082,25,472,8,139057.5,26471.35,3,1
SK100091,08-06-24,36,Female,Delhi,Furniture,1,44692,25,222,5,33519,5702.27,2,1
SK100092,17-06-25,62,Female,Chennai,Sports,2,1648,30,418,1,2307.2,-2.06,2,0
SK100093,02-05-25,36,Female,Bengaluru,Beauty,2,11735,40,320,1,14082,1597.85,4,0
SK100094,11-06-25,27,Female,Jaipur,Fashion,2,10410,5,113,4,19779,2956.84,4,0
SK100095,13-03-25,47,Female,Hyderabad,Fashion,4,23844,10,278,1,85838.4,15388.54,4,1
SK100096,03-03-25,36,Female,Hyderabad,Grocery,4,46195,40,330,5,110868,5800.65,2,1
SK100097,12-11-24,49,Female,Delhi,Sports,5,25780,40,326,2,77340,21477.63,4,1
SK100098,21-11-24,64,Female,Jaipur,Beauty,4,10885,0,98,6,43540,5293.13,4,1
SK100099,07-09-24,,Male,Mumbai,Sports,4,34169,40,,9,82005.6,15495.91,5,1
SK100100,05-08-24,55,Female,Hyderabad,Furniture,1,39883,30,258,1,27918.1,5493.27,5,1
SK100101,07-06-25,36,Male,Mumbai,Sports,1,37379,30,564,3,26165.3,2499.6,3,0
SK100102,08-07-24,36,Male,Pune,Furniture,2,13887,15,431,2,23607.9,2324.25,1,0
SK100103,22-05-25,53,Female,Mumbai,Furniture,5,23018,30,59,1,80563,12080.69,1,1
SK100104,07-01-24,59,,Jaipur,Fashion,3,16195,20,407,1,38868,10609.13,4,1
SK100105,12-10-24,19,Male,Bengaluru,Electronics,1,891,0,392,9,891,-256.2,5,0
SK100106,23-11-24,22,Male,Bengaluru,Sports,5,33593,25,396,9,125973.75,15663.36,2,1
SK100107,06-05-25,24,Male,Chennai,,5,32206,15,236,3,136875.5,8440.18,4,1
SK100108,14-03-24,63,Female,Hyderabad,Sports,5,17398,20,280,4,69592,11415.66,2,1
SK100109,23-08-24,,Male,Delhi,Electronics,3,4511,40,299,8,8119.8,2070.18,,0
SK100110,06-08-24,40,Female,Hyderabad,Electronics,2,11184,5,454,10,21249.6,2058.69,2,0
SK100111,30-03-25,47,Female,Lucknow,Beauty,5,7713,20,472,7,30852,6217.29,2,1
SK100112,06-09-24,29,Female,Bengaluru,Grocery,3,19238,40,178,2,34628.4,7875.51,1,1
SK100113,07-01-25,21,Male,Pune,Fashion,3,40052,15,500,8,102132.6,21029.12,1,1
SK100114,24-04-25,33,Female,Lucknow,Fashion,2,43290,20,586,9,69264,7603.86,1,1
SK100115,11-07-24,29,Male,Mumbai,Grocery,3,20368,15,539,4,51938.4,3751.99,3,1
SK100116,23-01-25,23,Male,Mumbai,Furniture,2,37291,0,75,4,74582,8959.07,2,1
SK100117,31-10-24,60,Female,Mumbai,Electronics,3,715,40,343,1,1287,-173.52,5,0
SK100118,13-06-25,41,Male,Mumbai,Beauty,3,30288,20,458,6,72691.2,5909.88,5,1
SK100119,14-11-24,,,Hyderabad,Grocery,4,48206,5,,5,183182.8,53819.2,4,1
SK100120,14-03-25,24,Female,Hyderabad,Sports,3,7493,30,530,7,15735.3,1561.47,5,0
SK100121,23-09-24,57,Female,Pune,Sports,5,19728,10,211,4,88776,17622.44,3,1
SK100122,28-05-25,34,Female,Jaipur,Furniture,4,30718,40,389,6,73723.2,15446.8,2,1
SK100123,21-09-24,27,Female,Delhi,Furniture,2,7343,30,250,5,10280.2,2485.15,3,0
SK100124,04-05-25,63,Female,Pune,Grocery,1,6839,5,164,5,6497.05,897.5,3,0
SK100125,16-05-24,50,Male,Hyderabad,,3,6770,10,333,10,18279,1788.92,3,0
SK100126,16-11-24,48,Female,Hyderabad,Sports,4,35042,30,599,1,98117.6,8786.93,4,1
SK100127,28-09-24,29,Female,Delhi,Fashion,4,46797,30,194,4,131031.6,33355.3,2,1
SK100128,11-10-24,64,Female,Chennai,Grocery,2,28107,40,168,7,33728.4,2184.66,2,0
SK100129,08-06-25,,Female,Pune,Beauty,4,2647,10,113,5,9529.2,438.88,2,0
SK100130,01-12-24,25,Female,Hyderabad,Grocery,3,38327,40,393,4,68988.6,17606.94,1,1
SK100131,21-01-24,18,Male,Mumbai,Beauty,5,23973,10,343,10,107878.5,23978.21,,1
SK100132,30-07-24,38,Female,Lucknow,Electronics,3,11937,40,130,3,21486.6,3575.95,3,1
SK100133,04-12-24,53,Male,Hyderabad,Grocery,2,14127,25,424,3,21190.5,2931.2,2,0
SK100134,20-02-25,26,,Bengaluru,Beauty,2,47508,5,279,5,90265.2,9563.65,1,1
SK100135,20-01-24,36,Female,Pune,Sports,5,28060,0,484,1,140300,17563.41,1,1
SK100136,13-02-24,29,Female,Chennai,Furniture,1,35638,20,350,5,28510.4,1083.39,2,0
SK100137,21-01-25,35,Female,Jaipur,Fashion,3,14077,30,181,4,29561.7,4474.06,1,1
SK100138,02-01-24,59,Female,Delhi,Sports,2,21811,5,261,1,41440.9,5388.32,4,1
SK100139,11-05-24,,Female,Bengaluru,Fashion,1,12562,15,,6,10677.7,1863.83,4,0
SK100140,21-03-24,41,Female,Chennai,Furniture,5,25290,25,119,5,94837.5,11863.73,5,1
SK100141,24-09-24,52,Female,Delhi,Sports,3,43404,15,501,6,110680.2,31778.35,3,1
SK100142,07-09-24,26,Female,Delhi,Beauty,4,24233,20,396,6,77545.6,16445.12,2,1
SK100143,03-06-25,42,Female,Pune,,2,2756,10,521,6,4960.8,3.1,4,0
SK100144,21-06-25,46,Female,Pune,Electronics,4,49430,10,211,8,177948,19190.91,5,1
SK100145,22-05-24,18,Male,Mumbai,Beauty,2,44068,25,560,9,66102,14536.29,4,1
SK100146,17-05-25,32,Female,Mumbai,Beauty,4,3340,40,229,7,8016,1335.48,2,0
SK100147,22-08-24,25,Male,Mumbai,Grocery,2,49596,15,438,9,84313.2,23126.52,1,1
SK100148,15-02-25,57,Female,Hyderabad,Beauty,1,14108,30,187,5,9875.6,358.06,4,0
SK100149,20-06-24,,,Jaipur,Beauty,4,32842,0,578,6,131368,15190.85,1,1
SK100150,10-09-24,54,Female,Bengaluru,Grocery,2,18155,10,71,4,32679,4624.6,3,1
SK100151,16-10-24,20,Male,Mumbai,Sports,4,46835,15,153,5,159239,45624.52,3,1
SK100152,20-08-24,26,Female,Chennai,Grocery,5,3879,30,336,1,13576.5,678.71,5,0
SK100153,11-04-25,53,Male,Chennai,Fashion,1,12731,10,510,8,11457.9,505.96,,0
SK100154,13-11-24,50,Female,Jaipur,Beauty,1,34724,20,459,1,27779.2,4724.38,3,1
SK100155,13-03-24,57,Female,Bengaluru,Furniture,4,15220,10,257,3,54792,13677.14,1,1
SK100156,29-01-25,34,Female,Pune,Grocery,3,22087,20,510,10,53008.8,9757.04,3,1
SK100157,24-07-24,52,Male,Delhi,Beauty,4,46436,5,129,6,176456.8,27434.86,4,1
SK100158,28-02-24,60,Male,Jaipur,Grocery,3,43051,10,133,9,116237.7,27301.56,5,1
SK100159,27-01-24,,Male,Hyderabad,Beauty,1,9142,25,,8,6856.5,154.69,2,0
SK100160,02-02-24,50,Female,Chennai,Fashion,1,11857,5,67,2,11264.15,2312.81,4,0
SK100161,05-01-24,42,Female,Mumbai,,4,16421,5,277,5,62399.8,17144.45,5,1
SK100162,05-01-25,34,Male,Hyderabad,Beauty,5,5172,40,280,10,15516,1319.02,5,0
SK100163,18-06-24,47,Female,Mumbai,Fashion,3,37168,25,315,1,83628,3992.7,5,1
SK100164,20-01-25,43,,Lucknow,Sports,3,33443,30,328,3,70230.3,4617.1,5,1
SK100165,11-12-24,27,Male,Mumbai,Sports,5,41966,30,534,9,146881,43494.57,4,1
SK100166,27-02-24,52,Male,Lucknow,Fashion,2,28553,30,163,1,39974.2,4018.74,3,1
SK100167,01-10-24,59,Male,Pune,Sports,4,582,25,443,10,1746,-158.19,2,0
SK100168,31-03-24,36,Male,Jaipur,Grocery,1,11583,20,318,6,9266.4,1982.97,2,0
SK100169,14-05-25,,Male,Mumbai,Electronics,4,42548,15,341,1,144663.2,23301.76,2,1
SK100170,14-11-24,64,Female,Chennai,Grocery,4,25520,10,519,9,91872,20718.82,4,1
SK100171,28-05-25,39,Female,Pune,Beauty,5,21038,0,442,10,105190,23720.49,4,1
SK100172,03-11-24,43,Female,Chennai,Fashion,1,15861,10,509,7,14274.9,340.54,5,0
SK100173,22-02-25,60,Female,Bengaluru,Fashion,4,6413,30,240,5,17956.4,4964.48,3,1
SK100174,24-04-24,38,Female,Lucknow,Furniture,1,22147,30,334,9,15502.9,3770.83,4,1
SK100175,25-05-25,19,Male,Hyderabad,Electronics,3,39209,30,443,3,82338.9,9386.25,,1
SK100176,15-05-24,23,Male,Lucknow,Fashion,3,33156,30,588,3,69627.6,5626.13,4,1
SK100177,25-06-24,64,Female,Hyderabad,Sports,5,28653,30,64,8,100285.5,6211.89,3,1
SK100178,27-10-24,43,Female,Pune,Sports,3,32707,15,557,9,83402.85,10577.24,2,1
SK100179,09-04-25,,,Lucknow,,2,35010,10,,5,63018,18258.13,1,1
SK100180,20-05-25,55,Female,Pune,Beauty,3,14251,40,327,8,25651.8,1179.39,5,0
SK100181,28-02-24,45,Female,Delhi,Sports,4,33853,5,524,2,128641.4,30353.95,4,1
SK100182,15-09-24,32,Female,Lucknow,Beauty,1,2810,30,340,4,1967,-26.4,3,0
SK100183,02-03-25,63,Female,Bengaluru,Electronics,5,42916,10,559,3,193122,39485.89,5,1
SK100184,01-03-24,60,Male,Lucknow,Furniture,2,30233,25,99,1,45349.5,3897.22,3,1
SK100185,02-03-25,63,Male,Lucknow,Beauty,2,13884,0,578,2,27768,1630.73,4,0
SK100186,19-04-24,31,Female,Bengaluru,Fashion,2,25114,40,511,5,30136.8,1068.78,2,0
SK100187,15-06-25,43,Male,Hyderabad,Furniture,1,29959,15,105,7,25465.15,2289.09,5,0
SK100188,28-09-24,32,Male,Chennai,Sports,3,37046,10,594,8,100024.2,26240.4,1,1
SK100189,01-03-24,,Female,Pune,Sports,2,17225,25,157,3,25837.5,7045.4,4,1
SK100190,12-08-24,24,Female,Bengaluru,Furniture,1,39836,40,554,10,23901.6,2010.28,4,0
SK100191,18-12-24,34,Male,Mumbai,Grocery,5,27602,10,62,1,124209,14976.36,4,1
SK100192,19-05-24,44,Male,Chennai,Furniture,3,27965,40,376,6,50337,7379.75,4,1
SK100193,27-10-24,55,Male,Lucknow,Electronics,1,22298,5,195,7,21183.1,5677.06,1,1
SK100194,02-04-24,48,,Chennai,Electronics,4,24056,20,428,9,76979.2,20225.58,3,1
SK100195,03-04-24,42,Male,Lucknow,Furniture,1,23237,0,304,9,23237,6180.01,5,1
SK100196,31-05-25,31,Female,Hyderabad,Electronics,5,43161,0,342,7,215805,10703.3,2,1
SK100197,19-09-24,29,Male,Hyderabad,,2,34468,5,593,2,65489.2,18167.76,,1
SK100198,27-05-25,56,Female,Jaipur,Furniture,2,13101,10,50,5,23581.8,1789.72,1,0
SK100199,10-02-24,,Female,Pune,Furniture,3,26581,0,,9,79743,19411.77,2,1
SK100200,14-11-24,56,Female,Hyderabad,Beauty,3,32800,15,553,5,83640,18923.21,1,1
SK100201,04-02-24,18,Female,Chennai,Grocery,2,16096,25,266,7,24144,2647.14,2,0
SK100202,17-04-25,49,Male,Mumbai,Fashion,3,6752,30,574,8,14179.2,3067.64,2,1
SK100203,12-06-25,25,Female,Hyderabad,Fashion,4,26757,10,499,3,96325.2,16563.28,5,1
SK100204,29-02-24,33,Male,Jaipur,Beauty,1,47999,0,60,2,47999,13352.69,2,1
SK100205,05-01-24,32,Male,Pune,Electronics,4,10239,15,373,8,34812.6,3672.28,2,1
SK100206,03-08-24,48,Female,Chennai,Furniture,2,25853,5,96,3,49120.7,13145.94,5,1
SK100207,29-07-24,57,Male,Bengaluru,Electronics,4,8881,20,127,8,28419.2,2512.33,2,0
SK100208,18-02-25,28,Male,Delhi,Grocery,3,15782,40,133,3,28407.6,1731.14,1,0
SK100209,20-08-24,,,Hyderabad,Sports,5,27351,25,191,3,102566.25,11664.78,4,1
SK100210,20-06-25,28,Male,Jaipur,Electronics,4,41173,20,484,1,131753.6,22797.29,5,1
SK100211,25-04-24,39,Male,Chennai,Fashion,4,46287,5,458,3,175890.6,9670,2,1
SK100212,28-11-24,34,Male,Bengaluru,Fashion,5,33477,5,454,3,159015.75,25113.96,4,1
SK100213,16-01-24,59,Female,Delhi,Furniture,2,15405,15,460,7,26188.5,6544.4,2,1
SK100214,21-05-25,58,Male,Mumbai,Furniture,2,46229,25,307,9,69343.5,10104.62,4,1
SK100215,02-02-25,41,Female,Pune,,1,10219,40,218,10,6131.4,988.45,4,0
SK100216,08-01-24,22,Male,Mumbai,Beauty,5,5213,15,376,4,22155.25,3883.46,1,1
SK100217,19-05-25,46,Female,Delhi,Grocery,3,2333,30,350,10,4899.3,328.28,3,0
SK100218,13-03-25,48,Female,Hyderabad,Electronics,5,4114,30,371,5,14399,3525.17,2,1
SK100219,14-07-24,,Male,Mumbai,Electronics,2,18265,15,,6,31050.5,7457.3,,1
SK100220,23-02-25,53,Female,Mumbai,Beauty,5,39867,0,102,10,199335,59109.89,4,1
SK100221,17-05-24,47,Male,Mumbai,Sports,3,27222,25,159,5,61249.5,4123.26,3,1
SK100222,20-06-24,19,Female,Lucknow,Sports,1,32763,15,437,1,27848.55,1366.98,3,0
SK100223,19-01-24,51,Female,Pune,Beauty,3,8671,30,450,2,18209.1,3343.49,2,1
SK100224,10-03-25,39,,Pune,Sports,1,43152,5,244,6,40994.4,2411.7,2,0
SK100225,31-03-24,22,Male,Mumbai,Fashion,2,27750,30,300,2,38850,8618.59,2,1
SK100226,16-11-24,26,Male,Pune,Furniture,1,21360,20,326,6,17088,3119.69,4,1
SK100227,29-06-24,18,Female,Lucknow,Furniture,5,49228,10,539,7,221526,23008.79,2,1
SK100228,31-03-25,30,Female,Bengaluru,Grocery,5,12212,15,230,5,51901,5479.73,3,1
SK100229,19-05-25,,Male,Jaipur,Furniture,4,47396,25,465,4,142188,24297.12,4,1
SK100230,11-10-24,45,Female,Delhi,Sports,4,17119,25,330,3,51357,7481.72,3,1
SK100231,27-11-24,53,Female,Bengaluru,Furniture,4,33262,0,267,7,133048,9919.13,1,1
SK100232,09-04-25,44,Male,Hyderabad,Fashion,5,48512,10,401,5,218304,31848.18,1,1
SK100233,20-06-24,35,Female,Bengaluru,,5,6530,0,405,6,32650,6120.83,2,1
SK100234,12-03-24,40,Male,Chennai,Furniture,2,40587,40,324,6,48704.4,9203.1,5,1
SK100235,10-03-25,31,Male,Lucknow,Fashion,4,28054,20,302,1,89772.8,11212.69,4,1
SK100236,18-02-25,29,Male,Lucknow,Sports,1,18347,40,185,3,11008.2,1645.56,5,0
SK100237,11-10-24,39,Male,Bengaluru,Sports,2,5466,10,143,3,9838.8,2545.21,1,0
SK100238,07-06-24,59,Female,Chennai,Grocery,5,32889,20,257,1,131556,35797.91,3,1
SK100239,31-05-24,,,Lucknow,Fashion,2,3723,15,,9,6329.1,1350.6,1,0
SK100240,21-11-24,58,Female,Jaipur,Electronics,2,6394,10,416,1,11509.2,1642.66,4,0
SK100241,01-07-24,27,Male,Hyderabad,Sports,2,28685,5,127,8,54501.5,11305.57,,1
SK100242,06-09-24,45,Female,Bengaluru,Electronics,1,13830,10,193,3,12447,1158.91,2,0
SK100243,25-05-25,54,Female,Lucknow,Sports,1,29241,25,485,3,21930.75,4290.35,1,1
SK100244,05-06-24,65,Male,Mumbai,Fashion,1,5144,5,381,9,4886.8,739.59,3,0
SK100245,05-03-25,59,Male,Lucknow,Furniture,2,23436,10,388,6,42184.8,9670.93,2,1
SK100246,12-08-24,56,Female,Chennai,Furniture,5,35744,20,113,7,142976,21137.74,1,1
SK100247,09-02-24,44,Male,Hyderabad,Fashion,3,37536,25,131,4,84456,17858.53,1,1
SK100248,22-06-25,20,Female,Hyderabad,Fashion,5,29417,5,283,1,139730.75,21549.2,3,1
SK100249,30-03-24,,Male,Lucknow,Sports,3,40252,25,429,4,90567,14376.38,3,1
SK100250,20-05-25,64,Male,Mumbai,Furniture,4,47182,15,519,7,160418.8,11818.09,5,1
SK100251,03-01-25,28,Female,Chennai,,2,9413,5,458,9,17884.7,3491.14,4,1
SK100252,07-06-25,48,Female,Delhi,Furniture,2,17578,5,75,1,33398.2,6577.28,1,1
SK100253,29-04-25,62,Male,Hyderabad,Electronics,5,40063,30,296,2,140220.5,17405.16,2,1
SK100254,14-06-25,31,,Pune,Grocery,2,4343,0,271,4,8686,1527.53,2,0
SK100255,05-04-24,28,Male,Mumbai,Fashion,2,44878,5,542,1,85268.2,21506.74,3,1
SK100256,25-11-24,52,Female,Mumbai,Furniture,5,8859,0,242,3,44295,7340.32,1,1
SK100257,14-02-24,20,Female,Chennai,Furniture,2,38250,15,154,8,65025,6104.32,2,1
SK100258,03-03-25,21,Female,Hyderabad,Fashion,5,21901,10,589,7,98554.5,9437.5,1,1
SK100259,12-07-24,,Male,Lucknow,Electronics,3,7106,10,,5,19186.2,2184.53,5,0
SK100260,24-09-24,24,Female,Pune,Grocery,5,12792,40,310,7,38376,9155.44,3,1
SK100261,24-08-24,48,Male,Mumbai,Fashion,1,41893,20,273,8,33514.4,6462.62,3,1
SK100262,16-03-25,39,Female,Lucknow,Sports,3,13943,25,472,1,31371.75,8280.93,1,1
SK100263,16-06-25,48,Male,Chennai,Grocery,4,21646,5,357,8,82254.8,14166.84,,1
SK100264,25-05-25,35,Female,Hyderabad,Furniture,1,16202,0,249,2,16202,1707.46,4,0
SK100265,23-02-25,21,Male,Mumbai,Fashion,3,47027,5,160,1,134026.95,21114.64,1,1
SK100266,10-09-24,65,Female,Bengaluru,Furniture,4,49347,20,263,8,157910.4,43943.5,5,1
SK100267,03-03-25,31,Male,Hyderabad,Beauty,4,4841,5,72,7,18395.8,1833.23,1,0
SK100268,31-05-24,54,Male,Jaipur,Furniture,4,22756,20,262,4,72819.2,8928.84,5,1
SK100269,31-05-25,,,Bengaluru,,1,45220,10,257,9,40698,9143.24,1,1
SK100270,24-03-25,57,Female,Pune,Fashion,4,37627,40,279,7,90304.8,9837.17,1,1
SK100271,15-06-25,38,Female,Jaipur,Fashion,5,44877,5,59,3,213165.75,13990.17,4,1
SK100272,20-03-25,48,Male,Mumbai,Electronics,3,34560,30,449,3,72576,3938.64,4,1
SK100273,26-03-25,34,Female,Pune,Grocery,3,6356,0,314,1,19068,4840.34,1,1
SK100274,05-04-24,47,Female,Jaipur,Beauty,4,20727,40,191,10,49744.8,5162.33,4,1
SK100275,07-09-24,49,Female,Pune,Sports,4,47044,25,275,2,141132,33197.49,2,1
SK100276,06-01-24,55,Female,Pune,Grocery,1,26150,30,439,2,18305,1263.56,5,0
SK100277,28-01-24,43,Female,Bengaluru,Electronics,1,43041,20,144,2,34432.8,7700.15,4,1
SK100278,15-09-24,37,Male,Jaipur,Electronics,5,42887,20,472,3,171548,43306.87,1,1
SK100279,23-07-24,,Female,Lucknow,Furniture,5,15623,25,,7,58586.25,15570.98,5,1
SK100280,06-06-25,18,Female,Hyderabad,Grocery,5,49651,20,58,10,198604,17780.52,3,1
SK100281,09-05-24,54,Female,Lucknow,Furniture,5,24218,10,216,7,108981,23766.26,1,1
SK100282,29-11-24,56,Female,Bengaluru,Sports,5,21396,15,64,10,90933,13902.06,2,1
SK100283,22-10-24,48,Female,Hyderabad,Electronics,1,39095,25,94,7,29321.25,1499.93,5,0
SK100284,15-10-24,55,,Delhi,Grocery,5,13196,10,186,8,59382,7400.79,4,1
SK100285,28-03-25,27,Male,Hyderabad,Fashion,1,3481,20,363,7,2784.8,80.68,,0
SK100286,24-04-25,36,Female,Pune,Sports,5,48294,25,582,8,181102.5,15940.21,4,1
SK100287,08-05-25,25,Female,Pune,,3,23113,40,105,8,41603.4,7278.85,3,1
SK100288,15-08-24,43,Male,Jaipur,Furniture,4,45811,15,287,6,155757.4,34422.7,3,1
SK100289,17-06-24,,Male,Jaipur,Sports,2,5907,15,430,10,10041.9,2462.81,2,0
SK100290,24-10-24,40,Female,Delhi,Grocery,3,36895,25,367,4,83013.75,20388.39,5,1
SK100291,29-03-25,27,Female,Bengaluru,Electronics,4,28032,5,504,6,106521.6,30076.87,5,1
SK100292,19-03-25,20,Female,Chennai,Sports,3,47454,10,322,1,128125.8,19451,5,1
SK100293,30-05-25,45,Female,Mumbai,Beauty,4,14699,30,238,10,41157.2,9699.04,5,1
SK100294,05-08-24,63,Male,Lucknow,Electronics,3,48390,15,426,4,123394.5,26542.11,2,1
SK100295,13-02-25,45,Male,Bengaluru,Furniture,3,46578,10,599,8,125760.6,24586.22,1,1
SK100296,12-01-24,49,Female,Bengaluru,Fashion,4,21068,40,183,7,50563.2,11203.51,1,1
SK100297,04-04-24,53,Female,Delhi,Electronics,1,12663,25,354,3,9497.25,2264.73,5,0
SK100298,28-09-24,28,Male,Bengaluru,Fashion,2,21749,25,399,4,32623.5,2723.76,1,0
SK100299,01-06-24,,,Jaipur,Electronics,5,20208,5,,1,95988,6445.68,5,1
SK100300,02-06-24,58,Female,Lucknow,Furniture,4,22994,5,345,6,87377.2,12988.83,1,1
SK100301,16-05-25,40,Female,Jaipur,Sports,3,15368,15,471,2,39188.4,10366.12,5,1
SK100302,25-05-25,61,Female,Pune,Furniture,4,28396,20,446,3,90867.2,21824.26,3,1
SK100303,03-02-24,51,Male,Lucknow,Beauty,3,37564,5,154,2,107057.4,21337.47,4,1
SK100304,02-07-24,65,Female,Hyderabad,Beauty,4,40399,30,98,8,113117.2,24047.27,1,1
SK100305,09-09-24,20,Female,Hyderabad,,3,37810,0,466,8,113430,19695.16,1,1
SK100306,02-03-25,37,Female,Delhi,Sports,1,46758,25,471,7,35068.5,6981.75,1,1
SK100307,13-04-24,62,Female,Bengaluru,Sports,1,49609,5,205,7,47128.55,2877.86,,0
SK100308,12-05-24,42,Female,Hyderabad,Fashion,1,34738,15,136,5,29527.3,5832.84,1,1
SK100309,20-07-24,,Female,Lucknow,Beauty,3,37468,10,470,4,101163.6,19739.64,5,1
SK100310,03-07-24,37,Female,Delhi,Fashion,1,1840,15,68,7,1564,301.92,4,0
SK100311,21-08-24,23,Male,Jaipur,Fashion,1,14073,10,408,5,12665.7,2582.05,5,0
SK100312,29-01-25,22,Female,Jaipur,Furniture,5,46360,15,549,10,197030,33100.34,1,1
SK100313,19-06-25,44,Male,Delhi,Electronics,2,43033,30,254,5,60246.2,10039.46,3,1
SK100314,16-02-25,48,,Pune,Beauty,4,47798,5,424,2,181632.4,42599.8,3,1
SK100315,07-05-24,47,Male,Delhi,Grocery,4,17592,25,188,7,52776,13209.45,1,1
SK100316,23-08-24,34,Female,Jaipur,Beauty,3,16476,20,52,7,39542.4,4484.91,1,1
SK100317,11-02-24,65,Male,Chennai,Fashion,4,36632,5,168,2,139201.6,28216.18,3,1
SK100318,06-11-24,28,Female,Bengaluru,Grocery,1,30711,10,239,9,27639.9,1879.84,4,0
SK100319,23-12-24,,Female,Hyderabad,Grocery,1,46639,15,,6,39643.15,1815.86,5,0
SK100320,10-05-25,44,Male,Delhi,Sports,2,17882,10,430,2,32187.6,7235.06,5,1
SK100321,22-02-25,19,Male,Jaipur,Beauty,4,13784,10,412,2,49622.4,12763.28,2,1
SK100322,02-02-25,56,Female,Chennai,Grocery,1,46441,20,138,8,37152.8,4759.29,2,1
SK100323,22-12-24,28,Female,Delhi,,4,19114,10,520,9,68810.4,14778.31,4,1
SK100324,09-02-24,22,Female,Mumbai,Fashion,5,9370,30,68,3,32795,7660.42,1,1
SK100325,04-06-24,27,Male,Mumbai,Fashion,5,40104,20,68,2,160416,20423.22,4,1
SK100326,31-08-24,65,Male,Mumbai,Beauty,5,23595,15,433,3,100278.75,11797.29,1,1
SK100327,08-01-24,56,Female,Bengaluru,Fashion,5,12843,10,326,1,57793.5,4443.96,2,1
SK100328,22-06-25,64,Male,Lucknow,Furniture,1,775,30,359,2,542.5,-198.24,4,0
SK100329,07-05-25,,,Lucknow,Beauty,4,21514,0,526,6,86056,20955.6,,1
SK100330,14-06-24,47,Male,Pune,Electronics,3,13186,20,171,6,31646.4,1431.77,4,0
SK100331,24-06-24,52,Male,Lucknow,Fashion,5,47239,5,281,6,224385.25,40920.78,5,1
SK100332,04-05-24,50,Male,Mumbai,Sports,3,24119,10,383,10,65121.3,18951.19,2,1
SK100333,17-03-25,32,Female,Bengaluru,Grocery,4,1790,0,133,7,7160,1920.67,4,0
SK100334,15-05-25,62,Female,Jaipur,Fashion,3,16107,10,550,2,43488.9,3879.32,3,1
SK100335,07-04-25,34,Male,Hyderabad,Sports,3,45708,20,179,8,109699.2,29894.74,1,1
SK100336,22-03-24,20,Female,Jaipur,Furniture,1,13229,15,482,10,11244.65,901.21,2,0
SK100337,22-06-25,40,Female,Jaipur,Sports,4,21779,10,391,3,78404.4,7018.59,2,1
SK100338,13-09-24,28,Female,Hyderabad,Furniture,2,37117,15,392,4,63098.9,13861.88,5,1
SK100339,30-05-25,,Male,Delhi,Electronics,5,35488,5,,9,168568,25163.52,3,1
SK100340,26-05-24,64,Female,Jaipur,Furniture,3,28093,40,577,3,50567.4,9498.89,5,1
SK100341,21-05-25,50,Female,Delhi,,2,30160,0,436,1,60320,15579.79,3,1
SK100342,05-03-25,54,Female,Pune,Electronics,1,17552,40,585,8,10531.2,592.07,2,0
SK100343,13-11-24,38,Male,Mumbai,Furniture,1,33523,40,207,6,20113.8,1162.8,3,0
SK100344,19-01-24,55,,Lucknow,Grocery,1,40016,15,108,2,34013.6,3189.44,5,1
SK100345,08-08-24,54,Female,Bengaluru,Furniture,2,12961,15,393,8,22033.7,4133.18,3,1
SK100346,30-07-24,50,Male,Delhi,Furniture,5,21903,30,445,8,76660.5,18137.96,3,1
SK100347,04-06-25,35,Male,Bengaluru,Electronics,4,21565,25,532,8,64695,10826.71,2,1
SK100348,12-02-24,19,Female,Mumbai,Furniture,3,6522,5,149,2,18587.7,4374.49,1,1
SK100349,22-03-25,,Female,Pune,Beauty,3,30829,25,137,7,69365.25,12255.12,2,1
SK100350,10-04-25,61,Male,Pune,Furniture,5,34853,40,549,6,104559,30649.21,2,1
SK100351,16-02-24,20,Female,Delhi,Electronics,3,25579,30,285,5,53715.9,13544.41,,1
SK100352,21-02-24,65,Female,Chennai,Grocery,1,8175,30,300,6,5722.5,317.37,4,0
SK100353,05-11-24,24,Male,Chennai,Sports,1,23425,25,154,1,17568.75,1118.28,3,0
SK100354,08-11-24,64,Female,Hyderabad,Fashion,2,16687,0,261,5,33374,9357.58,1,1
SK100355,01-10-24,48,Female,Delhi,Fashion,5,9335,20,556,3,37340,6498.04,1,1
SK100356,14-06-25,55,Male,Bengaluru,Grocery,2,6496,25,227,1,9744,564.54,1,0
SK100357,06-07-24,24,Male,Mumbai,Grocery,3,49793,10,120,1,134441.1,31912.53,5,1
SK100358,04-01-25,27,Male,Mumbai,Fashion,3,17830,0,284,4,53490,15636.64,3,1
SK100359,17-02-25,,,Lucknow,,5,7654,20,,5,30616,7981.16,1,1
SK100360,31-01-24,33,Female,Jaipur,Fashion,4,39435,30,533,3,110418,10816.37,3,1
SK100361,19-04-25,28,Female,Lucknow,Fashion,1,22740,10,274,5,20466,1515.72,4,0
SK100362,18-01-24,26,Male,Mumbai,Grocery,4,43331,15,546,1,147325.4,41709.12,3,1
SK100363,15-06-24,53,Female,Pune,Electronics,2,22811,10,272,6,41059.8,8229.72,1,1
SK100364,25-09-24,65,Female,Delhi,Beauty,4,15004,40,537,3,36009.6,10244.7,5,1
SK100365,23-01-25,49,Female,Lucknow,Electronics,2,10364,25,540,8,15546,890.2,4,0
SK100366,18-02-24,47,Female,Mumbai,Electronics,1,20404,15,302,9,17343.4,4747.56,3,1
SK100367,17-09-24,55,Female,Mumbai,Beauty,2,3110,40,211,6,3732,198.69,2,0
SK100368,28-01-24,20,Female,Delhi,Beauty,1,4626,40,469,10,2775.6,194.53,5,0
SK100369,18-02-25,,Female,Chennai,Grocery,2,7704,10,495,10,13867.2,1348.13,4,0
SK100370,10-09-24,37,Male,Pune,Beauty,2,44249,10,530,9,79648.2,7017.34,3,1
SK100371,01-02-24,48,Male,Lucknow,Electronics,1,47022,15,256,2,39968.7,10841.46,4,1
SK100372,12-01-25,23,Female,Mumbai,Electronics,5,48079,40,585,8,144237,35350.92,1,1
SK100373,27-04-24,30,Male,Chennai,Furniture,4,6056,25,280,8,18168,1583.41,,0
SK100374,19-05-24,23,,Chennai,Sports,1,25738,0,137,1,25738,3805.22,3,1
SK100375,04-02-24,53,Male,Jaipur,Electronics,2,26279,10,148,4,47302.2,10925.46,2,1
SK100376,18-01-24,19,Male,Jaipur,Fashion,2,623,10,67,2,1121.4,59.37,2,0
SK100377,26-06-24,20,Male,Pune,,5,8531,5,455,7,40522.25,9763.1,2,1
SK100378,01-06-25,60,Female,Chennai,Fashion,2,16461,20,344,2,26337.6,2929.67,2,0
SK100379,26-10-24,,Female,Hyderabad,Grocery,5,6905,15,,2,29346.25,8086.96,4,1
SK100380,12-01-24,36,Female,Chennai,Fashion,4,45690,30,131,5,127932,32115.98,2,1
SK100381,15-06-24,51,Male,Hyderabad,Beauty,4,27399,30,59,6,76717.2,13297.49,1,1
SK100382,18-12-24,32,Female,Pune,Electronics,1,16614,40,393,6,9968.4,997.64,5,0
SK100383,30-05-25,35,Female,Bengaluru,Grocery,4,37546,20,127,1,120147.2,31071.46,2,1
SK100384,12-02-24,65,Female,Mumbai,Beauty,5,3369,15,561,2,14318.25,967.82,4,0
SK100385,05-09-24,51,Female,Hyderabad,Grocery,2,36088,25,58,8,54132,12200.39,4,1
SK100386,06-03-25,33,Female,Delhi,Furniture,4,25281,15,538,3,85955.4,22932.28,5,1
SK100387,22-06-24,61,Male,Bengaluru,Electronics,5,20419,40,228,7,61257,6246.25,5,1
SK100388,19-03-24,58,Female,Delhi,Fashion,1,49944,30,501,1,34960.8,2337.89,3,0
SK100389,05-01-24,,,Delhi,Electronics,4,27814,30,299,4,77879.2,15451.62,5,1
SK100390,08-12-24,35,Male,Mumbai,Beauty,2,27118,5,172,4,51524.2,13852.29,1,1
SK100391,06-08-24,34,Female,Bengaluru,Sports,2,39948,5,321,5,75901.2,4901.88,2,1
SK100392,23-10-24,58,Male,Lucknow,Sports,1,44781,20,528,10,35824.8,1876.67,5,0
SK100393,07-12-24,18,Female,Pune,Grocery,2,8907,0,62,2,17814,2125.1,1,0
SK100394,13-03-25,44,Female,Hyderabad,Beauty,1,17054,10,398,1,15348.6,3829.53,1,1
SK100395,10-11-24,61,Female,Lucknow,,3,45963,20,246,8,110311.2,10375.2,,1
SK100396,18-11-24,21,Female,Bengaluru,Furniture,5,19195,40,266,6,57585,15674.27,5,1
SK100397,19-05-24,38,Male,Delhi,Sports,5,10761,10,82,2,48424.5,12548.53,1,1
SK100398,30-04-24,43,Male,Delhi,Electronics,5,24604,40,253,3,73812,10819.76,1,1
SK100399,16-06-25,,Male,Mumbai,Grocery,5,49187,25,,1,184451.25,47786.63,5,1
SK100400,21-01-25,59,Male,Jaipur,Electronics,3,20527,10,316,4,55422.9,14180.65,2,1
SK100401,20-12-24,43,Male,Pune,Grocery,3,44516,20,388,10,106838.4,18183.52,4,1
SK100402,15-11-24,56,Female,Delhi,Grocery,2,15987,15,158,8,27177.9,4681.84,3,1
SK100403,15-04-24,55,Female,Delhi,Furniture,4,10142,40,62,6,24340.8,4587.01,4,1
SK100404,01-05-24,40,,Bengaluru,Electronics,2,5187,10,469,8,9336.6,1926.33,1,0
SK100405,31-07-24,26,Female,Hyderabad,Electronics,4,31049,10,469,5,111776.4,12785,2,1
SK100406,25-02-24,21,Female,Jaipur,Grocery,5,20226,10,93,7,91017,25793.93,5,1
SK100407,29-05-25,60,Female,Hyderabad,Sports,3,26511,0,426,5,79533,11690.4,5,1
SK100408,23-11-24,39,Male,Pune,Electronics,4,22364,25,565,6,67092,8896.64,4,1
SK100409,07-05-25,,Male,Delhi,Sports,2,5195,25,404,2,7792.5,49.8,3,0
SK100410,03-04-24,31,Female,Chennai,Beauty,4,5508,25,237,2,16524,1750.75,1,0
SK100411,03-01-24,51,Female,Jaipur,Electronics,4,18475,30,343,5,51730,14981.31,2,1
SK100412,20-09-24,60,Female,Pune,Sports,3,30373,25,73,1,68339.25,14128.02,2,1
SK100413,19-09-24,42,Female,Jaipur,,2,24861,0,329,6,49722,9709.19,4,1
SK100414,23-01-24,57,Female,Bengaluru,Sports,4,32023,0,547,3,128092,13183.14,4,1
SK100415,07-07-24,55,Female,Lucknow,Beauty,2,23229,40,238,3,27874.8,5583.79,3,1
SK100416,08-05-24,62,Male,Hyderabad,Sports,1,46742,10,294,8,42067.8,4793.34,2,1
SK100417,16-06-25,28,Female,Hyderabad,Grocery,2,10477,40,475,7,12572.4,2394.63,,0
SK100418,09-07-24,25,Male,Mumbai,Grocery,5,2051,5,336,10,9742.25,675.16,1,0
SK100419,06-07-24,,,Mumbai,Electronics,1,30455,40,,6,18273,4091.69,3,1
SK100420,26-04-25,39,Male,Delhi,Furniture,4,5149,25,306,5,15447,4070.29,4,1
SK100421,02-01-25,34,Male,Bengaluru,Fashion,4,1293,20,487,5,4137.6,577.12,1,0
SK100422,01-12-24,24,Male,Bengaluru,Grocery,4,31375,30,389,6,87850,20041.46,4,1
SK100423,25-01-25,36,Male,Pune,Fashion,2,21390,40,288,2,25668,4641.6,1,1
SK100424,19-06-25,60,Male,Lucknow,Electronics,2,42545,5,192,4,80835.5,23410.07,3,1
SK100425,24-09-24,29,Male,Delhi,Furniture,1,40075,30,255,9,28052.5,4741.63,1,1
SK100426,28-05-25,63,Female,Pune,Fashion,4,26165,0,74,10,104660,9779.76,5,1
SK100427,18-08-24,50,Female,Pune,Grocery,1,35065,25,151,10,26298.75,5847.66,4,1
SK100428,09-01-24,35,Male,Lucknow,Furniture,2,7482,30,485,6,10474.8,860.76,3,0
SK100429,31-05-25,,Female,Delhi,Sports,1,11275,5,421,1,10711.25,2008.01,4,0
SK100430,08-07-24,42,Female,Jaipur,Fashion,2,25938,10,172,9,46688.4,13500.94,5,1
SK100431,10-08-24,18,Male,Pune,,4,7881,10,289,7,28371.6,1919.32,2,0
SK100432,29-01-24,43,Female,Delhi,Sports,2,31956,10,600,9,57520.8,12915.08,5,1
SK100433,23-07-24,38,Female,Delhi,Furniture,4,9440,10,50,9,33984,3927.45,5,1
SK100434,13-11-24,56,,Delhi,Furniture,2,4753,15,210,7,8080.1,2062.24,2,0
SK100435,15-11-24,34,Male,Lucknow,Furniture,3,19240,25,486,4,43290,11507.17,3,1
SK100436,24-05-25,51,Male,Mumbai,Grocery,3,33747,40,147,2,60744.6,16179.99,2,1
SK100437,09-02-24,22,Male,Pune,Fashion,1,46301,25,429,2,34725.75,6075.98,1,1
SK100438,17-01-25,55,Male,Bengaluru,Fashion,5,44307,15,534,1,188304.75,52613.7,3,1
SK100439,29-01-25,,Male,Jaipur,Furniture,5,13406,30,,10,46921,8102.96,,1
SK100440,09-01-24,37,Female,Jaipur,Beauty,4,25956,0,478,3,103824,16145.92,4,1
SK100441,14-02-25,54,Female,Lucknow,Sports,1,1808,0,391,2,1808,-242.07,4,0
SK100442,25-01-25,44,Male,Delhi,Fashion,5,41987,40,231,1,125961,20644.33,5,1
SK100443,07-08-24,27,Male,Lucknow,Grocery,5,8485,0,322,8,42425,12271.7,4,1
SK100444,15-01-24,50,Female,Bengaluru,Beauty,5,42858,15,336,8,182146.5,53763.31,5,1
SK100445,01-06-25,59,Female,Hyderabad,Electronics,4,9022,15,315,7,30674.8,4956.35,3,1
SK100446,03-11-24,31,Male,Chennai,Sports,4,1280,5,411,6,4864,644.37,1,0
SK100447,21-07-24,31,Male,Bengaluru,Furniture,4,46320,0,204,8,185280,30118.36,5,1
SK100448,13-10-24,18,Male,Lucknow,Grocery,5,40605,15,87,6,172571.25,49430.95,1,1
SK100449,01-08-24,,,Lucknow,,4,37828,25,507,6,113484,28540.83,1,1
SK100450,09-04-25,19,Male,Mumbai,Grocery,4,18223,25,524,3,54669,2745.04,1,0
SK100451,15-08-24,55,Male,Delhi,Beauty,4,15038,10,461,4,54136.8,7403.38,4,1
SK100452,17-03-24,54,Male,Pune,Grocery,3,14960,25,259,8,33660,3902.22,3,1
SK100453,09-05-25,22,Female,Delhi,Furniture,5,34069,10,256,1,153310.5,14348.43,3,1
SK100454,13-03-25,60,Male,Chennai,Beauty,5,13866,25,381,3,51997.5,6568.83,2,1
SK100455,07-05-24,43,Male,Chennai,Sports,4,43136,0,417,7,172544,33811.65,1,1
SK100456,12-02-24,22,Male,Bengaluru,Electronics,5,28439,20,379,9,113756,13900.15,2,1
SK100457,15-05-24,56,Male,Pune,Sports,2,6388,30,97,8,8943.2,1873.57,5,0
SK100458,24-03-24,44,Male,Lucknow,Beauty,5,41783,20,471,3,167132,42631.14,3,1
SK100459,26-07-24,,Female,Lucknow,Electronics,4,17734,0,,8,70936,14626.51,5,1
SK100460,01-08-24,59,Female,Delhi,Sports,2,43715,15,590,9,74315.5,8679.55,2,1
SK100461,02-11-24,62,Male,Delhi,Beauty,5,17060,20,569,10,68240,13520.78,,1
SK100462,11-08-24,39,Female,Mumbai,Beauty,1,13747,30,447,7,9622.9,1182.84,3,0
SK100463,30-01-25,26,Female,Hyderabad,Sports,5,17754,5,461,9,84331.5,8153.9,4,1
SK100464,07-08-24,35,,Pune,Beauty,2,21529,10,221,3,38752.2,4237.6,4,1
SK100465,04-06-24,49,Male,Delhi,Fashion,5,19747,0,204,8,98735,12957.58,3,1
SK100466,04-03-25,19,Female,Lucknow,Sports,2,14026,5,443,1,26649.4,6888.16,3,1
SK100467,19-01-25,60,Female,Hyderabad,,5,10948,0,527,8,54740,7933.47,1,1
SK100468,05-06-25,38,Female,Jaipur,Fashion,3,44384,10,443,1,119836.8,9608.53,3,1
SK100469,09-08-24,,Male,Hyderabad,Grocery,1,22037,10,598,4,19833.3,3589.63,3,1
SK100470,03-02-24,38,Male,Hyderabad,Fashion,4,14649,20,62,5,46876.8,10585.93,3,1
SK100471,20-05-24,46,Female,Delhi,Grocery,2,45704,20,555,2,73126.4,14400.21,3,1
SK100472,20-03-24,49,Male,Bengaluru,Fashion,4,7052,30,148,4,19745.6,5195.38,5,1
SK100473,15-05-25,34,Female,Bengaluru,Electronics,3,6852,25,488,6,15417,2536.71,1,0
SK100474,24-03-25,49,Female,Jaipur,Furniture,1,5703,15,210,4,4847.55,372.41,4,0
SK100475,19-09-24,20,Male,Chennai,Grocery,5,25001,20,408,9,100004,26320.14,3,1
SK100476,14-04-25,61,Female,Chennai,Sports,1,36495,5,291,9,34670.25,9383.08,5,1
SK100477,23-01-24,19,Female,Delhi,Furniture,3,18992,25,554,3,42732,2561.07,2,0
SK100478,06-04-25,44,Male,Bengaluru,Sports,4,43673,30,273,7,122284.4,22219.66,1,1
SK100479,23-05-24,,,Chennai,Electronics,5,29114,25,,7,109177.5,24990.31,3,1
SK100480,11-09-24,37,Male,Pune,Furniture,1,945,0,292,2,945,-223.36,1,0
SK100481,11-02-24,22,Male,Hyderabad,Fashion,1,29166,30,52,9,20416.2,3937.5,3,1
SK100482,28-06-24,49,Male,Lucknow,Fashion,5,41142,40,146,2,123426,16828.7,2,1
SK100483,05-02-24,54,Female,Pune,Fashion,3,41081,30,479,8,86270.1,19224.19,,1
SK100484,07-08-24,47,Male,Hyderabad,Fashion,3,48217,20,477,5,115720.8,8664.93,4,1
SK100485,13-10-24,28,Male,Mumbai,,3,24653,30,451,7,51771.3,6834.84,2,1
SK100486,13-06-25,28,Male,Jaipur,Grocery,4,48740,25,537,6,146220,19174.16,3,1
SK100487,15-04-25,30,Male,Hyderabad,Furniture,3,13178,20,554,9,31627.2,6765.55,3,1
SK100488,31-05-25,34,Female,Pune,Sports,3,30192,20,87,5,72460.8,3896.93,4,1
SK100489,26-01-25,,Female,Mumbai,Sports,3,27682,10,512,7,74741.4,8919.36,1,1
SK100490,22-04-25,54,Male,Pune,Grocery,5,49358,25,101,5,185092.5,12946.44,5,1
SK100491,08-06-24,39,Male,Jaipur,Electronics,1,49479,5,95,10,47005.05,10983.75,5,1
SK100492,19-06-25,59,Female,Delhi,Sports,4,13554,0,258,3,54216,14651.45,4,1
SK100493,19-06-24,52,Female,Lucknow,Fashion,4,1147,5,554,2,4358.6,546.11,2,0
SK100494,02-11-24,39,,Bengaluru,Beauty,3,29497,25,111,7,66368.25,16846.17,4,1
SK100495,25-01-25,20,Female,Jaipur,Sports,5,44353,20,527,4,177412,41116.11,3,1
SK100496,31-03-24,27,Female,Bengaluru,Fashion,3,27490,40,61,1,49482,11810.63,5,1
SK100497,11-05-24,22,Female,Delhi,Furniture,2,31610,0,581,8,63220,12305.7,5,1
SK100498,12-03-25,21,Female,Chennai,Fashion,5,44498,0,415,7,222490,64019.46,4,1
SK100499,12-03-25,,Male,Jaipur,Beauty,3,28762,20,,10,69028.8,12073.98,3,1
SK100500,03-06-24,26,Female,Pune,Furniture,3,13938,30,202,4,29269.8,6829.65,3,1
SK100501,08-04-24,56,Female,Bengaluru,Beauty,1,46920,10,512,3,42228,8846.51,5,1
SK100502,12-05-25,54,Female,Mumbai,Sports,1,33718,25,446,4,25288.5,7054.36,5,1
SK100503,08-01-25,44,Female,Chennai,Grocery,4,17134,10,392,8,61682.4,12305.27,3,1
SK100504,08-05-24,24,Male,Delhi,Sports,5,30115,25,233,4,112931.25,18226.65,2,1
SK100505,13-05-24,42,Male,Pune,Furniture,4,36331,20,283,10,116259.2,12242.12,3,1
SK100506,27-04-25,51,Male,Jaipur,Beauty,4,44423,5,123,4,168807.4,25764.01,1,1
SK100507,16-04-24,51,Female,Lucknow,Grocery,2,39648,15,224,8,67401.6,11423.62,2,1
SK100508,22-05-24,64,Male,Jaipur,Electronics,3,27568,5,471,3,78568.8,18723.98,3,1
SK100509,28-05-24,61,Female,Lucknow,Sports,5,38351,20,188,6,153404,9322.5,4,1
SK100510,16-11-24,23,Female,Hyderabad,Fashion,3,14491,15,297,6,36952.05,9115.11,1,1
SK100511,05-11-24,62,Female,Jaipur,Grocery,1,11910,20,153,3,9528,1319.39,2,0
SK100512,17-01-24,52,Female,Pune,Furniture,1,13455,25,297,9,10091.25,2423.21,4,0
SK100513,29-02-24,60,Female,Mumbai,Grocery,2,9816,40,264,4,11779.2,3028.31,2,1
SK100514,13-12-24,20,Male,Chennai,Grocery,1,27370,25,456,9,20527.5,1679.87,4,0
SK100515,01-07-24,38,Male,Pune,Furniture,5,17149,15,278,10,72883.25,8079.61,2,1
SK100516,24-10-24,32,Female,Bengaluru,Furniture,2,1000,0,248,1,2000,-50.82,3,0
SK100517,10-02-25,51,Female,Chennai,Grocery,5,43697,30,327,8,152939.5,7546.84,4,1
SK100518,03-04-25,58,Male,Jaipur,Fashion,4,47161,25,536,8,141483,36236.35,4,1
SK100519,10-12-24,23,Male,Chennai,Furniture,3,17397,0,96,4,52191,6765.46,4,1
SK100520,14-06-24,46,Female,Delhi,Beauty,4,31783,25,538,10,95349,21795.52,5,1
SK100521,16-01-25,61,Male,Mumbai,Sports,3,38881,25,408,7,87482.25,4411.37,2,1
SK100522,18-02-25,57,Male,Delhi,Electronics,3,24268,10,88,5,65523.6,11588.15,4,1
SK100523,02-09-24,36,Male,Jaipur,Furniture,3,29630,0,413,6,88890,17856.95,3,1
SK100524,16-03-24,50,Female,Jaipur,Furniture,4,22734,10,249,4,81842.4,3988.3,4,1
SK100525,03-03-24,23,Male,Jaipur,Beauty,5,11499,30,540,10,40246.5,3465.4,4,1
SK100526,25-10-24,34,Male,Pune,Electronics,4,14114,40,577,10,33873.6,2338.01,5,0
SK100527,17-05-24,47,Male,Jaipur,Beauty,5,12309,40,306,8,36927,2362.01,3,0
SK100528,12-05-24,39,Female,Pune,Beauty,3,3011,30,421,7,6323.1,1240.08,5,0
SK100529,29-10-24,20,Female,Pune,Beauty,1,24014,20,345,5,19211.2,4343.93,1,1
SK100530,01-01-24,60,Male,Bengaluru,Sports,2,39639,25,422,2,59458.5,4513.71,4,1
SK100531,21-05-25,46,Female,Bengaluru,Furniture,4,18526,20,314,10,59283.2,13124.25,2,1
SK100532,08-02-24,52,Female,Pune,Sports,1,27793,25,68,3,20844.75,2437.95,4,0
SK100533,08-02-24,23,Male,Lucknow,Beauty,1,48156,0,340,6,48156,13105.92,5,1
SK100534,06-03-25,29,Male,Bengaluru,Grocery,3,17758,10,283,8,47946.6,5329.04,3,1
SK100535,23-05-25,41,Female,Pune,Sports,5,15512,30,281,3,54292,9473.57,2,1
SK100536,05-01-24,35,Male,Delhi,Fashion,1,1913,5,511,9,1817.35,-224.41,1,0
SK100537,09-06-25,39,Male,Delhi,Beauty,1,31220,25,102,2,23415,3303.91,4,1
SK100538,16-02-25,33,Female,Pune,Grocery,2,37934,25,229,10,56901,11503.14,5,1
SK100539,14-01-24,65,Male,Hyderabad,Electronics,4,9954,40,143,10,23889.6,2776.04,3,0
SK100540,19-11-24,63,Female,Chennai,Electronics,1,32510,15,228,2,27633.5,3141.08,3,1
SK100541,03-04-24,59,Female,Pune,Beauty,5,47302,0,441,8,236510,46184.29,4,1
SK100542,08-09-24,36,Female,Mumbai,Sports,4,48481,15,72,1,164835.4,9165.57,4,1
SK100543,26-01-24,31,Female,Mumbai,Furniture,1,42851,30,81,10,29995.7,5224.05,5,1
SK100544,26-03-24,20,Male,Mumbai,Furniture,2,45468,30,116,3,63655.2,16239.94,1,1
SK100545,16-04-24,19,Female,Bengaluru,Electronics,3,38534,20,110,4,92481.6,20462.3,4,1
SK100546,07-04-24,65,Male,Pune,Fashion,1,49067,25,430,4,36800.25,8073.68,4,1
SK100547,20-06-24,36,Male,Pune,Electronics,5,27280,20,451,9,109120,18705.77,1,1
SK100548,11-05-25,25,Female,Hyderabad,Sports,4,18629,25,572,2,55887,8346.92,3,1
SK100549,11-12-24,22,Male,Delhi,Sports,5,34930,40,292,4,104790,9380.29,2,1
SK100550,12-03-24,56,Female,Hyderabad,Fashion,1,36796,15,377,5,31276.6,2099.35,2,0
SK100551,29-11-24,59,Female,Mumbai,Beauty,3,14918,10,566,7,40278.6,6970.55,3,1
SK100552,27-05-24,47,Female,Bengaluru,Furniture,5,9919,30,67,10,34716.5,8481.72,4,1
SK100553,26-08-24,37,Male,Pune,Fashion,4,40579,20,123,1,129852.8,19774.62,3,1
SK100554,05-04-24,64,Female,Hyderabad,Fashion,3,19484,15,573,6,49684.2,12300.26,4,1
SK100555,13-01-25,55,Male,Delhi,Electronics,2,2818,40,115,3,3381.6,664.97,4,0
SK100556,10-09-24,53,Female,Mumbai,Sports,5,3546,0,267,10,17730,1548.91,5,0
SK100557,19-05-24,58,Female,Lucknow,Furniture,4,2501,0,361,8,10004,997.19,4,0
SK100558,11-04-25,42,Female,Jaipur,Fashion,1,25698,10,330,7,23128.2,5749.73,5,1
SK100559,28-04-24,45,Male,Lucknow,Furniture,3,8457,25,201,3,19028.25,3114.84,5,1
SK100560,22-06-25,30,Male,Delhi,Electronics,1,48094,10,552,2,43284.6,4043.51,5,1
SK100561,16-07-24,50,Male,Lucknow,Fashion,4,17139,0,136,4,68556,10810.91,5,1
SK100562,03-06-24,24,Male,Mumbai,Grocery,1,16608,0,585,1,16608,879.65,4,0
SK100563,27-07-24,42,Female,Jaipur,Sports,4,21088,20,339,3,67481.6,18921.66,3,1
SK100564,11-08-24,35,Male,Jaipur,Electronics,4,8034,40,220,2,19281.6,4807.62,5,1
SK100565,28-04-24,64,Female,Lucknow,Grocery,5,23894,0,300,8,119470,7741.02,5,1
SK100566,09-10-24,57,Male,Hyderabad,Electronics,4,31757,0,536,9,127028,19560.14,2,1
SK100567,16-02-24,51,Male,Pune,Furniture,2,42658,0,446,2,85316,7690.96,1,1
SK100568,14-06-25,18,Male,Mumbai,Grocery,4,49913,40,266,5,119791.2,10685.77,4,1
SK100569,21-06-25,23,Female,Mumbai,Beauty,2,31295,40,397,1,37554,8038.28,5,1
SK100570,24-02-25,52,Male,Bengaluru,Fashion,5,12132,20,566,4,48528,9653.98,3,1
SK100571,06-11-24,37,Male,Mumbai,Sports,2,44490,10,354,2,80082,20158.54,1,1
SK100572,27-03-24,57,Female,Delhi,Furniture,2,46343,25,420,10,69514.5,10031.17,3,1
SK100573,13-10-24,33,Female,Chennai,Electronics,1,25427,25,242,7,19070.25,941.6,2,0
SK100574,22-05-25,65,Female,Chennai,Beauty,2,47759,40,170,7,57310.8,7131.44,1,1
SK100575,07-02-25,36,Female,Jaipur,Beauty,2,1285,20,198,6,2056,355.26,4,0
SK100576,08-05-25,21,Male,Delhi,Sports,1,18789,25,291,4,14091.75,1094.08,5,0
SK100577,23-01-25,20,Female,Delhi,Fashion,2,8069,15,69,2,13717.3,3152.5,5,1
SK100578,08-03-24,19,Female,Mumbai,Fashion,3,45027,25,238,4,101310.75,29958.26,1,1
SK100579,25-09-24,46,Female,Delhi,Fashion,1,8862,15,370,2,7532.7,247.67,1,0
SK100580,11-03-24,45,Male,Lucknow,Beauty,1,34857,5,467,10,33114.15,6218.6,4,1
SK100581,18-12-24,47,Male,Pune,Electronics,2,40060,30,343,1,56084,3240.11,3,1
SK100582,16-03-25,38,Male,Bengaluru,Fashion,1,27094,0,269,10,27094,4343.91,2,1
SK100583,12-05-25,27,Male,Bengaluru,Furniture,1,46627,5,210,8,44295.65,8019.44,5,1
SK100584,12-12-24,55,Male,Pune,Grocery,5,32605,10,482,3,146722.5,7989.67,2,1
SK100585,26-10-24,20,Female,Hyderabad,Furniture,2,31591,40,472,5,37909.2,3388.27,4,1
SK100586,24-04-24,37,Male,Delhi,Sports,4,35725,15,536,3,121465,11287.91,4,1
SK100587,14-04-25,49,Male,Hyderabad,Grocery,2,45192,20,550,8,72307.2,8011.39,2,1
SK100588,14-02-24,30,Male,Lucknow,Grocery,2,29664,10,280,9,53395.2,14900.8,2,1
SK100589,04-10-24,26,Male,Hyderabad,Grocery,1,17993,15,312,10,15294.05,3558.22,2,1
SK100590,26-09-24,39,Female,Pune,Beauty,4,41416,40,102,4,99398.4,14658.69,5,1
SK100591,04-05-25,65,Male,Pune,Sports,4,43726,20,251,8,139923.2,9094.49,1,1
SK100592,28-05-24,65,Female,Hyderabad,Electronics,2,3279,20,271,3,5246.4,193.28,3,0
SK100593,05-10-24,53,Female,Jaipur,Fashion,5,39682,20,248,6,158728,41293.64,1,1
SK100594,01-06-25,43,Male,Hyderabad,Electronics,2,25834,0,74,4,51668,3939.62,3,1
SK100595,17-02-25,64,Male,Pune,Beauty,4,25564,40,162,8,61353.6,6301.93,1,1
SK100596,19-02-25,20,Male,Chennai,Sports,4,48284,40,320,1,115881.6,22023.8,5,1
SK100597,20-03-25,41,Male,Bengaluru,Furniture,3,15657,40,429,5,28182.6,5003.11,1,1
SK100598,26-12-24,60,Female,Lucknow,Electronics,5,27679,25,321,4,103796.25,6414.35,5,1
SK100599,30-05-24,35,Male,Jaipur,Grocery,3,14073,10,585,3,37997.1,3163.05,3,1
SK100600,15-05-24,26,Male,Chennai,Beauty,3,31936,0,69,6,95808,14985.77,1,1
SK100601,08-02-25,34,Male,Chennai,Electronics,2,26201,0,172,8,52402,14391.91,1,1
SK100602,13-10-24,23,Male,Delhi,Furniture,3,7067,25,345,10,15900.75,1804.39,3,0
SK100603,31-03-24,43,Female,Hyderabad,Beauty,3,35042,5,313,10,99869.7,28213.47,3,1
SK100604,07-07-24,49,Male,Bengaluru,Grocery,1,34019,15,130,10,28916.15,4607.48,4,1
SK100605,11-05-25,21,Male,Hyderabad,Furniture,2,21923,30,411,4,30692.2,4988.86,2,1
SK100606,24-03-25,48,Male,Hyderabad,Beauty,1,32952,40,383,2,19771.2,3987.8,4,1
SK100607,02-02-24,57,Male,Jaipur,Electronics,5,12486,20,173,8,49944,9842.12,2,1
SK100608,05-01-25,56,Male,Lucknow,Beauty,1,10101,20,60,10,8080.8,384.61,5,0
SK100609,15-07-24,30,Male,Lucknow,Beauty,5,9421,0,331,5,47105,13686.1,5,1
SK100610,29-10-24,39,Male,Pune,Fashion,5,16738,25,241,1,62767.5,14090.53,1,1
SK100611,09-04-25,46,Female,Delhi,Furniture,3,11553,20,97,5,27727.2,1989.73,3,0
SK100612,24-10-24,26,Female,Bengaluru,Grocery,1,9512,0,395,9,9512,2242.42,4,0
SK100613,19-01-25,65,Male,Delhi,Electronics,3,25432,25,265,8,57222,10021.16,2,1
SK100614,19-09-24,38,Female,Mumbai,Beauty,2,11053,20,135,10,17684.8,2016.05,5,0
SK100615,04-05-24,60,Male,Mumbai,Grocery,1,45302,20,316,2,36241.6,7414.93,5,1
SK100616,17-03-25,54,Male,Mumbai,Fashion,1,379,20,69,8,303.2,4.33,5,0
SK100617,05-10-24,48,Male,Bengaluru,Grocery,4,8059,30,248,9,22565.2,2029.11,1,0
SK100618,17-04-25,58,Male,Lucknow,Electronics,1,3442,5,240,2,3269.9,467.62,2,0
SK100619,16-04-24,57,Male,Jaipur,Furniture,5,33404,40,572,2,100212,5783.18,3,1
SK100620,06-05-25,59,Female,Mumbai,Sports,1,31592,30,73,1,22114.4,2627.85,1,0
SK100621,21-09-24,50,Male,Chennai,Furniture,2,32486,5,395,3,61723.4,8518.94,1,1
SK100622,05-02-25,47,Female,Pune,Fashion,4,1043,10,262,4,3754.8,-35.35,4,0
SK100623,03-02-25,63,Male,Delhi,Sports,3,10071,10,293,6,27191.7,7854.75,3,1
SK100624,07-02-24,42,Female,Lucknow,Sports,2,25819,10,105,2,46474.2,8499.79,2,1
SK100625,21-03-25,51,Male,Jaipur,Beauty,4,32371,30,159,6,90638.8,19602.95,1,1
SK100626,31-12-24,64,Male,Pune,Electronics,1,42502,15,574,8,36126.7,9319.29,2,1
SK100627,13-05-25,33,Male,Bengaluru,Furniture,4,15191,40,128,1,36458.4,5559.64,5,1
SK100628,15-04-24,20,Male,Jaipur,Grocery,5,22506,20,565,4,90024,26071.63,3,1
SK100629,13-04-25,49,Female,Delhi,Fashion,2,9292,25,440,2,13938,1658.31,2,0
SK100630,12-05-24,50,Female,Mumbai,Furniture,4,29808,15,447,5,101347.2,24396.7,5,1
SK100631,06-08-24,41,Female,Pune,Fashion,4,47488,25,499,8,142464,16770.83,2,1
SK100632,10-06-24,46,Female,Pune,Sports,1,28606,25,246,2,21454.5,4999.1,1,1
SK100633,31-01-25,19,Male,Delhi,Furniture,3,14074,5,50,10,40110.9,10984.32,4,1
SK100634,11-05-24,29,Male,Pune,Furniture,5,25163,40,590,7,75489,6857.71,5,1
SK100635,11-09-24,55,Female,Chennai,Grocery,3,37317,30,451,7,78365.7,20486.72,1,1
SK100636,26-03-25,57,Female,Lucknow,Sports,1,33477,10,470,10,30129.3,4988.59,2,1
SK100637,17-09-24,48,Female,Lucknow,Fashion,5,11405,25,188,1,42768.75,7038.68,2,1
SK100638,06-08-24,31,Male,Bengaluru,Sports,4,31067,30,284,3,86987.6,18701.97,3,1
SK100639,20-01-24,26,Male,Mumbai,Sports,2,28938,20,455,10,46300.8,2823.15,2,0
SK100640,01-03-24,61,Female,Lucknow,Sports,5,41377,25,529,6,155163.75,38932.92,1,1
SK100641,13-06-24,30,Female,Bengaluru,Grocery,2,235,40,265,1,282,-214.92,1,0
SK100642,23-04-24,32,Female,Chennai,Furniture,3,14303,40,397,9,25745.4,5439.96,2,1
SK100643,18-10-24,48,Female,Pune,Electronics,4,10775,30,239,2,30170,3731.82,2,1
SK100644,15-05-24,59,Female,Pune,Grocery,2,24875,0,217,10,49750,2275.91,2,0
SK100645,09-03-24,58,Male,Lucknow,Sports,1,1971,20,207,2,1576.8,84.23,2,0
SK100646,28-10-24,34,Male,Mumbai,Fashion,2,9991,5,50,6,18982.9,1678.77,1,0
SK100647,12-07-24,35,Male,Pune,Grocery,5,6634,0,496,4,33170,5111.98,4,1
SK100648,19-06-25,25,Male,Bengaluru,Electronics,2,39098,15,343,6,66466.6,12049,5,1
SK100649,01-08-24,46,Female,Hyderabad,Beauty,2,13064,0,553,7,26128,6508.8,3,1
SK100650,30-08-24,51,Male,Chennai,Grocery,5,1927,5,448,2,9153.25,1878.21,2,0
SK100651,26-10-24,48,Female,Bengaluru,Sports,3,21420,0,399,9,64260,18872.55,1,1
SK100652,28-04-25,18,Male,Delhi,Furniture,4,22818,10,110,1,82144.8,16310.87,1,1
SK100653,12-04-24,28,Male,Chennai,Grocery,4,36241,40,551,4,86978.4,7039.06,2,1
SK100654,03-12-24,29,Female,Lucknow,Sports,3,40896,20,169,1,98150.4,12947.18,5,1
SK100655,17-05-25,32,Male,Lucknow,Beauty,3,24084,30,89,4,50576.4,6625.17,4,1
SK100656,19-02-25,18,Female,Bengaluru,Grocery,4,47102,25,497,10,141306,34143.42,2,1
SK100657,11-01-25,55,Female,Hyderabad,Grocery,1,38056,25,312,6,28542,1712.31,3,0
SK100658,13-01-25,54,Female,Lucknow,Fashion,5,43865,40,64,10,131595,6844.11,2,1
SK100659,06-06-25,21,Female,Hyderabad,Sports,4,13836,10,237,9,49809.6,14186.17,2,1
SK100660,28-04-25,55,Female,Delhi,Furniture,2,16961,0,434,9,33922,6499.81,2,1
SK100661,01-01-24,46,Male,Pune,Fashion,5,12115,40,500,9,36345,8446.28,4,1
SK100662,10-09-24,19,Female,Chennai,Sports,1,3519,40,170,1,2111.4,331.92,5,0
SK100663,01-02-25,23,Male,Delhi,Sports,4,29555,40,345,4,70932,15977.35,4,1
SK100664,19-04-24,18,Female,Hyderabad,Grocery,4,25865,20,367,4,82768,15907.81,4,1
SK100665,27-07-24,22,Female,Jaipur,Grocery,5,42739,5,95,7,203010.25,25287.21,1,1
SK100666,29-01-25,65,Male,Pune,Electronics,1,19088,10,438,6,17179.2,3987.08,5,1
SK100667,01-01-25,47,Female,Bengaluru,Sports,5,40359,30,334,10,141256.5,10686.24,3,1
SK100668,02-05-24,49,Female,Chennai,Electronics,4,740,25,74,1,2220,235.87,4,0
SK100669,29-02-24,51,Male,Hyderabad,Electronics,5,13247,40,377,4,39741,3021.18,4,1
SK100670,16-01-24,50,Female,Hyderabad,Fashion,3,30392,15,126,3,77499.6,20287.84,1,1
SK100671,14-10-24,58,Male,Bengaluru,Grocery,4,21460,20,51,7,68672,10528.38,1,1
SK100672,11-03-25,59,Male,Bengaluru,Grocery,3,26045,15,474,3,66414.75,5735.6,5,1
SK100673,26-03-25,48,Female,Mumbai,Beauty,4,35876,20,89,4,114803.2,15581.52,2,1
SK100674,08-05-25,41,Male,Hyderabad,Furniture,4,47908,25,194,9,143724,38049.43,4,1
SK100675,03-04-24,51,Female,Lucknow,Beauty,3,3817,10,300,8,10305.9,1469.06,2,0
SK100676,06-02-25,28,Female,Chennai,Sports,3,31755,15,285,2,80975.25,11569.92,5,1
SK100677,02-11-24,33,Female,Delhi,Electronics,2,48077,25,333,5,72115.5,4541.26,5,1
SK100678,26-03-25,45,Male,Lucknow,Grocery,3,1215,10,561,1,3280.5,230.74,5,0
SK100679,15-03-25,31,Female,Jaipur,Fashion,3,49497,25,416,6,111368.25,16366.52,3,1
SK100680,18-03-25,37,Male,Hyderabad,Furniture,2,41305,25,538,4,61957.5,15242.58,3,1
SK100681,11-05-24,39,Female,Delhi,Furniture,5,10027,10,174,9,45121.5,7417.04,2,1
SK100682,06-08-24,36,Female,Chennai,Electronics,3,34997,5,482,9,99741.45,13486.9,1,1
SK100683,27-05-24,58,Male,Chennai,Furniture,2,12979,0,442,7,25958,4541.58,3,1
SK100684,21-10-24,20,Female,Pune,Furniture,1,48198,40,382,3,28918.8,5421.21,4,1
SK100685,01-01-24,52,Male,Hyderabad,Fashion,2,48676,5,404,1,92484.4,24764.47,3,1
SK100686,13-06-25,20,Female,Jaipur,Beauty,3,24696,20,137,1,59270.4,7947.89,3,1
SK100687,29-11-24,43,Male,Bengaluru,Furniture,4,22493,10,365,7,80974.8,18274.58,1,1
SK100688,11-02-25,18,Female,Pune,Grocery,3,38069,30,581,7,79944.9,5387.1,3,1
SK100689,04-01-25,42,Female,Chennai,Fashion,5,24518,30,440,7,85813,14608.68,3,1
SK100690,20-03-24,37,Female,Lucknow,Sports,4,257,40,580,7,616.8,-451.59,4,0
SK100691,16-01-24,52,Female,Delhi,Electronics,3,45604,15,227,1,116290.2,21969.41,2,1
SK100692,30-08-24,55,Male,Pune,Beauty,5,29376,15,179,3,124848,34326.87,2,1
SK100693,08-09-24,28,Female,Jaipur,Sports,2,18782,40,65,6,22538.4,2385.22,4,0
SK100694,02-02-24,53,Male,Mumbai,Electronics,2,3108,25,247,8,4662,237.5,2,0
SK100695,15-06-24,59,Female,Jaipur,Sports,4,45290,5,181,2,172102,8634.06,5,1
SK100696,20-08-24,61,Female,Chennai,Grocery,2,20718,30,376,10,29005.2,1470.65,3,0
SK100697,20-02-24,28,Male,Pune,Fashion,1,33840,40,568,8,20304,2930.58,2,0
SK100698,11-04-25,24,Male,Jaipur,Beauty,5,1955,5,110,7,9286.25,740.59,4,0
SK100699,16-01-25,38,Male,Lucknow,Fashion,4,32154,10,169,6,115754.4,11694.36,1,1
SK100700,07-11-24,20,Female,Mumbai,Furniture,5,12902,5,489,2,61284.5,14285.98,3,1
SK100701,23-05-25,37,Male,Jaipur,Electronics,3,1806,25,56,3,4063.5,1128,4,0
SK100702,01-11-24,43,Male,Pune,Electronics,2,20854,25,177,4,31281,1957.08,3,0
SK100703,18-10-24,20,Male,Mumbai,Furniture,5,1809,20,391,3,7236,403.71,3,0
SK100704,01-04-25,24,Female,Bengaluru,Fashion,1,29312,30,547,6,20518.4,3675.63,5,1
SK100705,19-03-25,30,Female,Hyderabad,Fashion,3,44666,5,538,10,127298.1,31115.69,2,1
SK100706,19-03-24,28,Female,Lucknow,Grocery,1,20743,15,574,8,17631.55,1762.79,5,0
SK100707,16-05-25,23,Female,Hyderabad,Electronics,4,43008,40,318,2,103219.2,22233.82,3,1
SK100708,20-03-25,57,Male,Hyderabad,Sports,4,35133,25,145,5,105399,16075.36,4,1
SK100709,27-04-25,63,Female,Jaipur,Sports,1,34307,40,539,6,20584.2,4712.37,3,1
SK100710,14-02-24,61,Male,Hyderabad,Sports,2,22809,15,62,7,38775.3,6390.87,4,1
SK100711,01-01-25,45,Female,Bengaluru,Electronics,1,36378,10,493,7,32740.2,4784.27,1,1
SK100712,09-04-24,31,Female,Pune,Fashion,5,11573,30,111,9,40505.5,3151.19,1,1
SK100713,27-06-24,57,Female,Bengaluru,Sports,5,26127,20,310,3,104508,25714.32,3,1
SK100714,06-05-24,57,Male,Jaipur,Furniture,1,23854,5,344,9,22661.3,2131.07,1,0
SK100715,19-01-25,20,Female,Mumbai,Beauty,3,31869,30,251,1,66924.9,17355.96,1,1
SK100716,28-11-24,23,Female,Delhi,Grocery,4,15719,10,228,7,56588.4,11109.04,3,1
SK100717,04-04-25,54,Female,Jaipur,Furniture,1,23246,0,327,5,23246,6256.33,5,1
SK100718,24-04-24,62,Female,Jaipur,Beauty,2,36806,10,69,9,66250.8,5376.7,2,1
SK100719,19-06-24,39,Female,Lucknow,Electronics,3,4320,15,555,5,11016,2538.76,1,0
SK100720,11-10-24,60,Male,Pune,Furniture,1,32024,25,148,8,24018,6864.61,1,1
SK100721,08-03-24,53,Female,Chennai,Beauty,5,4007,30,187,2,14024.5,1682.56,1,0
SK100722,02-03-24,57,Female,Chennai,Furniture,3,11210,30,259,4,23541,1258.11,1,0
SK100723,03-01-24,50,Male,Hyderabad,Furniture,1,10722,20,155,2,8577.6,1394.25,5,0
SK100724,28-10-24,52,Female,Pune,Sports,5,25804,15,295,2,109667,8422.76,5,1
SK100725,31-07-24,40,Male,Delhi,Grocery,2,30196,25,212,7,45294,9587.36,1,1
SK100726,06-04-24,38,Male,Delhi,Electronics,1,1284,30,273,9,898.8,-196.03,3,0
SK100727,08-01-24,36,Male,Hyderabad,Sports,2,42336,30,579,6,59270.4,14700.9,2,1
SK100728,29-09-24,62,Female,Chennai,Beauty,1,43113,5,340,5,40957.35,3191.93,4,1
SK100729,02-05-24,32,Male,Mumbai,Sports,3,29256,20,529,5,70214.4,4768.26,1,1
SK100730,07-06-25,55,Female,Bengaluru,Grocery,2,14221,15,500,5,24175.7,4097.71,2,1
SK100731,11-02-24,27,Male,Mumbai,Fashion,4,24116,10,391,1,86817.6,19263.22,5,1
SK100732,02-04-25,61,Female,Bengaluru,Furniture,5,35225,25,441,5,132093.75,30190.16,5,1
SK100733,19-10-24,33,Male,Pune,Furniture,2,46670,40,564,8,56004,9417.44,2,1
SK100734,09-10-24,47,Female,Hyderabad,Beauty,4,1965,30,340,3,5502,614.56,2,0
SK100735,04-10-24,27,Female,Hyderabad,Furniture,2,26716,15,377,6,45417.2,10668.08,5,1
SK100736,05-05-24,38,Male,Chennai,Fashion,3,5720,15,211,4,14586,2073.71,5,0
SK100737,10-02-25,21,Female,Chennai,Beauty,2,7298,0,447,1,14596,3281.38,5,1
SK100738,17-01-24,23,Male,Delhi,Beauty,2,26320,30,183,2,36848,10179.76,2,1
SK100739,29-01-25,33,Female,Jaipur,Sports,2,18695,15,360,1,31781.5,8056.88,5,1
SK100740,03-12-24,51,Female,Delhi,Fashion,2,38565,15,336,9,65560.5,16767.7,4,1
SK100741,06-07-24,63,Female,Bengaluru,Sports,5,48321,30,59,7,169123.5,43504.36,3,1
SK100742,27-01-25,19,Male,Chennai,Electronics,4,19066,0,163,8,76264,4986.01,3,1
SK100743,01-10-24,51,Female,Mumbai,Electronics,4,7428,0,373,3,29712,8375.64,4,1
SK100744,08-11-24,19,Female,Jaipur,Sports,2,38931,30,249,10,54503.4,4665.59,1,1
SK100745,17-02-25,19,Male,Mumbai,Electronics,2,36074,40,421,6,43288.8,5259.14,3,1
SK100746,11-05-24,27,Male,Hyderabad,Electronics,5,23153,20,477,9,92612,6700.4,3,1
SK100747,13-05-24,32,Male,Chennai,Grocery,4,17820,0,321,3,71280,16143.88,3,1
SK100748,05-04-25,44,Male,Bengaluru,Grocery,3,15418,5,75,3,43941.3,6916.49,5,1
SK100749,04-03-25,31,Female,Delhi,Beauty,4,4498,40,247,9,10795.2,1358.99,4,0
SK100750,19-11-24,46,Male,Mumbai,Grocery,3,41636,30,520,9,87435.6,10582.46,3,1
SK100751,18-04-25,22,Female,Bengaluru,Electronics,4,12706,5,277,5,48282.8,11641.37,5,1
SK100752,13-02-25,50,Male,Mumbai,Furniture,3,18564,5,279,4,52907.4,5964.71,4,1
SK100753,16-12-24,27,Female,Hyderabad,Electronics,4,6480,0,50,9,25920,6409.36,5,1
SK100754,22-06-25,54,Male,Mumbai,Grocery,3,43546,5,311,3,124106.1,31844.89,2,1
SK100755,15-03-24,32,Male,Lucknow,Furniture,4,39605,25,511,9,118815,27613.71,4,1
SK100756,29-01-24,50,Male,Chennai,Electronics,5,3679,5,63,6,17475.25,1862.17,5,0
SK100757,29-01-24,29,Female,Delhi,Grocery,2,45914,40,234,4,55096.8,2870.05,2,0
SK100758,21-02-25,53,Female,Lucknow,Grocery,2,1442,15,413,5,2451.4,56.66,5,0
SK100759,20-07-24,60,Female,Jaipur,Electronics,2,13579,10,532,10,24442.2,3025,5,1
SK100760,16-05-25,27,Male,Chennai,Sports,1,48574,20,501,1,38859.2,7040.24,2,1
SK100761,13-12-24,42,Male,Hyderabad,Furniture,4,26184,10,55,3,94262.4,21769.71,3,1
SK100762,03-06-24,20,Male,Mumbai,Beauty,4,10157,30,155,5,28439.6,2126.39,4,0
SK100763,05-04-25,26,Male,Mumbai,Fashion,4,7504,30,463,9,21011.2,1054.21,2,0
SK100764,20-12-24,56,Male,Jaipur,Sports,3,1792,40,475,8,3225.6,347.54,4,0
SK100765,28-03-25,59,Female,Mumbai,Fashion,2,15159,15,322,6,25770.3,2797.65,3,0
SK100766,12-07-24,44,Male,Hyderabad,Grocery,1,6227,15,122,9,5292.95,1352.34,3,0
SK100767,27-01-24,36,Female,Jaipur,Sports,2,40359,25,461,10,60538.5,16319.49,2,1
SK100768,29-12-24,21,Female,Lucknow,Sports,2,38158,5,324,2,72500.2,4935.65,4,1
SK100769,22-09-24,58,Male,Jaipur,Grocery,1,41456,15,111,4,35237.6,4379.48,3,1
SK100770,13-01-24,60,Female,Chennai,Furniture,2,4123,20,365,6,6596.8,825.07,4,0
SK100771,12-09-24,24,Male,Delhi,Beauty,4,23203,0,79,3,92812,15576.67,4,1
SK100772,17-04-24,53,Female,Delhi,Sports,1,17008,30,419,4,11905.6,878.7,4,0
SK100773,28-01-24,30,Male,Mumbai,Electronics,2,17358,40,430,10,20829.6,3339.87,2,1
SK100774,30-08-24,39,Female,Hyderabad,Furniture,2,32355,10,543,5,58239,5127.74,3,1
SK100775,07-01-25,65,Male,Bengaluru,Furniture,2,35756,15,490,4,60785.2,7737.84,5,1
SK100776,31-05-24,53,Female,Jaipur,Sports,4,741,10,142,4,2667.6,410.19,1,0
SK100777,25-03-25,20,Male,Mumbai,Grocery,1,37695,25,340,8,28271.25,4542.5,1,1
SK100778,14-03-25,55,Male,Delhi,Fashion,2,41029,5,488,3,77955.1,21996.36,1,1
SK100779,25-06-24,52,Male,Hyderabad,Sports,3,38820,10,428,5,104814,6019.91,1,1
SK100780,22-06-24,60,Male,Lucknow,Fashion,2,4799,20,544,2,7678.4,-31.97,3,0
SK100781,15-12-24,35,Male,Pune,Furniture,2,40032,40,104,1,48038.4,11797.79,3,1
SK100782,25-04-24,24,Female,Pune,Sports,4,39487,15,193,3,134255.8,26815.63,1,1
SK100783,16-01-25,46,Male,Mumbai,Electronics,1,12218,10,257,4,10996.2,2452.03,5,0
SK100784,15-07-24,42,Male,Mumbai,Fashion,5,42347,30,416,1,148214.5,38785.6,5,1
SK100785,22-03-25,29,Female,Jaipur,Sports,2,19470,5,260,10,36993,7182.59,4,1
SK100786,13-10-24,58,Male,Lucknow,Beauty,5,27175,30,108,9,95112.5,12327.2,3,1
SK100787,27-03-24,55,Female,Mumbai,Beauty,3,47891,20,596,8,114938.4,28970.22,1,1
SK100788,07-06-24,45,Male,Jaipur,Beauty,2,38534,10,441,9,69361.2,12890.78,4,1
SK100789,18-04-25,55,Female,Lucknow,Furniture,1,38241,0,408,7,38241,2287.95,3,0
SK100790,27-11-24,27,Female,Mumbai,Beauty,3,26662,30,137,2,55990.2,6603,2,1
SK100791,22-02-25,56,Male,Bengaluru,Furniture,1,27921,15,111,7,23732.85,6982.22,5,1
SK100792,02-02-24,50,Female,Chennai,Electronics,4,25730,15,216,6,87482,19531.76,5,1
SK100793,19-03-24,49,Male,Jaipur,Grocery,4,8071,15,490,6,27441.4,6564.35,5,1
SK100794,25-12-24,54,Male,Hyderabad,Furniture,2,33160,30,371,3,46424,2490.93,2,0
SK100795,08-09-24,29,Male,Pune,Beauty,5,1821,5,316,2,8649.75,256.26,5,0
SK100796,16-02-24,60,Male,Hyderabad,Electronics,4,32223,20,407,10,103113.6,24435.17,1,1
SK100797,28-10-24,44,Male,Lucknow,Beauty,5,17284,40,79,6,51852,13276.14,2,1
SK100798,29-05-25,18,Male,Mumbai,Electronics,2,14549,40,552,2,17458.8,523.97,5,0
SK100799,07-12-24,56,Female,Delhi,Electronics,5,33213,30,332,1,116245.5,6452.92,5,1
SK100800,02-01-25,54,Male,Hyderabad,Beauty,5,8681,0,245,3,43405,3895.72,1,1
SK100801,09-02-24,34,Male,Chennai,Grocery,5,47605,25,198,10,178518.75,13450.77,1,1
SK100802,21-11-24,62,Female,Jaipur,Furniture,1,25797,10,111,1,23217.3,2159.99,5,0
SK100803,13-07-24,22,Female,Hyderabad,Fashion,1,1030,20,132,1,824,3.87,2,0
SK100804,03-04-24,56,Female,Delhi,Fashion,1,43503,15,327,6,36977.55,6324.7,3,1
SK100805,10-02-25,51,Female,Pune,Beauty,4,40325,0,429,10,161300,18806.15,5,1
SK100806,25-07-24,39,Male,Jaipur,Grocery,1,3320,10,353,9,2988,-191.54,4,0
SK100807,15-10-24,21,Male,Chennai,Beauty,3,14553,10,329,4,39293.1,8443.79,3,1
SK100808,09-03-25,54,Female,Mumbai,Sports,2,35430,10,144,10,63774,16879.3,4,1
SK100809,02-04-24,39,Male,Mumbai,Fashion,1,10132,20,545,4,8105.6,354.91,3,0
SK100810,05-10-24,35,Female,Mumbai,Electronics,2,35968,25,544,6,53952,3598.53,3,1
SK100811,04-03-25,51,Male,Chennai,Beauty,4,41480,0,304,10,165920,41299.08,2,1
SK100812,03-10-24,45,Female,Bengaluru,Electronics,5,11885,15,559,5,50511.25,12747.38,1,1
SK100813,30-03-24,43,Male,Chennai,Fashion,3,7694,25,443,3,17311.5,1805.59,5,0
SK100814,27-06-24,23,Female,Lucknow,Fashion,4,20638,20,270,4,66041.6,9319.62,3,1
SK100815,13-01-24,48,Female,Delhi,Beauty,3,45961,10,484,1,124094.7,25681.63,2,1
SK100816,04-03-25,18,Male,Pune,Grocery,5,3061,5,69,9,14539.75,970.88,1,0
SK100817,09-02-24,50,Female,Jaipur,Beauty,4,48253,15,134,9,164060.2,20917.94,4,1
SK100818,05-04-25,47,Female,Delhi,Beauty,2,18960,10,251,8,34128,2580.42,4,0
SK100819,15-04-24,26,Male,Bengaluru,Electronics,3,49155,5,279,9,140091.75,32166.81,2,1
SK100820,18-01-25,26,Male,Lucknow,Grocery,4,27342,25,248,7,82026,4900.75,1,1
SK100821,12-01-24,31,Female,Delhi,Furniture,4,1735,25,227,6,5205,729.88,4,0
SK100822,08-02-24,32,Female,Pune,Electronics,5,48283,40,464,5,144849,38950.34,5,1
SK100823,13-08-24,57,Female,Chennai,Furniture,2,7890,15,199,9,13413,2396.24,2,0
SK100824,01-12-24,38,Male,Pune,Electronics,2,13708,25,597,10,20562,5453.8,1,1
SK100825,24-01-24,63,Male,Chennai,Fashion,5,18449,20,471,9,73796,20604.37,5,1
SK100826,02-06-24,30,Female,Lucknow,Fashion,4,42996,30,568,8,120388.8,35008.99,1,1
SK100827,07-02-24,44,Female,Jaipur,Fashion,4,23296,0,321,10,93184,24514.22,2,1
SK100828,30-04-24,23,Male,Bengaluru,Furniture,2,11607,20,135,4,18571.2,4154.01,4,1
SK100829,20-06-25,21,Female,Pune,Fashion,4,38391,10,348,5,138207.6,23178.87,5,1
SK100830,28-10-24,58,Male,Chennai,Grocery,3,18791,20,307,3,45098.4,3366.55,4,1
SK100831,30-04-24,28,Female,Mumbai,Grocery,2,45128,25,426,3,67692,5435.06,4,1
SK100832,08-02-24,47,Male,Hyderabad,Electronics,2,40791,0,159,9,81582,20770.2,3,1
SK100833,12-05-24,64,Female,Delhi,Beauty,4,23050,20,423,6,73760,11235.25,5,1
SK100834,21-04-24,43,Male,Lucknow,Electronics,4,45196,25,269,5,135588,19154.34,5,1
SK100835,27-03-24,22,Male,Jaipur,Beauty,1,22835,40,358,4,13701,1322.64,2,0
SK100836,30-10-24,49,Female,Jaipur,Electronics,4,38421,40,596,8,92210.4,5781.08,5,1
SK100837,27-11-24,21,Male,Delhi,Electronics,1,2268,5,118,8,2154.6,212.33,3,0
SK100838,07-03-24,49,Female,Jaipur,Sports,4,48200,0,208,5,192800,33301.92,4,1
SK100839,11-04-24,58,Female,Pune,Fashion,5,1272,40,100,4,3816,775.8,1,0
SK100840,07-07-24,56,Male,Chennai,Electronics,4,48476,20,169,5,155123.2,13396.28,4,1
SK100841,28-02-25,61,Male,Chennai,Sports,1,32949,40,75,7,19769.4,3570.71,1,1
SK100842,07-01-25,42,Male,Hyderabad,Electronics,5,8154,15,454,4,34654.5,6667.74,2,1
SK100843,17-03-24,32,Male,Bengaluru,Fashion,1,19760,5,208,3,18772,3772.04,3,1
SK100844,08-01-24,51,Female,Mumbai,Grocery,4,26425,15,106,3,89845,13146.33,2,1
SK100845,13-12-24,41,Male,Bengaluru,Electronics,2,7073,30,245,4,9902.2,2144.83,4,0
SK100846,08-03-24,36,Male,Lucknow,Beauty,4,24036,20,410,5,76915.2,15451.69,4,1
SK100847,11-02-24,27,Female,Delhi,Fashion,1,36615,40,96,10,21969,1031.28,1,0
SK100848,30-04-25,43,Female,Hyderabad,Electronics,4,22363,5,563,6,84979.4,24325.22,2,1
SK100849,29-05-25,36,Female,Delhi,Sports,3,5653,40,130,4,10175.4,1863.07,4,0
SK100850,05-05-25,64,Female,Lucknow,Furniture,1,33312,25,285,9,24984,6828.83,4,1
SK100851,06-03-25,31,Male,Pune,Sports,3,46146,10,345,2,124594.2,19977.86,5,1
SK100852,29-12-24,22,Male,Chennai,Grocery,1,37870,10,433,4,34083,1596.12,4,0
SK100853,13-04-24,31,Female,Chennai,Furniture,1,18210,20,179,2,14568,1029.92,2,0
SK100854,21-02-25,35,Female,Delhi,Electronics,2,8489,10,102,9,15280.2,1668.83,2,0
SK100855,15-11-24,22,Female,Delhi,Grocery,4,750,25,99,6,2250,473.83,5,0
SK100856,09-08-24,45,Male,Mumbai,Fashion,2,35565,20,172,1,56904,9671.52,2,1
SK100857,27-01-24,45,Female,Bengaluru,Grocery,5,42231,0,337,5,211155,41026.31,5,1
SK100858,05-12-24,52,Male,Delhi,Electronics,4,22242,0,533,3,88968,7068.34,5,1
SK100859,19-01-25,52,Male,Jaipur,Beauty,5,28802,20,492,7,115208,26229.1,1,1
SK100860,22-10-24,40,Female,Lucknow,Furniture,1,34782,15,478,10,29564.7,3116.36,1,1
SK100861,11-05-24,43,Male,Lucknow,Furniture,4,21456,0,566,1,85824,10361.98,5,1
SK100862,13-03-25,40,Male,Bengaluru,Grocery,3,44938,40,495,10,80888.4,19990.76,4,1
SK100863,31-10-24,41,Female,Delhi,Grocery,4,19280,10,592,10,69408,13777.4,3,1
SK100864,06-03-24,36,Female,Delhi,Electronics,4,47806,10,278,7,172101.6,48846.73,4,1
SK100865,01-08-24,54,Female,Mumbai,Sports,4,38960,5,229,1,148048,9656.01,4,1
SK100866,02-04-25,41,Female,Mumbai,Furniture,1,12883,20,319,5,10306.4,1060.22,5,0
SK100867,03-07-24,22,Male,Chennai,Sports,5,10423,5,437,6,49509.25,6604.81,1,1
SK100868,13-06-25,53,Male,Lucknow,Furniture,5,23788,20,99,5,95152,6813,1,1
SK100869,05-02-25,46,Female,Bengaluru,Beauty,2,21073,15,276,3,35824.1,4681.62,5,1
SK100870,04-11-24,58,Male,Bengaluru,Beauty,1,17525,10,197,6,15772.5,3900.14,5,1
SK100871,07-02-24,57,Male,Jaipur,Fashion,1,14270,30,399,2,9989,837.54,4,0
SK100872,24-05-25,62,Male,Delhi,Beauty,3,48913,10,547,5,132065.1,37673.33,2,1
SK100873,11-02-25,23,Male,Delhi,Beauty,4,44257,25,571,10,132771,17753.7,2,1
SK100874,04-03-24,40,Female,Jaipur,Fashion,5,12281,15,304,10,52194.25,9513.81,2,1
SK100875,23-10-24,28,Female,Jaipur,Sports,2,10445,10,117,9,18801,1408.82,3,0
SK100876,26-05-25,22,Male,Pune,Grocery,3,43337,15,163,4,110509.35,12643.76,3,1
SK100877,20-04-25,37,Female,Bengaluru,Furniture,5,7580,40,269,2,22740,4440.05,5,1
SK100878,22-05-24,18,Male,Bengaluru,Sports,5,4552,0,376,1,22760,4263.99,5,1
SK100879,11-09-24,25,Male,Bengaluru,Sports,2,19529,40,461,4,23434.8,3856.53,5,1
SK100880,29-12-24,43,Male,Delhi,Grocery,2,32364,5,244,6,61491.6,11576.55,3,1
SK100881,26-01-24,64,Male,Jaipur,Fashion,1,15781,5,135,2,14991.95,3481.4,5,1
SK100882,05-06-24,65,Female,Chennai,Electronics,4,19383,10,380,2,69778.8,5115.68,5,1
SK100883,13-04-24,63,Female,Chennai,Sports,1,6820,15,361,1,5797,679.21,5,0
SK100884,02-02-25,35,Male,Lucknow,Beauty,3,17636,5,183,8,50262.6,7666.75,5,1
SK100885,16-09-24,31,Female,Lucknow,Furniture,5,14043,20,123,7,56172,12064.79,4,1
SK100886,24-03-24,55,Female,Chennai,Sports,5,322,30,539,7,1127,-324,4,0
SK100887,20-02-25,20,Male,Lucknow,Electronics,2,29764,0,398,1,59528,8919.6,3,1
SK100888,23-09-24,41,Male,Mumbai,Fashion,3,16889,5,264,3,48133.65,4626.56,5,1
SK100889,02-02-24,34,Male,Delhi,Sports,5,20830,40,177,2,62490,6158.87,1,1
SK100890,11-03-24,24,Female,Chennai,Sports,5,14244,40,94,7,42732,7161.05,3,1
SK100891,21-02-24,32,Female,Hyderabad,Grocery,2,4515,20,256,7,7224,1634.77,1,0
SK100892,23-04-24,23,Female,Chennai,Beauty,3,26670,40,593,9,48006,2907.75,4,0
SK100893,27-05-24,25,Male,Lucknow,Furniture,2,5611,20,454,1,8977.6,290.29,3,0
SK100894,16-08-24,52,Male,Mumbai,Sports,5,35554,15,266,8,151104.5,21744.26,2,1
SK100895,10-03-25,62,Male,Bengaluru,Beauty,2,16547,10,199,10,29784.6,2040.79,5,0
SK100896,26-03-24,61,Female,Chennai,Grocery,5,32483,5,127,7,154294.25,11118.61,5,1
SK100897,17-12-24,26,Male,Hyderabad,Beauty,1,40890,40,86,4,24534,4210.03,5,1
SK100898,11-05-25,58,Female,Chennai,Beauty,4,14325,0,260,4,57300,13630.45,1,1
SK100899,15-11-24,35,Female,Hyderabad,Sports,2,23880,0,194,7,47760,3853.02,4,1
SK100900,13-02-24,26,Female,Bengaluru,Furniture,1,25457,0,493,1,25457,2141.65,4,0
SK100901,09-01-24,51,Male,Delhi,Furniture,5,20656,20,355,10,82624,22908.8,5,1
SK100902,04-05-25,32,Male,Bengaluru,Sports,3,38540,0,466,8,115620,11585.45,5,1
SK100903,04-07-24,63,Female,Mumbai,Beauty,2,36525,20,249,1,58440,15540.64,5,1
SK100904,11-09-24,31,Female,Chennai,Beauty,1,17992,10,475,8,16192.8,4277.97,1,1
SK100905,21-04-25,35,Female,Mumbai,Fashion,1,27482,30,573,2,19237.4,2562.78,2,0
SK100906,19-08-24,63,Male,Chennai,Beauty,3,9457,0,340,10,28371,2287.31,2,0
SK100907,20-04-24,18,Female,Chennai,Electronics,4,7714,10,295,2,27770.4,3073.13,2,1
SK100908,08-07-24,38,Female,Lucknow,Grocery,5,17055,10,266,10,76747.5,20172.17,2,1
SK100909,18-10-24,26,Female,Chennai,Sports,5,31038,25,324,7,116392.5,15641.11,1,1
SK100910,04-07-24,34,Female,Hyderabad,Fashion,4,16119,40,493,5,38685.6,9180.73,1,1
SK100911,26-07-24,40,Male,Jaipur,Furniture,4,7655,10,502,1,27558,7252.53,2,1
SK100912,09-04-24,46,Male,Delhi,Electronics,4,46372,15,216,4,157664.8,33950.67,1,1
SK100913,01-12-24,22,Female,Chennai,Sports,4,30919,20,427,2,98940.8,21906.4,1,1
SK100914,12-11-24,20,Female,Pune,Electronics,1,28345,25,254,8,21258.75,861.37,2,0
SK100915,28-02-24,49,Male,Chennai,Beauty,2,9686,0,177,6,19372,3459.14,2,1
SK100916,21-11-24,57,Male,Hyderabad,Sports,4,49672,15,224,7,168884.8,33457.84,3,1
SK100917,20-10-24,47,Male,Delhi,Sports,1,29275,20,290,8,23420,1180.57,2,0
SK100918,30-05-25,37,Male,Jaipur,Furniture,5,38023,40,593,1,114069,32663.91,4,1
SK100919,01-06-25,62,Female,Delhi,Electronics,1,18587,0,426,5,18587,1485.8,4,0
SK100920,22-05-25,65,Female,Hyderabad,Fashion,2,7080,40,344,1,8496,2079.42,5,0
SK100921,27-02-24,28,Male,Delhi,Electronics,4,42056,5,529,8,159812.8,35536.28,1,1
SK100922,21-04-25,36,Female,Lucknow,Beauty,3,10500,15,106,4,26775,6066.04,4,1
SK100923,27-11-24,43,Female,Pune,Grocery,4,41472,0,122,6,165888,35788.43,2,1
SK100924,03-03-25,20,Male,Chennai,Grocery,4,17025,40,185,9,40860,11351.63,4,1
SK100925,04-06-24,55,Female,Delhi,Furniture,2,44067,40,325,3,52880.4,12069.28,5,1
SK100926,19-07-24,30,Male,Chennai,Electronics,3,3984,40,288,3,7171.2,1077.39,3,0
SK100927,01-03-24,44,Male,Chennai,Electronics,1,10163,40,464,7,6097.8,823.55,3,0
SK100928,13-04-24,30,Male,Delhi,Grocery,4,2414,10,165,6,8690.4,600.07,4,0
SK100929,23-01-24,31,Female,Pune,Furniture,5,27608,5,599,10,131138,26174.46,5,1
SK100930,12-10-24,64,Male,Delhi,Electronics,2,41026,5,68,2,77949.4,15368.83,3,1
SK100931,31-12-24,30,Female,Delhi,Electronics,5,439,20,537,1,1756,-40.08,5,0
SK100932,27-04-24,36,Female,Mumbai,Fashion,1,45036,15,387,1,38280.6,2660.28,1,0
SK100933,28-12-24,33,Female,Lucknow,Electronics,1,42242,40,283,9,25345.2,1752.92,3,0
SK100934,16-04-24,52,Female,Bengaluru,Electronics,3,33938,25,525,10,76360.5,7563.24,3,1
SK100935,02-12-24,29,Female,Delhi,Grocery,5,33561,25,87,4,125853.75,29737.1,3,1
SK100936,29-06-24,47,Female,Mumbai,Electronics,3,9198,25,144,8,20695.5,3951.97,5,1
SK100937,22-11-24,56,Male,Mumbai,Fashion,3,6705,0,299,2,20115,2899.6,5,0
SK100938,10-05-25,45,Male,Hyderabad,Fashion,1,5553,15,501,9,4720.05,468.19,1,0
SK100939,24-10-24,59,Female,Lucknow,Electronics,2,47109,30,325,6,65952.6,4353.29,3,1
SK100940,22-01-25,40,Male,Pune,Sports,1,10117,30,121,8,7081.9,1975.32,1,0
SK100941,28-04-24,62,Female,Delhi,Furniture,1,21396,0,198,9,21396,5625.06,1,1
SK100942,05-05-25,49,Female,Bengaluru,Sports,5,15484,25,269,4,58065,15775.5,1,1
SK100943,21-03-25,32,Male,Jaipur,Fashion,4,49189,40,556,4,118053.6,19234.56,5,1
SK100944,21-12-24,40,Male,Hyderabad,Grocery,3,29351,15,171,6,74845.05,14574.58,2,1
SK100945,16-03-24,19,Female,Delhi,Furniture,2,30438,25,423,10,45657,9974.41,3,1
SK100946,12-05-25,40,Female,Chennai,Grocery,2,25838,10,440,1,46508.4,7301.32,1,1
SK100947,23-01-24,50,Male,Jaipur,Fashion,3,14471,30,141,5,30389.1,6639.74,4,1
SK100948,27-03-24,46,Male,Delhi,Electronics,5,41915,5,594,10,199096.25,27968.16,4,1
SK100949,31-05-24,27,Female,Lucknow,Beauty,5,14803,15,427,8,62912.75,3133.46,4,1
SK100950,30-03-25,56,Male,Bengaluru,Beauty,2,1654,10,491,3,2977.2,353.54,3,0
SK100951,09-08-24,62,Male,Delhi,Grocery,1,19604,10,190,7,17643.6,5086.01,5,1
SK100952,12-06-25,43,Female,Bengaluru,Furniture,3,38463,20,100,10,92311.2,15011.06,4,1
SK100953,14-03-25,36,Male,Hyderabad,Furniture,1,12928,30,339,9,9049.6,1803.14,1,0
SK100954,03-01-25,58,Male,Mumbai,Electronics,5,14259,15,183,6,60600.75,6133,1,1
SK100955,04-06-25,22,Female,Lucknow,Beauty,2,32090,20,370,1,51344,11074.23,1,1
SK100956,07-01-24,47,Male,Mumbai,Electronics,1,7523,10,457,5,6770.7,766.19,5,0
SK100957,04-06-24,23,Female,Delhi,Furniture,3,4706,0,101,8,14118,3847.32,4,1
SK100958,18-12-24,63,Female,Hyderabad,Sports,5,678,10,103,4,3051,411.3,4,0
SK100959,13-05-24,61,Male,Hyderabad,Electronics,1,44421,0,182,4,44421,9558.18,5,1
SK100960,14-03-25,41,Female,Mumbai,Grocery,2,38429,0,440,1,76858,11871.01,5,1
SK100961,05-03-24,39,Male,Hyderabad,Fashion,4,3695,10,477,1,13302,2722.18,1,0
SK100962,28-05-25,31,Female,Lucknow,Fashion,5,5181,20,419,2,20724,2922.98,4,0
SK100963,27-07-24,55,Female,Bengaluru,Electronics,5,18542,5,308,4,88074.5,6006.65,2,1
SK100964,28-02-25,22,Female,Jaipur,Furniture,5,22640,15,98,8,96220,9527.41,4,1
SK100965,31-05-24,35,Female,Delhi,Furniture,1,25094,20,214,5,20075.2,4456.23,5,1
SK100966,01-08-24,59,Female,Mumbai,Grocery,3,48796,5,281,8,139068.6,18514.36,2,1
SK100967,08-01-24,24,Female,Delhi,Electronics,4,8786,30,425,10,24600.8,4065.47,2,1
SK100968,13-01-24,41,Female,Jaipur,Fashion,1,32291,10,590,4,29061.9,5307.77,5,1
SK100969,22-09-24,57,Male,Bengaluru,Grocery,4,2128,20,508,3,6809.6,1060.29,4,0
SK100970,02-03-24,63,Male,Mumbai,Electronics,3,14227,15,276,3,36278.85,9694,1,1
SK100971,21-03-24,41,Male,Hyderabad,Electronics,3,4256,25,245,3,9576,524.35,1,0
SK100972,10-02-24,43,Female,Pune,Beauty,3,27061,15,527,9,69005.55,15597.14,1,1
SK100973,20-04-24,27,Male,Hyderabad,Grocery,5,17126,40,591,8,51378,2282.99,4,0
SK100974,14-05-24,40,Male,Hyderabad,Fashion,4,18340,30,137,2,51352,6390.79,1,1
SK100975,30-04-25,62,Female,Bengaluru,Sports,5,33458,25,522,8,125467.5,24240.65,5,1
SK100976,13-06-24,40,Female,Chennai,Grocery,4,47145,0,291,4,188580,24586.78,2,1
SK100977,22-07-24,38,Female,Delhi,Sports,3,17864,0,361,7,53592,10577.14,4,1
SK100978,11-05-24,30,Male,Chennai,Electronics,4,44845,20,371,6,143504,31555.12,1,1
SK100979,13-04-25,64,Male,Lucknow,Grocery,3,35602,30,364,6,74764.2,11849.94,5,1
SK100980,04-09-24,22,Female,Hyderabad,Beauty,3,17294,25,345,4,38911.5,7333.25,2,1
SK100981,11-02-24,61,Female,Bengaluru,Electronics,3,17841,10,370,9,48170.7,14044.97,1,1
SK100982,27-05-24,50,Female,Bengaluru,Fashion,4,37574,5,80,6,142781.2,36114.32,2,1
SK100983,04-01-24,65,Female,Pune,Furniture,1,2069,0,567,1,2069,-287.5,5,0
SK100984,07-02-24,23,Male,Bengaluru,Sports,4,7226,10,84,9,26013.6,3045.84,4,1
SK100985,11-03-24,62,Male,Pune,Beauty,3,43565,40,220,4,78417,4873.4,1,1
SK100986,17-09-24,52,Female,Pune,Sports,5,25913,20,278,7,103652,26384.6,5,1
SK100987,08-08-24,33,Male,Delhi,Sports,3,40220,20,163,1,96528,24475.65,5,1
SK100988,09-05-25,35,Female,Delhi,Grocery,2,38103,30,430,7,53344.2,4887.59,5,1
SK100989,18-01-24,19,Female,Bengaluru,Fashion,4,30878,10,466,7,111160.8,6109.65,5,1
SK100990,31-03-25,51,Male,Lucknow,Beauty,2,41766,5,323,3,79355.4,7823.81,5,1
SK100991,10-10-24,22,Female,Bengaluru,Grocery,2,40262,0,577,1,80524,14869.26,3,1
SK100992,01-05-24,57,Male,Jaipur,Grocery,4,33283,30,345,10,93192.4,24462.86,4,1
SK100993,28-01-25,21,Female,Jaipur,Grocery,4,11438,20,70,3,36601.6,2892.61,3,0
SK100994,19-04-25,58,Male,Pune,Electronics,4,20079,20,183,8,64252.8,6059.55,2,1
SK100995,09-07-24,49,Female,Lucknow,Sports,2,43209,40,306,9,51850.8,4074.43,1,1
SK100996,22-03-24,49,Female,Pune,Beauty,3,43078,30,371,8,90463.8,9877.6,1,1
SK100997,16-12-24,61,Male,Hyderabad,Furniture,4,17156,30,385,9,48036.8,5792.97,5,1
SK100998,09-09-24,25,Male,Bengaluru,Electronics,3,5081,40,414,3,9145.8,1031.94,4,0
SK100999,07-02-25,44,Female,Hyderabad,Furniture,2,676,15,235,6,1149.2,76.04,5,0
SK101000,19-05-24,40,Female,Mumbai,Electronics,2,18711,30,334,10,26195.4,1987.12,5,0
SK101001,05-09-24,37,Male,Mumbai,Electronics,5,42710,10,275,7,192195,43000.84,1,1
SK101002,07-10-24,31,Male,Bengaluru,Fashion,3,42982,0,571,2,128946,9405.15,4,1
SK101003,26-08-24,36,Male,Bengaluru,Sports,5,9861,30,313,7,34513.5,8212.78,1,1
SK101004,12-11-24,30,Female,Jaipur,Fashion,5,5870,40,116,8,17610,1105.43,5,0
SK101005,14-02-25,58,Male,Jaipur,Sports,2,29647,5,149,7,56329.3,11778.93,4,1
SK101006,30-01-24,58,Female,Jaipur,Sports,3,31948,30,200,3,67090.8,3841.33,4,1
SK101007,12-11-24,56,Male,Lucknow,Fashion,5,38434,5,436,4,182561.5,41157.55,3,1
SK101008,30-07-24,62,Female,Hyderabad,Beauty,3,41553,20,83,8,99727.2,19464.76,1,1
SK101009,05-06-25,25,Male,Bengaluru,Furniture,4,12073,10,322,8,43462.8,11381.61,4,1
SK101010,10-03-24,43,Male,Hyderabad,Fashion,3,11128,30,301,6,23368.8,2632.93,2,0
SK101011,18-04-24,36,Male,Chennai,Electronics,4,24194,0,260,7,96776,22706.02,2,1
SK101012,02-05-25,50,Female,Bengaluru,Beauty,4,3056,25,143,8,9168,2078.7,2,0
SK101013,17-11-24,61,Female,Pune,Beauty,2,41815,10,555,5,75267,11504.2,4,1
SK101014,16-11-24,34,Female,Lucknow,Grocery,3,24134,5,66,10,68781.9,19057.92,4,1
SK101015,27-05-25,60,Female,Pune,Furniture,3,32259,0,302,5,96777,27963.45,2,1
SK101016,02-05-24,63,Male,Lucknow,Furniture,5,34275,0,193,3,171375,41270.23,5,1
SK101017,03-03-24,46,Female,Mumbai,Sports,1,2055,25,359,6,1541.25,63.2,3,0
SK101018,24-06-25,46,Male,Delhi,Beauty,2,39617,40,582,3,47540.4,3573.48,5,1
SK101019,12-06-24,28,Female,Pune,Sports,3,35992,25,105,6,80982,4314.92,4,1
SK101020,20-08-24,53,Female,Bengaluru,Fashion,4,44915,10,419,7,161694,47048.87,5,1
SK101021,13-08-24,18,Male,Pune,Furniture,1,25467,5,533,3,24193.65,5927.38,4,1
SK101022,11-05-24,32,Female,Lucknow,Fashion,4,2640,10,338,10,9504,586.62,5,0
SK101023,26-03-25,41,Female,Bengaluru,Beauty,5,22604,10,310,2,101718,15892.54,1,1
SK101024,28-09-24,32,Female,Bengaluru,Beauty,4,46871,40,224,3,112490.4,10178.28,2,1
SK101025,08-06-25,37,Female,Chennai,Furniture,2,33943,25,523,4,50914.5,10674.81,5,1
SK101026,09-05-24,60,Male,Bengaluru,Beauty,1,34129,25,76,9,25596.75,5898.87,3,1
SK101027,12-02-25,27,Female,Hyderabad,Electronics,3,7428,25,103,2,16713,3334.41,2,1
SK101028,20-05-24,34,Male,Jaipur,Grocery,4,3594,25,329,2,10782,2302.49,3,0
SK101029,13-11-24,50,Male,Mumbai,Sports,3,27520,25,379,6,61920,13181.35,5,1
SK101030,25-05-24,65,Female,Delhi,Fashion,2,3971,40,246,10,4765.2,1116.57,2,0
SK101031,27-09-24,22,Female,Delhi,Furniture,3,34722,15,183,1,88541.1,20197.81,4,1
SK101032,26-07-24,38,Male,Mumbai,Fashion,5,2273,40,419,7,6819,721.69,2,0
SK101033,15-08-24,54,Female,Jaipur,Electronics,1,5287,10,196,5,4758.3,471.67,1,0
SK101034,09-05-24,18,Female,Pune,Furniture,1,29610,10,282,2,26649,5526.63,4,1
SK101035,25-01-24,33,Male,Delhi,Furniture,3,32964,20,432,10,79113.6,18385.49,1,1
SK101036,31-10-24,24,Female,Mumbai,Electronics,2,33928,0,303,8,67856,5795,5,1
SK101037,26-02-24,64,Female,Jaipur,Beauty,3,9451,30,143,5,19847.1,1880.94,1,0
SK101038,17-05-25,47,Male,Pune,Fashion,3,5313,30,129,5,11157.3,877.44,3,0
SK101039,28-12-24,41,Male,Chennai,Sports,1,37695,25,136,3,28271.25,6243.59,1,1
SK101040,01-08-24,37,Female,Bengaluru,Electronics,3,40986,15,283,2,104514.3,8522.03,4,1
SK101041,17-01-25,58,Male,Mumbai,Sports,5,1579,5,359,2,7500.25,739.95,4,0
SK101042,30-08-24,49,Male,Chennai,Electronics,2,1781,10,381,6,3205.8,529.47,3,0
SK101043,05-05-24,36,Female,Chennai,Grocery,4,44227,5,591,8,168062.6,35195.9,4,1
SK101044,18-08-24,29,Male,Delhi,Beauty,5,41335,10,497,1,186007.5,40024.13,1,1
SK101045,02-02-24,51,Male,Bengaluru,Fashion,3,7349,40,258,2,13228.2,2612.31,2,0
SK101046,08-05-25,43,Female,Pune,Electronics,2,30799,10,354,5,55438.2,11639.99,1,1
SK101047,13-12-24,25,Male,Bengaluru,Grocery,5,35688,5,411,7,169518,10335.91,1,1
SK101048,14-02-24,41,Female,Hyderabad,Beauty,4,28243,30,595,6,79080.4,18303.36,5,1
SK101049,27-01-25,44,Female,Lucknow,Electronics,4,15595,30,394,4,43666,8516.43,1,1
SK101050,28-01-25,40,Male,Bengaluru,Grocery,4,30085,5,562,8,114323,13320.85,5,1
SK101051,02-03-25,39,Male,Hyderabad,Beauty,4,48986,25,474,10,146958,17821.23,1,1
SK101052,26-09-24,47,Male,Delhi,Fashion,4,39155,30,236,5,109634,28765.11,1,1
SK101053,12-03-25,41,Male,Lucknow,Sports,2,2801,25,331,10,4201.5,124.96,5,0
SK101054,12-01-24,48,Female,Jaipur,Beauty,4,31120,0,403,7,124480,9811.13,5,1
SK101055,02-12-24,23,Male,Pune,Furniture,3,30326,25,263,1,68233.5,11535.67,2,1
SK101056,01-12-24,29,Male,Mumbai,Electronics,1,44597,30,235,3,31217.9,2737.61,1,0
SK101057,13-05-25,35,Male,Jaipur,Electronics,4,32934,25,168,1,98802,25736.96,1,1
SK101058,04-06-24,33,Female,Jaipur,Furniture,5,22627,40,175,10,67881,15054.06,2,1
SK101059,07-01-25,51,Female,Mumbai,Grocery,1,22775,40,57,8,13665,2773.47,4,0
SK101060,31-03-24,57,Female,Mumbai,Sports,4,19121,20,56,7,61187.2,6295.4,3,1
SK101061,03-05-24,21,Male,Lucknow,Fashion,3,14810,20,424,3,35544,3455.94,2,1
SK101062,09-04-25,38,Male,Mumbai,Beauty,1,14542,0,74,4,14542,2952.33,3,0
SK101063,02-04-24,65,Female,Lucknow,Grocery,3,16492,0,214,9,49476,6761.64,3,1
SK101064,12-04-24,35,Male,Chennai,Fashion,2,16280,40,498,7,19536,2210.85,3,0
SK101065,28-05-25,46,Female,Bengaluru,Grocery,3,35496,5,71,7,101163.6,30042.37,4,1
SK101066,11-02-25,63,Male,Jaipur,Grocery,2,21839,30,533,10,30574.6,2087.87,5,0
SK101067,18-10-24,60,Male,Jaipur,Furniture,4,31391,5,100,6,119285.8,12502.14,4,1
SK101068,20-10-24,22,Male,Chennai,Furniture,5,25562,40,418,7,76686,22565.32,5,1
SK101069,25-01-24,37,Male,Bengaluru,Electronics,2,9777,40,144,4,11732.4,2874.81,5,0
SK101070,31-03-25,49,Male,Pune,Grocery,4,5093,5,345,5,19353.4,2588.41,3,0
SK101071,13-02-25,42,Male,Pune,Furniture,4,17299,5,569,9,65736.2,2882.02,5,0
SK101072,31-03-25,25,Female,Chennai,Furniture,3,25115,20,239,1,60276,9709.69,2,1
SK101073,17-05-25,23,Female,Delhi,Fashion,5,15094,5,96,5,71696.5,5826.56,5,1
SK101074,18-05-25,62,Male,Mumbai,Electronics,3,24443,30,228,9,51330.3,4758.35,1,1
SK101075,08-09-24,26,Male,Mumbai,Beauty,3,46271,0,147,9,138813,27404.64,1,1
SK101076,25-07-24,24,Female,Pune,Electronics,3,9431,15,207,5,24049.05,1344.69,2,0
SK101077,19-03-24,36,Male,Pune,Grocery,2,8183,0,333,6,16366,2324.38,3,0
SK101078,23-06-24,56,Male,Mumbai,Beauty,3,27515,40,329,7,49527,12948.24,1,1
SK101079,08-06-24,50,Male,Pune,Sports,3,11976,20,64,2,28742.4,4633.14,1,1
SK101080,09-04-24,40,Male,Delhi,Sports,1,34470,40,290,6,20682,772.13,2,0
SK101081,27-02-25,49,Female,Pune,Sports,2,42971,5,178,5,81644.9,22004.68,3,1
SK101082,23-01-25,45,Male,Delhi,Furniture,1,12636,20,304,8,10108.8,268.54,4,0
SK101083,26-02-24,48,Male,Chennai,Furniture,2,7919,10,231,1,14254.2,490.85,4,0
SK101084,20-11-24,54,Female,Chennai,Electronics,2,44508,30,505,5,62311.2,10010.49,1,1
SK101085,25-03-25,56,Male,Jaipur,Fashion,2,13477,40,257,1,16172.4,2353.81,5,0
SK101086,04-04-25,54,Female,Chennai,Beauty,3,44414,25,274,9,99931.5,13542.28,2,1
SK101087,10-05-25,49,Female,Lucknow,Beauty,2,15514,15,321,1,26373.8,2130.12,4,0
SK101088,28-03-25,38,Female,Delhi,Grocery,3,49428,10,468,3,133455.6,7988.9,5,1
SK101089,19-07-24,26,Male,Delhi,Beauty,1,3292,5,428,1,3127.4,62.18,2,0
SK101090,11-02-25,19,Male,Jaipur,Beauty,1,33633,5,450,8,31951.35,3868.1,3,1
SK101091,11-04-25,20,Female,Jaipur,Fashion,4,29687,15,409,10,100935.8,28666.1,3,1
SK101092,16-03-24,19,Male,Chennai,Fashion,1,2356,40,538,7,1413.6,-407.39,1,0
SK101093,18-10-24,28,Male,Mumbai,Beauty,4,24344,10,243,7,87638.4,5072.41,5,1
SK101094,22-04-25,35,Female,Hyderabad,Furniture,1,11621,40,284,1,6972.6,204.73,5,0
SK101095,11-04-25,32,Female,Mumbai,Sports,1,39719,15,67,5,33761.15,6933.05,1,1
SK101096,30-11-24,32,Male,Lucknow,Beauty,5,14604,10,124,9,65718,9285.77,5,1
SK101097,31-07-24,65,Female,Jaipur,Beauty,4,18764,20,280,7,60044.8,5220.79,4,1
SK101098,16-01-25,19,Male,Pune,Fashion,5,2972,15,147,1,12631,3069.2,5,1
SK101099,19-03-25,60,Female,Mumbai,Electronics,4,30499,10,310,7,109796.4,20749.62,2,1
SK101100,09-02-24,21,Female,Pune,Electronics,2,38354,10,523,8,69037.2,15275.15,5,1
SK101101,02-04-25,40,Male,Lucknow,Sports,3,16281,5,220,7,46400.85,9010.44,4,1
SK101102,26-02-24,64,Male,Chennai,Furniture,3,31890,5,232,9,90886.5,22184.44,5,1
SK101103,12-07-24,19,Male,Jaipur,Sports,2,38549,0,461,1,77098,6966.07,5,1
SK101104,05-02-25,25,Female,Jaipur,Beauty,2,15470,25,485,2,23205,6089.12,3,1
SK101105,27-04-25,58,Female,Jaipur,Grocery,1,33625,20,396,8,26900,2885.46,4,0
SK101106,08-09-24,63,Female,Mumbai,Sports,3,41462,5,201,10,118166.7,11777.18,1,1
SK101107,03-04-24,30,Male,Delhi,Electronics,2,45535,20,136,1,72856,19959.79,2,1
SK101108,20-02-24,47,Female,Chennai,Beauty,3,18440,5,84,7,52554,9270.77,4,1
SK101109,18-08-24,22,Male,Bengaluru,Sports,5,17559,0,403,10,87795,16921.92,1,1
SK101110,09-07-24,32,Female,Jaipur,Fashion,3,36444,5,261,4,103865.4,16960.7,1,1
SK101111,04-02-24,55,Female,Delhi,Fashion,2,23715,40,588,10,28458,2056.39,5,0
SK101112,17-05-24,28,Male,Lucknow,Grocery,4,16750,20,91,5,53600,14617.75,3,1
SK101113,19-07-24,28,Male,Jaipur,Beauty,2,5377,25,224,3,8065.5,1640.12,3,0
SK101114,05-06-25,49,Female,Chennai,Electronics,5,43763,20,104,9,175052,29707.7,5,1
SK101115,13-05-25,52,Female,Jaipur,Electronics,2,312,40,362,4,374.4,-342.5,1,0
SK101116,23-01-24,53,Male,Chennai,Beauty,5,20476,10,538,8,92142,4567.04,2,1
SK101117,10-04-25,42,Male,Pune,Electronics,2,20830,30,496,3,29162,3445.46,2,1
SK101118,08-11-24,18,Male,Bengaluru,Furniture,5,46060,30,471,2,161210,37923.94,1,1
SK101119,17-06-24,46,Female,Pune,Electronics,4,5228,30,513,1,14638.4,961.77,3,0
SK101120,05-04-25,50,Male,Chennai,Furniture,3,39715,0,505,8,119145,11860.78,2,1
SK101121,11-06-24,54,Female,Hyderabad,Fashion,1,6516,40,69,9,3909.6,776.87,4,0
SK101122,29-03-25,23,Male,Hyderabad,Sports,4,33491,10,483,6,120567.6,26259.09,5,1
SK101123,14-10-24,35,Male,Hyderabad,Fashion,1,30983,0,575,4,30983,5367.14,3,1
SK101124,27-01-25,25,Female,Jaipur,Furniture,1,32064,10,131,2,28857.6,5466.6,4,1
SK101125,09-01-24,22,Female,Chennai,Sports,1,42137,40,347,9,25282.2,3488.62,1,1
SK101126,12-06-24,21,Female,Hyderabad,Furniture,2,30902,5,199,1,58713.8,16120.63,4,1
SK101127,13-05-25,65,Male,Hyderabad,Beauty,1,37905,30,397,2,26533.5,5240.56,5,1
SK101128,10-02-25,19,Male,Bengaluru,Furniture,1,28753,20,146,10,23002.4,1037.62,1,0
SK101129,19-07-24,57,Female,Delhi,Beauty,5,31927,15,175,4,135689.75,22345.26,4,1
SK101130,27-11-24,25,Male,Mumbai,Fashion,2,44065,40,350,5,52878,15287.71,2,1
SK101131,24-05-24,21,Male,Delhi,Furniture,5,24689,40,493,3,74067,17457.43,1,1
SK101132,05-10-24,47,Female,Hyderabad,Fashion,1,18558,5,482,3,17630.1,474.54,3,0
SK101133,19-02-25,36,Female,Mumbai,Fashion,3,25116,10,308,4,67813.2,17091.66,1,1
SK101134,30-04-25,28,Male,Hyderabad,Grocery,1,7849,20,53,9,6279.2,585.15,4,0
SK101135,25-03-25,19,Female,Lucknow,Grocery,5,39497,40,189,10,118491,9291.31,5,1
SK101136,18-02-24,60,Male,Chennai,Sports,2,9854,0,56,5,19708,930.78,5,0
SK101137,12-01-25,32,Female,Hyderabad,Electronics,5,15055,0,178,7,75275,10987.26,1,1
SK101138,26-11-24,45,Male,Pune,Grocery,2,34585,30,465,4,48419,5535.28,2,1
SK101139,05-03-24,44,Male,Jaipur,Furniture,1,6123,40,104,9,3673.8,373.25,5,0
SK101140,29-01-25,23,Female,Hyderabad,Beauty,1,23423,10,368,7,21080.7,811.65,3,0
SK101141,14-01-25,30,Female,Chennai,Fashion,4,9425,40,157,9,22620,4969.97,3,1
SK101142,09-03-25,39,Male,Mumbai,Sports,4,20674,20,110,1,66156.8,7923.66,4,1
SK101143,15-06-24,41,Female,Hyderabad,Electronics,1,25206,10,474,1,22685.4,1376.92,1,0
SK101144,12-07-24,43,Female,Hyderabad,Sports,1,33669,5,403,4,31985.55,2169.14,3,0
SK101145,19-07-24,40,Female,Lucknow,Beauty,1,36765,5,333,3,34926.75,2729.8,1,0
SK101146,03-04-25,21,Male,Pune,Beauty,4,31771,25,559,5,95313,8955.99,3,1
SK101147,08-10-24,48,Male,Lucknow,Grocery,3,49552,15,84,1,126357.6,25432.35,2,1
SK101148,19-02-24,51,Male,Lucknow,Fashion,1,39845,20,168,9,31876,4442.14,3,1
SK101149,27-03-24,42,Male,Lucknow,Fashion,1,11567,10,504,10,10410.3,1514.17,3,0
SK101150,06-03-25,35,Male,Delhi,Furniture,4,27525,20,205,5,88080,21847.11,1,1
SK101151,05-02-24,25,Female,Hyderabad,Furniture,5,49801,30,205,3,174303.5,42321.44,4,1
SK101152,03-12-24,49,Male,Lucknow,Furniture,2,44743,10,241,10,80537.4,13787.16,3,1
SK101153,18-02-24,24,Female,Mumbai,Beauty,4,46966,40,249,7,112718.4,7143.03,2,1
SK101154,02-12-24,48,Female,Mumbai,Furniture,5,41460,30,599,4,145110,18099.9,3,1
SK101155,04-09-24,25,Female,Delhi,Sports,4,33475,10,422,3,120510,19348.89,2,1
SK101156,26-02-25,25,Male,Delhi,Furniture,3,32788,20,59,4,78691.2,8922.59,3,1
SK101157,21-01-24,27,Female,Delhi,Electronics,3,18768,0,368,9,56304,4192.16,4,1
SK101158,24-05-25,56,Male,Jaipur,Beauty,2,37969,25,464,6,56953.5,12519.28,2,1
SK101159,17-11-24,47,Male,Delhi,Sports,4,13872,0,55,10,55488,7262.23,5,1
SK101160,08-03-24,33,Male,Pune,Grocery,5,1971,20,308,5,7884,1194.72,2,0
SK101161,22-01-24,30,Female,Jaipur,Furniture,3,40544,40,295,9,72979.2,6257.8,5,1
SK101162,11-11-24,58,Female,Lucknow,Furniture,1,2240,40,202,1,1344,101.22,3,0
SK101163,14-12-24,34,Male,Chennai,Fashion,5,22177,30,546,7,77619.5,10095.57,2,1
SK101164,06-03-24,44,Male,Pune,Beauty,5,28237,15,308,3,120007.25,24519.83,5,1
SK101165,06-06-25,60,Female,Chennai,Beauty,3,46984,5,53,1,133904.4,31276.24,2,1
SK101166,11-06-25,31,Male,Hyderabad,Furniture,1,25507,20,514,10,20405.6,1422.5,5,0
SK101167,09-03-25,32,Female,Pune,Furniture,4,47235,5,559,4,179493,41365.96,3,1
SK101168,30-03-25,26,Female,Bengaluru,Electronics,4,48389,20,408,7,154844.8,43302.37,4,1
SK101169,03-10-24,54,Male,Mumbai,Grocery,5,37329,15,313,6,158648.25,28576.82,5,1
SK101170,07-01-25,28,Male,Delhi,Beauty,2,24772,5,291,5,47066.8,3902.3,5,1
SK101171,11-09-24,43,Male,Lucknow,Grocery,5,15292,25,452,10,57345,13926.15,4,1
SK101172,30-03-24,54,Male,Bengaluru,Electronics,3,1415,30,108,10,2971.5,628.11,5,0
SK101173,08-01-24,48,Female,Lucknow,Sports,2,30735,10,240,9,55323,7490.03,2,1
SK101174,25-02-25,43,Female,Bengaluru,Sports,5,7303,20,315,9,29212,3464.52,2,1
SK101175,16-10-24,58,Female,Pune,Fashion,3,5263,20,402,3,12631.2,2790.59,3,0
SK101176,01-05-25,28,Female,Pune,Beauty,1,37142,40,168,2,22285.2,3978.49,3,1
SK101177,25-05-25,25,Female,Chennai,Fashion,2,8011,40,590,2,9613.2,228.98,5,0
SK101178,12-11-24,49,Male,Chennai,Fashion,3,37142,30,389,1,77998.2,7436.01,3,1
SK101179,05-02-24,61,Male,Hyderabad,Sports,5,40306,30,315,2,141071,21588.2,4,1
SK101180,10-05-24,19,Male,Mumbai,Electronics,2,44861,5,286,9,85235.9,14463.29,2,1
SK101181,12-10-24,43,Male,Chennai,Furniture,2,23331,15,96,10,39662.7,7636.07,5,1
SK101182,21-04-24,43,Female,Delhi,Beauty,4,46075,20,337,8,147440,13038.07,4,1
SK101183,22-05-24,55,Female,Mumbai,Fashion,3,49808,15,150,10,127010.4,28919.79,2,1
SK101184,18-11-24,60,Male,Bengaluru,Furniture,3,34459,5,221,5,98208.15,21858.13,1,1
SK101185,06-12-24,51,Female,Lucknow,Sports,4,25287,5,97,7,96090.6,26169.86,3,1
SK101186,06-03-25,49,Female,Mumbai,Sports,5,4486,5,573,4,21308.5,933.32,1,0
SK101187,30-05-24,65,Female,Bengaluru,Grocery,5,18682,40,192,4,56046,7109.32,4,1
SK101188,25-08-24,29,Female,Mumbai,Furniture,3,8662,15,496,1,22088.1,2182.63,4,0
SK101189,19-07-24,51,Female,Chennai,Furniture,4,2055,20,477,4,6576,180.71,3,0
SK101190,21-02-24,50,Male,Mumbai,Sports,2,16133,30,259,10,22586.2,4543.3,5,1
SK101191,19-02-25,18,Male,Pune,Beauty,2,28556,15,234,4,48545.2,3512.09,4,1
SK101192,13-12-24,43,Male,Chennai,Furniture,1,34671,15,486,1,29470.35,5004.98,3,1
SK101193,13-02-24,34,Male,Hyderabad,Grocery,4,9765,20,455,9,31248,4435.3,5,1
SK101194,21-04-25,21,Female,Bengaluru,Furniture,2,19594,40,182,8,23512.8,5938.66,2,1
SK101195,18-06-25,58,Male,Mumbai,Furniture,4,15425,30,265,3,43190,10093.33,5,1
SK101196,15-07-24,51,Male,Bengaluru,Beauty,3,15780,40,580,6,28404,3231.71,3,1
SK101197,24-04-24,54,Male,Pune,Sports,2,36434,25,82,7,54651,13302.37,2,1
SK101198,11-04-24,55,Male,Bengaluru,Electronics,4,7379,0,561,2,29516,2499.58,2,0
SK101199,30-05-24,41,Female,Pune,Fashion,3,8526,20,325,7,20462.4,2815.14,1,0
SK101200,14-04-25,49,Female,Bengaluru,Grocery,3,47823,25,276,1,107601.75,11108.24,5,1
SK101201,25-03-24,30,Female,Bengaluru,Fashion,4,18134,25,124,8,54402,4782.49,1,1
SK101202,16-10-24,62,Male,Jaipur,Grocery,4,23240,10,229,8,83664,12756.84,5,1
SK101203,19-04-24,30,Male,Mumbai,Electronics,5,45155,20,540,8,180620,50542.65,1,1
SK101204,20-11-24,18,Male,Hyderabad,Beauty,2,12936,5,426,3,24578.4,1720.15,1,0
SK101205,03-05-25,45,Female,Mumbai,Beauty,4,44006,25,491,4,132018,20928.57,5,1
SK101206,05-05-25,34,Female,Lucknow,Furniture,4,42434,40,382,9,101841.6,8410.79,4,1
SK101207,21-02-24,22,Female,Jaipur,Electronics,4,23667,25,459,3,71001,13894.44,3,1
SK101208,22-01-25,44,Female,Bengaluru,Fashion,3,20023,0,389,3,60069,3994.63,2,1
SK101209,14-02-24,26,Female,Hyderabad,Grocery,2,36862,0,416,10,73724,12325.36,5,1
SK101210,27-05-24,23,Male,Chennai,Electronics,4,4464,25,264,4,13392,3028.93,4,1
SK101211,25-09-24,50,Male,Chennai,Sports,5,49380,10,579,9,222210,11099.97,3,1
SK101212,02-05-24,24,Male,Pune,Beauty,4,43589,0,81,2,174356,19668,4,1
SK101213,10-03-24,46,Female,Bengaluru,Sports,5,10593,15,519,2,45020.25,11540.72,4,1
SK101214,10-04-25,30,Male,Bengaluru,Grocery,2,48784,15,244,9,82932.8,11684.86,1,1
SK101215,27-01-24,24,Female,Jaipur,Sports,1,30179,30,62,8,21125.3,4454.9,5,1
SK101216,08-07-24,20,Female,Jaipur,Grocery,3,16974,40,191,9,30553.2,3257.67,4,1
SK101217,08-02-24,44,Male,Bengaluru,Fashion,4,48495,0,334,10,193980,32474.79,2,1
SK101218,02-01-25,23,Male,Jaipur,Furniture,5,7308,40,322,10,21924,4634.37,3,1
SK101219,21-08-24,33,Male,Pune,Electronics,5,4758,0,301,1,23790,4164.81,5,1
SK101220,04-05-25,31,Female,Lucknow,Furniture,5,20998,5,566,4,99740.5,19013.84,4,1
SK101221,22-10-24,51,Female,Hyderabad,Electronics,4,3877,15,482,5,13181.8,1681.68,5,0
SK101222,14-02-25,55,Female,Bengaluru,Fashion,3,3778,20,406,9,9067.2,1292.01,3,0
SK101223,03-05-24,47,Female,Jaipur,Grocery,5,34467,30,574,2,120634.5,28026.8,4,1
SK101224,07-03-24,20,Male,Jaipur,Sports,3,14888,20,240,4,35731.2,4371.42,1,1
SK101225,12-11-24,30,Female,Jaipur,Beauty,2,15130,0,321,4,30260,6417.09,3,1
SK101226,06-05-25,45,Female,Hyderabad,Electronics,3,10794,40,113,9,19429.2,3404.97,1,1
SK101227,19-04-24,35,Female,Delhi,Furniture,4,44475,30,248,3,124530,25431.48,3,1
SK101228,23-02-24,62,Male,Lucknow,Grocery,1,15624,20,325,6,12499.2,3062.7,2,1
SK101229,20-06-25,38,Female,Mumbai,Sports,2,13225,5,274,1,25127.5,4219.51,1,1
SK101230,05-02-25,53,Female,Pune,Beauty,4,4558,15,410,6,15497.2,2186.74,4,0
SK101231,19-02-25,40,Male,Hyderabad,Sports,4,21334,20,342,5,68268.8,7472.11,2,1
SK101232,01-01-25,60,Male,Jaipur,Grocery,1,25492,15,563,7,21668.2,1404.63,2,0
SK101233,09-04-25,61,Male,Lucknow,Grocery,5,42382,30,500,3,148337,38717.79,4,1
SK101234,08-03-25,23,Male,Hyderabad,Grocery,1,45996,20,186,1,36796.8,9276.07,1,1
SK101235,13-11-24,51,Female,Bengaluru,Sports,2,6366,30,376,2,8912.4,852.7,2,0
SK101236,07-04-24,51,Male,Mumbai,Sports,1,43793,20,222,3,35034.4,7313.06,1,1
SK101237,21-05-24,44,Female,Bengaluru,Sports,2,660,30,393,3,924,-253.11,1,0
SK101238,13-12-24,51,Male,Delhi,Beauty,1,42139,15,366,8,35818.15,7425.98,4,1
SK101239,22-12-24,61,Female,Pune,Electronics,1,4808,30,120,7,3365.6,758.23,4,0
SK101240,13-03-24,58,Female,Hyderabad,Grocery,5,39288,25,406,8,147330,26041.5,4,1
SK101241,07-02-24,38,Male,Delhi,Grocery,3,22553,5,524,6,64276.05,11514.54,5,1
SK101242,21-06-24,18,Male,Bengaluru,Electronics,1,8716,30,204,10,6101.2,1269.1,4,0
SK101243,20-06-25,60,Male,Bengaluru,Sports,2,12423,0,404,6,24846,2021.85,4,0
SK101244,15-10-24,39,Female,Lucknow,Electronics,5,44365,0,432,7,221825,42987.94,2,1
SK101245,24-08-24,59,Female,Delhi,Fashion,3,35075,40,594,5,63135,17396.8,2,1
SK101246,11-05-25,18,Male,Pune,Fashion,3,44571,40,193,3,80227.8,10581.66,3,1
SK101247,18-12-24,44,Male,Chennai,Electronics,5,11054,20,99,2,44216,7293.97,2,1
SK101248,25-03-24,35,Female,Jaipur,Fashion,3,29488,10,574,10,79617.6,16157.09,4,1
SK101249,17-10-24,47,Male,Chennai,Fashion,3,21650,0,485,2,64950,12131.52,3,1
SK101250,19-06-25,20,Female,Chennai,Beauty,5,35550,0,556,10,177750,48668.79,1,1
SK101251,28-04-25,55,Female,Bengaluru,Fashion,4,20824,20,449,4,66636.8,8906.61,5,1
SK101252,28-05-25,44,Male,Hyderabad,Beauty,1,41039,10,137,2,36935.1,3038.27,5,1
SK101253,14-01-24,42,Male,Pune,Grocery,4,14048,0,264,1,56192,3053,4,1
SK101254,24-02-25,46,Female,Mumbai,Electronics,4,42771,10,139,6,153975.6,40889.85,5,1
SK101255,16-02-25,31,Female,Jaipur,Electronics,4,9725,5,205,6,36955,9560.97,5,1
SK101256,12-05-25,19,Female,Mumbai,Sports,1,47544,25,442,5,35658,7720.03,3,1
SK101257,16-02-24,46,Male,Pune,Electronics,4,35727,25,125,7,107181,27722.95,5,1
SK101258,21-02-25,56,Male,Hyderabad,Fashion,3,345,20,554,6,828,-424.95,3,0
SK101259,23-01-25,25,Male,Jaipur,Beauty,2,7109,25,443,3,10663.5,527.66,4,0
SK101260,08-01-25,25,Female,Lucknow,Beauty,3,6238,25,422,5,14035.5,1003.3,2,0
SK101261,23-10-24,20,Female,Pune,Sports,2,18682,20,433,5,29891.2,4589.85,4,1
SK101262,05-11-24,24,Female,Lucknow,Sports,5,18307,0,222,8,91535,8400.82,2,1
SK101263,20-02-24,61,Male,Bengaluru,Electronics,4,33809,40,433,4,81141.6,12255.48,3,1
SK101264,12-12-24,45,Male,Bengaluru,Grocery,2,16826,20,297,8,26921.6,4263.76,1,1
SK101265,29-04-25,27,Female,Delhi,Fashion,3,25292,20,366,1,60700.8,6173.73,4,1
SK101266,11-01-24,30,Male,Bengaluru,Grocery,4,23170,30,196,4,64876,18200.87,4,1
SK101267,03-03-24,33,Female,Delhi,Sports,4,8698,15,382,9,29573.2,3755.13,3,1
SK101268,15-01-25,55,Female,Delhi,Electronics,4,31270,15,521,3,106318,15956.45,2,1
SK101269,24-08-24,63,Male,Jaipur,Furniture,3,44740,0,186,4,134220,10402.48,4,1
SK101270,13-08-24,51,Female,Pune,Fashion,4,23057,15,379,8,78393.8,20328.67,4,1
SK101271,12-05-25,27,Female,Hyderabad,Fashion,4,41462,5,324,3,157555.6,24175.65,5,1
SK101272,03-05-25,29,Female,Hyderabad,Sports,4,8064,10,126,5,29030.4,3845.48,4,1
SK101273,26-07-24,19,Male,Mumbai,Beauty,1,40378,5,140,7,38359.1,10743.27,4,1
SK101274,19-02-24,40,Female,Bengaluru,Sports,2,41153,30,66,2,57614.2,6427.96,4,1
SK101275,19-02-24,26,Female,Jaipur,Electronics,3,20698,40,560,9,37256.4,10303.69,3,1
SK101276,27-12-24,18,Male,Pune,Fashion,2,17544,5,519,1,33333.6,2947.67,1,0
SK101277,19-02-24,39,Male,Bengaluru,Grocery,1,4949,5,458,5,4701.55,938.34,4,0
SK101278,18-05-25,61,Male,Pune,Grocery,4,44702,0,220,2,178808,43311.55,5,1
SK101279,19-06-25,50,Female,Delhi,Electronics,1,35375,30,480,4,24762.5,5998.71,1,1
SK101280,19-03-24,19,Female,Lucknow,Electronics,2,11218,25,282,10,16827,1171.91,2,0
SK101281,02-03-24,32,Male,Jaipur,Grocery,1,24153,5,187,8,22945.35,1972.86,3,0
SK101282,24-01-25,51,Female,Chennai,Sports,2,39085,15,526,8,66444.5,15883.95,4,1
SK101283,19-02-25,57,Male,Mumbai,Furniture,3,16435,10,563,2,44374.5,9531.54,1,1
SK101284,16-06-25,43,Male,Mumbai,Electronics,4,12411,0,535,2,49644,7980.66,1,1
SK101285,19-05-25,34,Female,Jaipur,Furniture,5,1380,40,586,1,4140,-167.92,3,0
SK101286,08-04-25,24,Male,Bengaluru,Electronics,5,22379,10,589,8,100705.5,8714.39,3,1
SK101287,28-05-25,20,Male,Bengaluru,Grocery,2,23661,5,85,2,44955.9,7733.77,5,1
SK101288,07-04-24,45,Female,Bengaluru,Beauty,3,23458,15,179,3,59817.9,11122.03,5,1
SK101289,23-03-25,40,Female,Chennai,Beauty,3,19879,25,520,7,44727.75,3736.87,4,1
SK101290,26-06-24,50,Female,Bengaluru,Furniture,2,16290,5,108,8,30951,7460.91,1,1
SK101291,05-06-24,41,Male,Lucknow,Beauty,5,6017,20,360,7,24068,4660.07,4,1
SK101292,16-06-25,41,Female,Mumbai,Fashion,4,7601,0,405,5,30404,7353.55,1,1
SK101293,04-01-24,35,Female,Chennai,Electronics,1,35124,30,453,7,24586.8,2919.44,1,0
SK101294,04-01-24,57,Male,Chennai,Sports,3,41344,15,191,2,105427.2,15683.43,4,1
SK101295,17-02-25,21,Female,Chennai,Electronics,4,10895,20,514,5,34864,7259.58,4,1
SK101296,29-05-24,64,Female,Mumbai,Electronics,3,49730,40,371,10,89514,24040.87,2,1
SK101297,30-03-25,49,Female,Hyderabad,Sports,4,18734,30,581,3,52455.2,14247.74,4,1
SK101298,15-01-24,23,Female,Hyderabad,Electronics,5,41853,0,266,5,209265,32708.73,1,1
SK101299,27-08-24,43,Female,Lucknow,Sports,5,26909,40,167,9,80727,7950.74,4,1
SK101300,29-11-24,58,Female,Jaipur,Electronics,5,23165,30,301,6,81077.5,19968.67,3,1
SK101301,06-03-24,61,Male,Lucknow,Furniture,4,32707,30,290,6,91579.6,12110.7,1,1
SK101302,16-07-24,49,Male,Delhi,Fashion,1,7204,15,475,3,6123.4,1027.46,3,0
SK101303,28-06-24,30,Male,Jaipur,Furniture,3,3910,30,333,5,8211,949.37,5,0
SK101304,08-02-24,33,Female,Hyderabad,Fashion,5,34534,20,316,5,138136,38470.84,3,1
SK101305,10-02-24,40,Male,Pune,Electronics,4,16238,0,157,2,64952,4308.57,2,1
SK101306,02-03-24,24,Male,Pune,Furniture,3,27331,10,168,10,73793.7,6820.34,3,1
SK101307,10-03-24,19,Male,Bengaluru,Furniture,1,36484,40,308,8,21890.4,1079.51,2,0
SK101308,26-03-24,42,Male,Delhi,Sports,1,23871,0,589,6,23871,4039.61,4,1
SK101309,11-10-24,35,Female,Pune,Sports,5,14772,30,336,5,51702,3171.02,3,1
SK101310,03-02-24,28,Male,Chennai,Sports,4,3640,25,597,2,10920,2282.2,3,0
SK101311,13-06-24,43,Female,Jaipur,Grocery,4,19787,15,312,8,67275.8,7383.12,1,1
SK101312,03-04-24,18,Male,Mumbai,Beauty,4,41351,0,281,3,165404,8142.73,1,1
SK101313,11-02-25,31,Male,Delhi,Sports,2,31336,5,186,5,59538.4,3062.04,5,1
SK101314,20-01-25,37,Female,Lucknow,Fashion,2,5119,0,199,3,10238,2066.17,2,0
SK101315,21-03-24,38,Male,Bengaluru,Beauty,3,38153,40,415,6,68675.4,15390.39,3,1
SK101316,07-12-24,53,Female,Jaipur,Furniture,5,19263,25,243,5,72236.25,21419.31,3,1
SK101317,23-06-25,52,Male,Delhi,Beauty,3,27745,10,372,6,74911.5,12663.22,3,1
SK101318,14-06-25,23,Male,Chennai,Furniture,5,36404,15,302,3,154717,17177.48,4,1
SK101319,26-02-24,27,Female,Bengaluru,Beauty,5,43299,15,329,8,184020.75,11746.75,4,1
SK101320,04-09-24,56,Female,Jaipur,Sports,5,7390,0,492,4,36950,8075.99,4,1
SK101321,30-01-24,41,Male,Chennai,Beauty,3,42989,25,221,5,96725.25,7757.42,3,1
SK101322,23-02-25,56,Female,Delhi,Grocery,3,6529,25,305,1,14690.25,1294.94,4,0
SK101323,03-05-24,44,Male,Pune,Grocery,3,35537,40,460,8,63966.6,9127.13,2,1
SK101324,09-03-25,30,Male,Chennai,Furniture,1,22314,20,440,3,17851.2,3044.08,3,1
SK101325,21-05-25,59,Male,Pune,Sports,4,19688,5,213,8,74814.4,19276.37,1,1
SK101326,02-04-25,60,Male,Hyderabad,Fashion,5,18451,10,54,10,83029.5,22996.47,3,1
SK101327,26-09-24,55,Female,Mumbai,Beauty,4,30599,40,293,4,73437.6,4976.07,2,1
SK101328,20-02-24,43,Male,Hyderabad,Furniture,3,5662,5,170,5,16136.7,3175.49,3,1
SK101329,14-06-24,48,Male,Chennai,Sports,5,30193,5,237,1,143416.75,28474.01,3,1
SK101330,23-01-24,26,Female,Chennai,Beauty,1,23799,10,74,7,21419.1,4214.77,1,1
SK101331,02-04-24,35,Male,Pune,Beauty,1,17034,40,200,2,10220.4,2408.55,4,0
SK101332,27-04-24,58,Male,Chennai,Beauty,2,17047,25,159,4,25570.5,2972.97,5,0
SK101333,04-05-24,58,Female,Jaipur,Furniture,3,11875,5,397,2,33843.75,3255.24,1,1
SK101334,05-06-24,32,Male,Bengaluru,Beauty,2,23907,10,58,1,43032.6,3508.68,4,1
SK101335,03-08-24,54,Female,Bengaluru,Furniture,3,31723,25,213,2,71376.75,10114.33,4,1
SK101336,14-05-25,62,Male,Jaipur,Sports,1,34967,30,210,3,24476.9,5156.76,5,1
SK101337,25-03-25,21,Male,Chennai,Sports,1,30498,0,372,6,30498,8033.92,3,1
SK101338,23-03-25,42,Female,Jaipur,Fashion,5,43170,0,227,10,215850,31391.81,4,1
SK101339,15-06-24,39,Male,Mumbai,Beauty,1,45978,15,412,4,39081.3,3551.14,3,1
SK101340,30-09-24,51,Female,Jaipur,Furniture,3,18187,25,337,9,40920.75,10849.48,5,1
SK101341,29-01-25,62,Female,Lucknow,Sports,5,18775,10,55,10,84487.5,17226.3,4,1
SK101342,21-07-24,27,Female,Hyderabad,Beauty,5,42185,40,55,4,126555,11130.72,3,1
SK101343,01-02-24,33,Female,Pune,Beauty,4,17628,40,411,9,42307.2,7360.7,4,1
SK101344,14-04-24,28,Male,Pune,Electronics,3,37393,10,59,5,100961.1,6704.31,1,1
SK101345,22-01-24,65,Male,Jaipur,Furniture,1,25286,5,577,10,24021.7,784.12,3,0
SK101346,23-07-24,35,Female,Pune,Sports,5,31674,30,301,4,110859,25959.55,5,1
SK101347,28-02-25,36,Male,Hyderabad,Sports,3,36808,10,226,1,99381.6,21944.45,3,1
SK101348,26-08-24,55,Female,Bengaluru,Beauty,3,32417,10,386,9,87525.9,17986.24,3,1
SK101349,17-03-25,52,Male,Delhi,Sports,3,9848,10,376,8,26589.6,2143.62,5,0
SK101350,31-01-25,35,Male,Delhi,Sports,4,49143,20,561,10,157257.6,36941.81,4,1
SK101351,18-06-25,45,Female,Delhi,Furniture,1,23098,10,187,6,20788.2,4587.85,4,1
SK101352,08-10-24,65,Male,Jaipur,Furniture,5,28663,20,221,1,114652,33663.33,3,1
SK101353,25-04-24,32,Female,Jaipur,Fashion,3,26854,30,166,6,56393.4,14588.65,2,1
SK101354,28-12-24,49,Male,Mumbai,Furniture,1,2735,0,257,3,2735,406.52,1,0
SK101355,16-03-25,18,Male,Lucknow,Beauty,1,37812,20,213,5,30249.6,4141.76,5,1
SK101356,19-04-24,54,Female,Lucknow,Furniture,1,48659,0,130,7,48659,2624.79,4,0
SK101357,04-04-24,29,Female,Hyderabad,Fashion,5,5063,10,125,10,22783.5,4036.93,1,1
SK101358,19-11-24,47,Male,Jaipur,Fashion,2,23954,25,330,1,35931,2098.87,1,0
SK101359,26-04-24,47,Female,Jaipur,Fashion,5,15900,10,484,10,71550,16232.58,1,1
SK101360,16-10-24,40,Male,Chennai,Fashion,3,23267,40,208,6,41880.6,6937.99,3,1
SK101361,07-12-24,61,Female,Pune,Sports,4,33933,5,552,9,128945.4,18205.17,5,1
SK101362,18-04-25,51,Female,Hyderabad,Fashion,5,41523,0,438,7,207615,60440.1,4,1
SK101363,16-08-24,59,Male,Chennai,Furniture,3,16120,40,584,9,29016,6726.26,4,1
SK101364,08-04-24,32,Male,Jaipur,Furniture,2,44701,40,106,4,53641.2,9788.78,5,1
SK101365,19-12-24,27,Male,Chennai,Beauty,2,15421,10,157,3,27757.8,3541.9,2,1
SK101366,16-01-25,34,Female,Mumbai,Furniture,3,34594,10,553,2,93403.8,17730.33,5,1
SK101367,02-05-25,54,Male,Hyderabad,Beauty,2,45906,15,409,10,78040.2,21802.55,2,1
SK101368,19-04-25,62,Female,Chennai,Beauty,5,17172,25,201,4,64395,4140.03,5,1
SK101369,14-03-25,37,Female,Mumbai,Furniture,4,40893,15,117,1,139036.2,35758.5,1,1
SK101370,04-01-25,25,Male,Pune,Grocery,1,3841,15,439,7,3264.85,-25.53,4,0
SK101371,10-01-25,52,Male,Hyderabad,Electronics,5,2115,5,137,7,10046.25,1708.27,2,0
SK101372,22-04-24,23,Female,Hyderabad,Electronics,2,37213,20,185,4,59540.8,14037.34,4,1
SK101373,19-01-25,34,Female,Mumbai,Beauty,5,24679,30,89,6,86376.5,20796.55,5,1
SK101374,25-01-24,24,Female,Hyderabad,Sports,3,24716,15,340,4,63025.8,17453.24,4,1
SK101375,07-01-25,27,Male,Mumbai,Grocery,5,4433,30,515,6,15515.5,2163.58,1,0
SK101376,21-11-24,18,Male,Hyderabad,Beauty,5,13916,5,456,7,66101,15355,5,1
SK101377,10-10-24,31,Male,Delhi,Beauty,1,25190,10,142,8,22671,4467.76,1,1
SK101378,30-04-24,36,Male,Mumbai,Fashion,4,16681,15,279,3,56715.4,9545.34,4,1
SK101379,19-12-24,37,Female,Jaipur,Electronics,1,33520,30,350,9,23464,2330.84,4,0
SK101380,03-03-25,40,Female,Delhi,Fashion,2,33629,20,391,5,53806.4,8822.02,4,1
SK101381,06-01-24,20,Female,Mumbai,Furniture,3,11444,20,111,10,27465.6,2361.86,1,0
SK101382,24-12-24,47,Male,Hyderabad,Electronics,3,18012,5,584,2,51334.2,4146.45,5,1
SK101383,13-03-24,54,Female,Jaipur,Fashion,5,15609,5,492,7,74142.75,10712.27,1,1
SK101384,05-01-24,48,Male,Pune,Electronics,3,34930,40,525,7,62874,17672.81,2,1
SK101385,21-03-25,50,Female,Pune,Grocery,1,6776,15,372,10,5759.6,200.34,2,0
SK101386,20-12-24,26,Male,Delhi,Sports,4,20333,5,436,5,77265.4,6578.25,3,1
SK101387,06-04-25,49,Female,Chennai,Fashion,2,1331,10,358,9,2395.8,-62.97,5,0
SK101388,01-10-24,47,Female,Mumbai,Furniture,1,924,40,96,4,554.4,18.91,1,0
SK101389,23-11-24,54,Female,Lucknow,Beauty,1,42458,40,304,5,25474.8,4141.96,4,1
SK101390,22-08-24,34,Female,Bengaluru,Fashion,4,10680,40,396,1,25632,4890.04,2,1
SK101391,13-06-25,24,Male,Bengaluru,Electronics,5,12832,15,302,3,54536,2504.71,4,0
SK101392,03-01-24,30,Female,Bengaluru,Sports,5,45793,25,154,6,171723.75,47067.11,3,1
SK101393,14-04-24,25,Male,Hyderabad,Electronics,2,4298,25,359,10,6447,1302.83,5,0
SK101394,18-05-24,50,Male,Hyderabad,Electronics,5,30817,25,316,10,115563.75,15041.98,5,1
SK101395,19-10-24,43,Male,Pune,Sports,2,7582,10,279,5,13647.6,2553.72,5,0
SK101396,26-11-24,54,Male,Pune,Sports,4,18206,5,213,3,69182.8,9255.5,4,1
SK101397,10-12-24,18,Female,Bengaluru,Grocery,5,6583,30,94,2,23040.5,2951.82,4,0
SK101398,08-01-25,47,Male,Mumbai,Beauty,3,40042,20,569,9,96100.8,8073.33,5,1
SK101399,30-05-25,33,Male,Hyderabad,Beauty,3,6267,40,295,8,11280.6,413.03,1,0
SK101400,11-03-25,42,Male,Lucknow,Fashion,2,7979,20,415,4,12766.4,3259.11,3,1
SK101401,07-10-24,21,Male,Pune,Furniture,4,21696,30,163,6,60748.8,8239.99,4,1
SK101402,17-06-24,39,Male,Bengaluru,Electronics,4,42421,30,509,7,118778.8,33859.47,3,1
SK101403,08-10-24,42,Female,Hyderabad,Sports,4,44965,0,426,7,179860,43182.61,3,1
SK101404,14-09-24,63,Male,Pune,Sports,5,12136,25,548,4,45510,10486.54,3,1
SK101405,01-01-25,60,Male,Jaipur,Grocery,5,22402,20,477,2,89608,17580.53,2,1
SK101406,20-02-25,19,Female,Jaipur,Fashion,5,37531,30,271,10,131358.5,26413.44,2,1
SK101407,18-11-24,54,Female,Mumbai,Electronics,3,33908,0,537,8,101724,29314.27,2,1
SK101408,07-02-24,20,Female,Pune,Sports,2,3442,0,245,3,6884,784.57,2,0
SK101409,11-06-25,60,Male,Pune,Furniture,5,13508,10,363,9,60786,9640.18,2,1
SK101410,25-01-25,38,Male,Lucknow,Grocery,1,19341,5,267,4,18373.95,1066.76,2,0
SK101411,22-10-24,41,Female,Pune,Furniture,3,29094,10,199,8,78553.8,14872.01,2,1
SK101412,04-01-25,22,Female,Hyderabad,Sports,3,22353,15,245,10,57000.15,11781.74,5,1
SK101413,17-12-24,65,Male,Pune,Furniture,2,29513,20,214,7,47220.8,5067.8,3,1
SK101414,12-02-25,63,Female,Pune,Beauty,3,11451,40,368,1,20611.8,3902.09,2,1
SK101415,28-08-24,43,Male,Lucknow,Sports,2,46598,15,346,1,79216.6,20695.84,1,1
SK101416,09-02-24,40,Male,Jaipur,Fashion,3,21865,0,99,9,65595,6884.05,3,1
SK101417,13-02-25,55,Male,Chennai,Beauty,1,42260,30,558,10,29582,1109.53,3,0
SK101418,21-12-24,25,Female,Delhi,Beauty,1,30082,20,388,10,24065.6,2405.15,4,0
SK101419,20-01-25,21,Female,Pune,Furniture,3,35558,25,104,6,80005.5,9767.3,3,1
SK101420,16-01-25,18,Male,Delhi,Beauty,1,26650,15,282,5,22652.5,1111.91,5,0
SK101421,13-04-25,35,Female,Bengaluru,Fashion,2,18598,10,86,3,33476.4,9223.76,4,1
SK101422,01-08-24,42,Male,Lucknow,Sports,2,6987,40,425,10,8384.4,827.74,2,0
SK101423,02-08-24,40,Female,Mumbai,Sports,3,37252,20,334,5,89404.8,14871.92,2,1
SK101424,03-03-25,52,Male,Pune,Electronics,2,766,10,261,8,1378.8,28.62,2,0
SK101425,11-10-24,31,Male,Pune,Electronics,3,8696,10,300,3,23479.2,6740.71,1,1
SK101426,05-05-24,43,Male,Lucknow,Beauty,2,30002,25,534,4,45003,2804.62,1,0
SK101427,26-03-25,21,Male,Jaipur,Fashion,1,36118,5,461,5,34312.1,2090.49,2,0
SK101428,14-08-24,52,Female,Lucknow,Fashion,1,37514,30,508,8,26259.8,3774.54,1,1
SK101429,31-03-25,52,Male,Chennai,Furniture,5,29581,25,174,10,110928.75,31645.56,5,1
SK101430,08-06-24,44,Male,Chennai,Furniture,3,18830,30,279,6,39543,8622.04,4,1
SK101431,07-02-24,57,Male,Chennai,Beauty,5,4417,0,422,10,22085,4466.23,2,1
SK101432,20-05-25,35,Male,Mumbai,Grocery,1,25764,40,169,2,15458.4,2556.07,3,0
SK101433,11-11-24,45,Male,Bengaluru,Electronics,1,18912,10,355,1,17020.8,2128.81,1,0
SK101434,11-05-24,38,Male,Pune,Fashion,5,35047,15,557,1,148949.75,27363.65,3,1
SK101435,21-04-24,27,Male,Bengaluru,Fashion,2,991,20,474,9,1585.6,-9.57,5,0
SK101436,30-09-24,30,Male,Mumbai,Electronics,3,41614,40,345,4,74905.2,17821.84,2,1
SK101437,08-11-24,54,Male,Pune,Grocery,5,9334,40,187,8,28002,4701.52,1,1
SK101438,12-11-24,55,Female,Lucknow,Electronics,1,46298,30,427,3,32408.6,5193.69,2,1
SK101439,14-05-25,53,Female,Lucknow,Sports,1,25398,40,517,1,15238.8,2851.09,4,0
SK101440,24-06-24,39,Male,Chennai,Fashion,5,28376,15,455,8,120598,26557.58,5,1
SK101441,15-05-24,26,Female,Chennai,Beauty,1,16138,30,74,9,11296.6,1791.75,2,0
SK101442,19-07-24,63,Female,Jaipur,Grocery,4,35893,30,311,3,100500.4,26775.6,5,1
SK101443,20-06-24,53,Female,Pune,Beauty,5,27749,20,206,9,110996,26598.8,2,1
SK101444,16-06-25,33,Male,Jaipur,Furniture,1,7374,10,516,7,6636.6,925.05,4,0
SK101445,04-01-25,58,Male,Chennai,Furniture,4,35285,15,120,3,119969,14417.54,2,1
SK101446,09-01-24,41,Male,Bengaluru,Electronics,2,49603,10,429,5,89285.4,4456.9,3,1
SK101447,30-05-25,32,Female,Hyderabad,Electronics,2,42566,15,584,3,72362.2,19528.68,2,1
SK101448,04-02-24,22,Male,Delhi,Furniture,3,47921,10,251,2,129386.7,25477.32,2,1
SK101449,24-01-24,46,Female,Pune,Grocery,2,31169,20,148,7,49870.4,9145.97,4,1
SK101450,24-03-24,27,Female,Mumbai,Electronics,5,40219,0,495,9,201095,32444.58,3,1
SK101451,10-06-24,64,Female,Pune,Furniture,5,43643,10,142,9,196393.5,18776.15,1,1
SK101452,21-01-25,48,Female,Lucknow,Fashion,1,13904,5,180,9,13208.8,597.85,4,0
SK101453,04-08-24,61,Male,Jaipur,Grocery,3,13672,15,209,1,34863.6,3534.61,3,1
SK101454,09-03-24,33,Female,Hyderabad,Fashion,2,22500,15,568,10,38250,9678.01,2,1
SK101455,20-09-24,44,Male,Jaipur,Grocery,1,34781,0,89,4,34781,6509.97,1,1
SK101456,21-06-24,44,Male,Mumbai,Beauty,1,7264,40,395,4,4358.4,796.64,2,0
SK101457,08-05-25,64,Male,Lucknow,Grocery,2,37062,20,187,9,59299.2,6523.64,4,1
SK101458,16-06-24,35,Male,Chennai,Electronics,2,40181,15,506,1,68307.7,15167.49,4,1
SK101459,09-04-25,39,Female,Hyderabad,Beauty,5,46235,30,64,3,161822.5,44997.54,4,1
SK101460,02-02-24,30,Male,Mumbai,Beauty,1,29930,20,121,7,23944,5613.7,3,1
SK101461,17-01-24,64,Male,Mumbai,Sports,5,37763,15,545,1,160492.75,13662.46,1,1
SK101462,01-03-25,18,Male,Jaipur,Furniture,1,5266,30,433,1,3686.2,168.1,3,0
SK101463,19-07-24,35,Male,Chennai,Grocery,5,36348,40,355,5,109044,10634.08,1,1
SK101464,02-10-24,18,Female,Hyderabad,Fashion,2,20737,20,332,8,33179.2,5199.77,4,1
SK101465,01-03-24,44,Female,Lucknow,Fashion,2,12882,5,472,2,24475.8,2560.91,4,0
SK101466,20-11-24,39,Male,Hyderabad,Grocery,4,27663,25,511,10,82989,11443.25,3,1
SK101467,21-05-24,36,Female,Lucknow,Furniture,3,6557,40,584,2,11802.6,2860.78,3,0
SK101468,05-08-24,37,Female,Lucknow,Electronics,4,46002,30,317,3,128805.6,34422.53,1,1
SK101469,13-07-24,58,Male,Mumbai,Grocery,3,38803,5,421,1,110588.55,31212.52,4,1
SK101470,01-03-24,47,Male,Lucknow,Grocery,2,47618,20,415,3,76188.8,17071.55,4,1
SK101471,17-02-24,32,Male,Pune,Furniture,5,16079,40,539,7,48237,8731.92,5,1
SK101472,05-05-25,26,Male,Jaipur,Furniture,2,41510,20,170,1,66416,8735.14,2,1
SK101473,27-09-24,18,Female,Bengaluru,Furniture,2,3781,5,447,10,7183.9,1504.85,5,0
SK101474,01-02-24,57,Male,Mumbai,Electronics,2,42217,0,196,8,84434,18430,1,1
SK101475,27-04-24,64,Female,Jaipur,Beauty,4,12492,20,440,6,39974.4,10670.26,1,1
SK101476,04-05-24,54,Male,Jaipur,Sports,3,7453,30,600,9,15651.3,1471.69,1,0
SK101477,09-04-24,39,Female,Hyderabad,Beauty,4,45581,25,250,8,136743,18123.39,4,1
SK101478,11-03-24,28,Female,Mumbai,Beauty,5,7117,25,239,2,26688.75,1264.03,5,0
SK101479,23-10-24,60,Male,Bengaluru,Furniture,2,4848,0,116,2,9696,2407.32,5,0
SK101480,04-04-24,59,Male,Chennai,Electronics,1,33910,0,527,3,33910,4227.65,3,1
SK101481,25-09-24,33,Female,Pune,Electronics,2,42651,40,79,8,51181.2,14426.21,2,1
SK101482,30-12-24,40,Female,Bengaluru,Furniture,2,39750,20,302,10,63600,8571.24,3,1
SK101483,14-05-25,24,Male,Lucknow,Beauty,1,2940,40,97,4,1764,297.82,1,0
SK101484,06-05-24,30,Male,Lucknow,Sports,3,30918,15,420,3,78840.9,9923.87,4,1
SK101485,11-04-24,57,Male,Pune,Sports,4,7202,30,83,8,20165.6,4483.58,4,1
SK101486,02-06-24,60,Female,Pune,Beauty,1,47731,25,143,3,35798.25,1940.07,1,0
SK101487,26-09-24,26,Female,Chennai,Fashion,5,13415,30,421,9,46952.5,9070.65,3,1
SK101488,07-09-24,22,Male,Jaipur,Beauty,1,47329,10,568,2,42596.1,10202.22,2,1
SK101489,21-04-25,34,Female,Pune,Furniture,2,31885,15,588,8,54204.5,4142.79,1,1
SK101490,17-05-24,42,Female,Delhi,Furniture,5,20632,30,553,7,72212,14189.29,4,1
SK101491,30-05-25,49,Male,Bengaluru,Beauty,4,15018,20,90,10,48057.6,12078.51,3,1
SK101492,30-10-24,48,Female,Delhi,Furniture,5,23275,25,593,10,87281.25,20802.6,2,1
SK101493,01-04-24,40,Female,Mumbai,Furniture,1,8238,10,452,10,7414.2,287.39,1,0
SK101494,20-03-25,35,Female,Hyderabad,Electronics,3,11806,15,274,8,30105.3,2367.41,2,0
SK101495,08-01-24,18,Male,Jaipur,Fashion,1,23952,0,312,1,23952,5499.33,2,1
SK101496,29-01-25,20,Female,Bengaluru,Electronics,5,44770,5,57,9,212657.5,30610.55,3,1
SK101497,20-07-24,20,Male,Lucknow,Fashion,5,12039,0,92,5,60195,11717.75,3,1
SK101498,10-06-25,35,Female,Lucknow,Fashion,1,40417,30,231,4,28291.9,6763.79,5,1
SK101499,05-11-24,39,Male,Lucknow,Fashion,3,29150,40,232,7,52470,12734.4,2,1
SK101500,04-02-25,35,Male,Mumbai,Electronics,5,48130,40,343,6,144390,23644.81,3,1
SK101501,24-03-24,19,Female,Hyderabad,Grocery,2,14063,20,442,6,22500.8,4770.06,4,1
SK101502,20-06-24,22,Female,Jaipur,Electronics,4,27357,10,507,2,98485.2,25065.88,5,1
SK101503,27-02-24,52,Female,Hyderabad,Electronics,5,21638,10,517,7,97371,22558.57,3,1
SK101504,17-08-24,27,Female,Jaipur,Electronics,2,4188,5,121,9,7957.2,1202.09,3,0
SK101505,10-02-24,23,Male,Bengaluru,Beauty,5,31599,20,373,5,126396,23359.35,2,1
SK101506,30-10-24,26,Male,Mumbai,Electronics,4,23630,10,125,9,85068,10414.84,2,1
SK101507,13-03-24,40,Female,Hyderabad,Furniture,4,43985,25,392,7,131955,27769.96,4,1
SK101508,20-02-24,22,Female,Chennai,Grocery,3,10809,40,418,7,19456.2,1622.79,5,0
SK101509,01-03-25,20,Female,Chennai,Electronics,1,3719,20,204,6,2975.2,292.01,4,0
SK101510,19-04-25,23,Male,Chennai,Electronics,2,28467,25,419,3,42700.5,2258.6,3,0
SK101511,30-03-25,32,Male,Delhi,Beauty,5,34273,10,380,10,154228.5,28686.05,1,1
SK101512,06-06-25,40,Female,Hyderabad,Sports,4,35355,5,259,4,134349,19838.43,2,1
SK101513,17-04-24,58,Female,Bengaluru,Grocery,3,47031,15,565,5,119929.05,33996.7,2,1
SK101514,25-05-25,23,Male,Hyderabad,Sports,4,10382,25,492,8,31146,2772.1,3,0
SK101515,14-04-25,38,Male,Mumbai,Fashion,5,19836,10,81,2,89262,23419.95,5,1
SK101516,15-01-25,44,Male,Pune,Grocery,2,8936,20,529,6,14297.6,2361.9,2,0
SK101517,26-01-24,49,Male,Bengaluru,Grocery,3,25937,15,269,10,66139.35,13892.23,1,1
SK101518,22-12-24,64,Female,Chennai,Beauty,4,44991,0,493,1,179964,31803.01,3,1
SK101519,03-10-24,63,Female,Bengaluru,Grocery,2,2644,10,356,5,4759.2,907.89,1,0
SK101520,13-01-25,32,Male,Hyderabad,Beauty,2,43181,20,237,1,69089.6,15571.78,4,1
SK101521,28-01-24,28,Female,Hyderabad,Furniture,1,4989,30,448,5,3492.3,-167.03,2,0
SK101522,13-05-25,44,Male,Hyderabad,Beauty,1,48893,5,91,1,46448.35,6099.86,3,1
SK101523,16-01-24,39,Male,Delhi,Beauty,2,40350,5,560,4,76665,16537.93,5,1
SK101524,06-07-24,49,Male,Mumbai,Beauty,3,19726,25,449,1,44383.5,10007.46,3,1
SK101525,04-03-25,30,Male,Hyderabad,Beauty,3,32927,25,305,6,74085.75,10467.82,3,1
SK101526,07-01-24,27,Male,Mumbai,Electronics,3,41904,10,350,4,113140.8,21437.97,1,1
SK101527,03-03-24,63,Male,Mumbai,Fashion,4,27878,15,483,5,94785.2,26444.48,1,1
SK101528,25-03-24,25,Male,Delhi,Beauty,1,34762,30,518,7,24333.4,2521.7,5,0
SK101529,21-06-24,43,Male,Lucknow,Grocery,5,3888,25,389,4,14580,435.33,2,0
SK101530,24-10-24,40,Male,Jaipur,Furniture,1,491,30,338,5,343.7,-254.32,5,0
SK101531,04-04-24,25,Male,Hyderabad,Fashion,3,4231,30,211,7,8885.1,2139.69,5,0
SK101532,21-06-25,56,Female,Delhi,Beauty,5,8902,5,495,5,42284.5,4985.71,1,1
SK101533,15-04-24,49,Female,Lucknow,Beauty,4,41321,40,147,7,99170.4,19624.77,4,1
SK101534,30-04-25,63,Female,Lucknow,Sports,1,28521,15,577,4,24242.85,2189.31,3,0
SK101535,01-11-24,37,Male,Chennai,Beauty,1,40450,20,100,2,32360,4504.77,3,1
SK101536,25-05-24,49,Male,Hyderabad,Grocery,5,40414,10,313,2,181863,47955.45,3,1
SK101537,18-10-24,57,Female,Hyderabad,Sports,2,25281,0,414,7,50562,7196.76,2,1
SK101538,21-06-25,37,Female,Mumbai,Electronics,5,49961,20,207,4,199844,41844.51,1,1
SK101539,31-12-24,24,Male,Mumbai,Furniture,4,33782,10,240,4,121615.2,9190.32,5,1
SK101540,31-05-24,45,Male,Mumbai,Grocery,1,20682,30,541,4,14477.4,2514,2,0
SK101541,13-03-25,26,Male,Delhi,Grocery,3,1474,5,373,10,4200.9,187.94,3,0
SK101542,10-12-24,40,Female,Pune,Grocery,3,9275,5,341,4,26433.75,2203.32,3,0
SK101543,15-07-24,25,Male,Lucknow,Fashion,5,15905,15,128,3,67596.25,19258.82,5,1
SK101544,22-05-24,37,Male,Delhi,Electronics,5,14595,15,590,3,62028.75,2739.21,1,0
SK101545,13-01-25,43,Male,Chennai,Fashion,1,24797,20,101,5,19837.6,4742.14,2,1
SK101546,30-10-24,39,Male,Mumbai,Beauty,5,17414,30,279,8,60949,10539.5,2,1
SK101547,25-03-24,21,Male,Mumbai,Grocery,1,17324,15,266,9,14725.4,2993.75,4,0
SK101548,28-04-25,33,Female,Bengaluru,Grocery,3,42170,40,460,10,75906,6554.63,2,1
SK101549,05-11-24,53,Female,Hyderabad,Grocery,4,47437,30,594,5,132823.6,33544.79,4,1
SK101550,12-10-24,30,Male,Bengaluru,Beauty,5,20317,15,253,2,86347.25,18760.67,4,1
SK101551,18-05-25,48,Female,Bengaluru,Furniture,5,6738,25,551,6,25267.5,3289.52,3,1
SK101552,26-01-25,32,Male,Hyderabad,Electronics,4,19123,10,98,10,68842.8,9625.09,3,1
SK101553,06-11-24,18,Female,Mumbai,Fashion,5,20274,5,451,8,96301.5,13935.71,1,1
SK101554,17-06-24,43,Male,Mumbai,Furniture,4,8819,25,568,8,26457,7194.74,5,1
SK101555,08-06-24,40,Male,Jaipur,Fashion,4,9453,25,506,2,28359,1137.36,3,0
SK101556,19-04-24,26,Female,Delhi,Fashion,1,14310,10,272,2,12879,1660.16,5,0
SK101557,12-10-24,64,Female,Mumbai,Electronics,4,26107,0,378,5,104428,26767.65,3,1
SK101558,09-12-24,54,Female,Bengaluru,Furniture,4,3104,25,593,5,9312,852.75,4,0
SK101559,08-02-24,21,Female,Pune,Grocery,5,46161,40,268,6,138483,10394.6,3,1
SK101560,18-02-25,57,Male,Hyderabad,Fashion,4,18901,20,312,5,60483.2,7431.47,4,1
SK101561,12-05-25,53,Female,Chennai,Furniture,2,21436,10,261,6,38584.8,3659.3,1,1
SK101562,15-12-24,26,Female,Mumbai,Sports,5,49936,5,115,1,237196,33674.77,1,1
SK101563,15-08-24,48,Female,Pune,Grocery,3,46563,5,478,9,132704.55,15770.24,1,1
SK101564,24-02-25,29,Female,Lucknow,Electronics,1,42403,5,403,7,40282.85,11398.51,3,1
SK101565,20-09-24,58,Female,Pune,Furniture,4,16939,15,430,10,57592.6,6958.65,2,1
SK101566,09-04-24,55,Male,Lucknow,Beauty,2,17002,25,207,9,25503,5479.75,2,1
SK101567,07-05-25,64,Male,Delhi,Electronics,2,14553,10,69,5,26195.4,7249.1,3,1
SK101568,10-02-24,42,Female,Lucknow,Furniture,1,19082,20,192,7,15265.6,2529.59,2,0
SK101569,30-10-24,31,Female,Chennai,Beauty,3,18641,25,352,3,41942.25,5343.24,3,1
SK101570,25-01-25,62,Female,Chennai,Electronics,1,47027,10,415,4,42324.3,9911.44,3,1
SK101571,31-05-25,37,Male,Jaipur,Grocery,5,2783,40,205,10,8349,1677.14,4,0
SK101572,16-03-24,20,Female,Lucknow,Grocery,2,19815,20,303,5,31704,2806.83,1,0
SK101573,10-08-24,52,Male,Delhi,Grocery,5,19946,30,249,9,69811,19818.17,2,1
SK101574,14-03-25,55,Female,Lucknow,Sports,5,6659,5,94,3,31630.25,8704.17,4,1
SK101575,25-11-24,63,Male,Chennai,Sports,5,35496,15,468,10,150858,16023.36,1,1
SK101576,01-04-24,59,Female,Bengaluru,Beauty,2,12465,5,108,8,23683.5,2997.23,5,0
SK101577,28-02-24,61,Female,Mumbai,Fashion,4,37828,10,338,10,136180.8,37839.28,1,1
SK101578,20-04-25,52,Male,Delhi,Fashion,4,12467,40,358,1,29920.8,2101.94,3,0
SK101579,28-01-24,30,Male,Lucknow,Furniture,5,5236,20,586,8,20944,555.13,5,0
SK101580,31-03-25,20,Female,Bengaluru,Electronics,2,20356,20,432,1,32569.6,5218.53,3,1
SK101581,12-06-25,35,Female,Mumbai,Grocery,4,30613,10,411,1,110206.8,21504.13,1,1
SK101582,18-08-24,29,Female,Bengaluru,Sports,4,17659,40,290,5,42381.6,7479.6,4,1
SK101583,10-01-24,25,Male,Bengaluru,Electronics,3,13431,10,306,7,36263.7,8799.71,5,1
SK101584,04-12-24,22,Female,Jaipur,Beauty,2,30231,25,212,9,45346.5,11259.73,3,1
SK101585,08-11-24,36,Male,Pune,Electronics,3,39866,0,581,8,119598,30586.22,1,1
SK101586,16-05-24,28,Male,Hyderabad,Electronics,2,11161,0,65,4,22322,5955.09,4,1
SK101587,20-04-24,24,Female,Pune,Grocery,4,44649,5,463,10,169666.2,34485.52,5,1
SK101588,09-01-24,53,Male,Hyderabad,Electronics,1,2117,5,337,3,2011.15,136.3,2,0
SK101589,14-05-24,20,Male,Lucknow,Furniture,5,42263,10,86,8,190183.5,34560.13,3,1
SK101590,29-02-24,31,Female,Chennai,Sports,1,11083,40,171,6,6649.8,1255.9,4,0
SK101591,08-01-24,26,Male,Lucknow,Fashion,4,1522,5,257,2,5783.6,1468.09,2,0
SK101592,19-01-25,22,Female,Hyderabad,Furniture,1,28014,10,142,9,25212.6,4527.34,2,1
SK101593,27-05-25,58,Female,Chennai,Beauty,4,41078,25,251,2,123234,23245.04,4,1
SK101594,15-07-24,63,Female,Hyderabad,Sports,3,40751,15,73,8,103915.05,9271.78,5,1
SK101595,27-05-24,39,Male,Pune,Furniture,1,37193,40,120,10,22315.8,3389.74,5,1
SK101596,17-04-25,26,Female,Delhi,Beauty,5,41739,20,373,9,166956,8068.97,3,1
SK101597,17-02-25,56,Female,Lucknow,Beauty,1,13215,0,268,6,13215,3195.67,4,1
SK101598,29-05-25,52,Male,Mumbai,Grocery,1,3385,40,82,1,2031,65.32,3,0
SK101599,12-02-25,45,Male,Pune,Grocery,2,30508,5,595,1,57965.2,11332.46,2,1
SK101600,23-12-24,47,Female,Hyderabad,Grocery,5,11600,40,224,10,34800,6005.69,2,1
SK101601,12-02-24,22,Female,Mumbai,Fashion,1,2522,40,474,2,1513.2,-288.34,1,0
SK101602,16-02-25,26,Female,Delhi,Beauty,2,24007,20,286,1,38411.2,10413.31,4,1
SK101603,08-06-24,24,Female,Delhi,Fashion,4,36036,10,473,2,129729.6,14651.11,5,1
SK101604,13-01-24,25,Male,Pune,Grocery,1,20789,10,433,1,18710.1,3973.2,3,1
SK101605,14-02-24,21,Female,Lucknow,Sports,5,21540,10,75,5,96930,10286.9,1,1
SK101606,06-05-25,55,Male,Pune,Fashion,2,1858,0,379,8,3716,673.47,2,0
SK101607,15-04-24,63,Male,Delhi,Beauty,4,1387,30,145,8,3883.6,810.56,2,0
SK101608,14-02-24,52,Male,Bengaluru,Grocery,5,14489,10,215,1,65200.5,14979.75,1,1
SK101609,17-03-25,21,Female,Hyderabad,Fashion,1,29396,5,555,6,27926.2,4744.39,5,1
SK101610,02-12-24,20,Male,Lucknow,Grocery,2,38172,5,240,9,72526.8,9692.88,3,1
SK101611,27-05-24,29,Female,Bengaluru,Grocery,1,22918,15,80,10,19480.3,5760.4,1,1
SK101612,09-09-24,45,Female,Jaipur,Fashion,5,43102,15,431,1,183183.5,10633.33,2,1
SK101613,02-08-24,52,Female,Jaipur,Furniture,3,28829,0,402,6,86487,13640.57,2,1
SK101614,25-09-24,55,Female,Chennai,Furniture,2,40268,30,497,2,56375.2,13805.68,5,1
SK101615,25-08-24,34,Male,Jaipur,Fashion,1,22961,0,578,1,22961,2788.39,4,0
SK101616,26-08-24,26,Female,Jaipur,Fashion,3,35631,25,301,4,80169.75,16808.78,5,1
SK101617,26-07-24,35,Male,Mumbai,Sports,2,23880,15,268,8,40596,4050.71,5,1
SK101618,02-06-24,41,Female,Chennai,Fashion,4,30867,20,490,4,98774.4,18441.66,2,1
SK101619,10-05-25,55,Female,Jaipur,Grocery,2,13835,40,64,7,16602,1526.88,4,0
SK101620,18-10-24,46,Female,Hyderabad,Beauty,2,19994,0,520,6,39988,10907.64,2,1
SK101621,19-06-24,64,Female,Bengaluru,Electronics,1,44694,15,215,9,37989.9,9268.32,3,1
SK101622,30-05-24,47,Male,Pune,Furniture,1,13311,25,436,1,9983.25,2239.08,4,0
SK101623,13-05-24,64,Male,Delhi,Sports,3,10514,40,194,5,18925.2,3430.69,2,1
SK101624,01-02-25,33,Male,Mumbai,Sports,3,3662,0,105,4,10986,2909.85,4,0
SK101625,23-01-25,36,Female,Jaipur,Grocery,3,12227,30,588,3,25676.7,2694.35,4,0
SK101626,01-01-25,63,Male,Chennai,Beauty,1,11351,20,379,10,9080.8,1222.18,2,0
SK101627,26-04-25,62,Male,Mumbai,Electronics,4,41789,10,482,8,150440.4,40512.68,4,1
SK101628,28-03-24,46,Male,Lucknow,Grocery,3,33378,25,558,5,75100.5,9263.37,1,1
SK101629,24-08-24,52,Female,Lucknow,Sports,1,29370,30,139,7,20559,5576.23,2,1
SK101630,05-03-25,36,Male,Hyderabad,Fashion,4,46857,20,443,9,149942.4,39751.72,5,1
SK101631,30-05-24,48,Female,Lucknow,Fashion,5,34952,25,203,4,131070,20677.93,5,1
SK101632,24-06-25,19,Male,Chennai,Sports,5,38747,0,505,4,193735,33810.37,1,1
SK101633,30-12-24,42,Female,Delhi,Fashion,4,38688,5,123,3,147014.4,26031.97,1,1
SK101634,17-06-24,41,Male,Mumbai,Beauty,5,25942,5,590,5,123224.5,21875.33,2,1
SK101635,22-06-24,56,Female,Chennai,Sports,3,34227,0,495,6,102681,23837.96,3,1
SK101636,15-05-24,40,Male,Chennai,Beauty,5,9019,30,380,4,31566.5,5175.6,4,1
SK101637,04-04-24,45,Male,Delhi,Fashion,2,11342,10,477,4,20415.6,2416.12,5,0
SK101638,23-01-24,58,Male,Mumbai,Grocery,3,43457,20,370,5,104296.8,25543.6,4,1
SK101639,13-04-24,63,Female,Chennai,Electronics,5,40571,10,240,2,182569.5,21706.2,1,1
SK101640,30-06-24,24,Male,Pune,Fashion,2,15566,20,310,7,24905.6,6319.87,1,1
SK101641,03-03-24,59,Female,Pune,Furniture,5,34295,30,405,1,120032.5,30819.2,2,1
SK101642,03-03-25,49,Male,Bengaluru,Fashion,1,29321,25,533,5,21990.75,2642.05,4,0
SK101643,18-02-24,39,Male,Chennai,Fashion,4,708,10,110,3,2548.8,29.38,3,0
SK101644,04-08-24,63,Female,Hyderabad,Fashion,4,41004,30,135,6,114811.2,26339.21,3,1
SK101645,02-11-24,43,Female,Pune,Furniture,2,39502,25,323,6,59253,17346.33,3,1
SK101646,09-07-24,65,Male,Chennai,Fashion,2,16731,20,573,4,26769.6,1009.62,4,0
SK101647,22-02-24,62,Female,Delhi,Sports,3,24475,0,138,3,73425,6015.01,4,1
SK101648,16-04-24,56,Male,Bengaluru,Fashion,5,17258,20,296,10,69032,12664.96,3,1
SK101649,09-05-25,26,Female,Hyderabad,Sports,1,31124,40,248,7,18674.4,5349.03,4,1
SK101650,15-04-25,45,Male,Bengaluru,Grocery,3,32599,20,548,7,78237.6,18366.59,2,1
SK101651,10-10-24,60,Male,Bengaluru,Electronics,2,814,30,170,10,1139.6,50.73,4,0
SK101652,15-12-24,32,Female,Pune,Fashion,5,4041,15,489,9,17174.25,4049.99,3,1
SK101653,16-03-25,49,Female,Bengaluru,Grocery,4,30531,10,453,8,109911.6,6318.04,2,1
SK101654,16-02-24,47,Male,Bengaluru,Furniture,3,48561,20,76,3,116546.4,12966.54,3,1
SK101655,30-09-24,39,Male,Mumbai,Beauty,2,9099,40,431,10,10918.8,2121.62,1,0
SK101656,28-02-25,50,Female,Lucknow,Beauty,5,31196,0,54,5,155980,19621.21,4,1
SK101657,06-01-25,48,Female,Hyderabad,Beauty,2,40468,40,69,7,48561.6,7164.31,3,1
SK101658,11-03-25,40,Male,Delhi,Sports,4,16027,20,555,1,51286.4,4314.8,5,1
SK101659,20-11-24,64,Male,Pune,Grocery,4,24508,25,132,3,73524,20540.6,2,1
SK101660,19-03-24,41,Female,Mumbai,Beauty,2,46680,15,221,1,79356,22226.63,3,1
SK101661,08-12-24,24,Female,Pune,Grocery,4,1461,30,476,4,4090.8,503.84,3,0
SK101662,20-04-24,23,Male,Pune,Sports,3,38273,30,127,7,80373.3,14522.89,5,1
SK101663,07-05-24,64,Female,Bengaluru,Grocery,2,48722,25,598,2,73083,5809.82,4,1
SK101664,14-08-24,38,Male,Chennai,Grocery,3,36746,30,412,4,77166.6,7819.41,5,1
SK101665,21-09-24,24,Female,Delhi,Electronics,1,1136,30,381,7,795.2,-276.24,3,0
SK101666,30-05-25,28,Male,Delhi,Electronics,2,30753,15,518,3,52280.1,3340.74,4,1
SK101667,05-02-24,18,Female,Pune,Beauty,1,39591,30,504,3,27713.7,6305.08,2,1
SK101668,21-03-24,24,Male,Chennai,Fashion,2,731,10,334,5,1315.8,-240.85,5,0
SK101669,01-10-24,56,Male,Bengaluru,Electronics,3,13634,0,352,5,40902,4802.63,5,1
SK101670,13-09-24,50,Female,Jaipur,Grocery,2,33491,10,251,10,60283.8,14762.4,5,1
SK101671,15-02-25,44,Female,Hyderabad,Sports,4,17810,5,131,5,67678,6161.7,5,1
SK101672,11-12-24,62,Male,Chennai,Sports,2,15814,30,435,4,22139.6,2431.48,5,0
SK101673,27-06-24,51,Female,Lucknow,Sports,3,43255,15,194,5,110300.25,31993.73,5,1
SK101674,20-01-24,42,Male,Bengaluru,Electronics,2,37283,25,174,3,55924.5,10714.55,3,1
SK101675,17-06-25,40,Female,Pune,Fashion,3,17980,40,276,5,32364,8984.39,1,1
SK101676,11-03-24,19,Female,Chennai,Electronics,1,587,5,421,1,557.65,-298.82,2,0
SK101677,04-05-24,46,Female,Mumbai,Sports,5,13293,10,134,5,59818.5,17231.15,5,1
SK101678,03-03-24,57,Female,Lucknow,Grocery,2,48240,25,138,10,72360,19665.06,2,1
SK101679,13-09-24,64,Female,Lucknow,Electronics,1,30012,40,73,10,18007.2,3624.9,2,1
SK101680,19-09-24,35,Male,Jaipur,Electronics,4,34234,5,578,4,130089.2,34781.85,2,1
SK101681,22-04-25,57,Female,Lucknow,Furniture,4,8989,40,456,4,21573.6,1590.36,2,0
SK101682,01-05-24,21,Female,Bengaluru,Furniture,1,41819,30,383,10,29273.3,7180.7,3,1
SK101683,10-02-24,62,Male,Pune,Beauty,1,30826,40,591,5,18495.6,3482.18,2,1
SK101684,03-12-24,43,Male,Hyderabad,Electronics,5,26869,10,569,9,120910.5,19810.06,1,1
SK101685,18-02-24,60,Male,Lucknow,Beauty,3,35952,0,531,6,107856,23088.49,3,1
SK101686,12-06-24,44,Female,Jaipur,Beauty,1,32050,20,179,8,25640,5751.06,4,1
SK101687,24-02-25,44,Male,Bengaluru,Sports,1,5955,0,237,7,5955,394.81,1,0
SK101688,21-11-24,47,Female,Delhi,Beauty,1,4580,5,326,7,4351,71.52,5,0
SK101689,02-06-25,30,Female,Jaipur,Beauty,3,38407,40,438,4,69132.6,13044.38,1,1
SK101690,17-03-24,24,Male,Chennai,Fashion,1,304,25,412,10,228,-385.96,2,0
SK101691,25-08-24,53,Male,Pune,Electronics,4,10862,0,471,5,43448,4775.54,3,1
SK101692,04-02-24,36,Female,Pune,Furniture,2,9153,5,414,2,17390.7,1032.39,4,0
SK101693,09-03-25,57,Female,Lucknow,Furniture,2,35198,0,342,5,70396,12900.17,3,1
SK101694,30-01-25,64,Male,Hyderabad,Furniture,1,20300,25,347,5,15225,3638.31,2,1
SK101695,17-06-24,65,Female,Mumbai,Fashion,4,8921,40,189,8,21410.4,1129.5,2,0
SK101696,25-01-24,40,Male,Delhi,Grocery,2,11009,20,476,3,17614.4,1576.25,3,0
SK101697,03-07-24,64,Female,Bengaluru,Fashion,5,26914,0,440,2,134570,18746.05,1,1
SK101698,22-07-24,38,Male,Jaipur,Furniture,2,49648,5,208,10,94331.2,10765.49,1,1
SK101699,14-05-25,30,Male,Chennai,Sports,4,20440,0,94,6,81760,5896.71,5,1
SK101700,29-05-24,52,Male,Lucknow,Beauty,5,40204,10,92,7,180918,9980.77,1,1
SK101701,04-04-24,32,Male,Pune,Beauty,3,12026,40,566,9,21646.8,4824.65,3,1
SK101702,20-10-24,37,Female,Mumbai,Grocery,2,32335,20,484,8,51736,3654,4,1
SK101703,06-05-24,53,Female,Delhi,Sports,3,11919,5,240,3,33969.15,5293.21,2,1
SK101704,15-09-24,45,Female,Bengaluru,Sports,3,18064,15,444,9,46063.2,1948.29,4,0
SK101705,06-04-24,30,Male,Bengaluru,Fashion,4,13151,10,423,10,47343.6,3027.07,4,1
SK101706,26-03-24,45,Female,Bengaluru,Grocery,3,5479,20,388,9,13149.6,2391.48,2,0
SK101707,26-01-25,52,Male,Hyderabad,Grocery,4,20379,25,227,2,61137,3053.39,3,1
SK101708,28-05-25,33,Female,Pune,Grocery,4,16282,25,272,6,48846,3726.59,1,1
SK101709,17-07-24,35,Female,Jaipur,Furniture,2,15068,0,548,9,30136,2514.87,5,0
SK101710,07-05-25,62,Male,Chennai,Beauty,3,8304,30,159,10,17438.4,2836.95,1,0
SK101711,17-01-24,58,Male,Bengaluru,Fashion,5,6129,30,101,6,21451.5,2073.03,5,0
SK101712,27-07-24,35,Female,Delhi,Fashion,3,35290,25,549,10,79402.5,14016.33,3,1
SK101713,21-10-24,32,Male,Bengaluru,Fashion,1,38239,10,517,5,34415.1,6969.11,3,1
SK101714,06-03-24,48,Female,Jaipur,Beauty,2,43024,10,532,4,77443.2,18251.22,4,1
SK101715,04-05-25,50,Male,Bengaluru,Sports,3,5448,10,175,2,14709.6,3247.14,3,1
SK101716,13-01-24,29,Male,Lucknow,Fashion,2,20545,40,397,6,24654,5693.58,1,1
SK101717,09-12-24,50,Male,Bengaluru,Grocery,2,37055,5,366,9,70404.5,3467.33,2,1
SK101718,24-05-24,55,Male,Hyderabad,Fashion,3,42275,30,194,5,88777.5,18172.09,5,1
SK101719,21-12-24,41,Male,Lucknow,Electronics,1,3842,0,484,5,3842,281.67,3,0
SK101720,30-04-24,62,Male,Chennai,Grocery,1,43364,20,104,5,34691.2,3678.82,3,1
SK101721,26-12-24,20,Female,Bengaluru,Fashion,5,44957,40,347,1,134871,25036.48,3,1
SK101722,08-07-24,47,Female,Jaipur,Beauty,1,8832,0,504,4,8832,191.53,4,0
SK101723,14-10-24,48,Male,Lucknow,Fashion,2,33618,40,553,1,40341.6,8509.81,1,1
SK101724,18-04-25,41,Male,Hyderabad,Sports,3,26942,25,299,5,60619.5,16698.41,3,1
SK101725,13-05-24,42,Female,Pune,Grocery,4,21057,5,93,7,80016.6,11601.28,5,1
SK101726,12-11-24,40,Male,Bengaluru,Sports,4,44864,40,91,3,107673.6,24647.31,4,1
SK101727,14-07-24,21,Female,Pune,Beauty,1,25968,0,212,7,25968,7344.14,2,1
SK101728,18-01-25,43,Male,Chennai,Electronics,1,42523,5,171,2,40396.85,5580.65,5,1
SK101729,22-06-25,53,Female,Chennai,Electronics,5,32069,20,263,3,128276,11302.56,4,1
SK101730,20-11-24,43,Male,Mumbai,Furniture,4,18716,10,291,4,67377.6,4072.27,3,1
SK101731,06-04-24,34,Male,Jaipur,Furniture,4,6455,25,294,10,19365,1984.09,5,0
SK101732,22-09-24,49,Male,Hyderabad,Furniture,3,13293,15,203,3,33897.15,6261.34,3,1
SK101733,17-01-25,43,Female,Hyderabad,Electronics,4,43129,40,233,9,103509.6,8439.35,1,1
SK101734,23-01-24,60,Female,Jaipur,Grocery,2,42258,40,128,9,50709.6,4112.78,4,1
SK101735,10-01-24,18,Male,Bengaluru,Furniture,3,22728,30,333,2,47728.8,9561.72,3,1
SK101736,03-03-24,48,Female,Chennai,Furniture,1,5009,40,161,8,3005.4,343.96,3,0
SK101737,09-08-24,27,Male,Hyderabad,Sports,3,47325,15,397,3,120678.75,9728.77,4,1
SK101738,25-10-24,19,Male,Delhi,Beauty,3,49186,25,128,7,110668.5,21357.72,5,1
SK101739,15-10-24,29,Male,Bengaluru,Electronics,2,6862,0,118,8,13724,1516.3,1,0
SK101740,07-04-25,34,Female,Lucknow,Fashion,1,887,10,293,3,798.3,-74.86,4,0
SK101741,08-10-24,46,Female,Delhi,Furniture,4,14705,20,428,5,47056,12723.94,1,1
SK101742,02-08-24,65,Female,Delhi,Furniture,4,13872,0,246,2,55488,10123.82,5,1
SK101743,26-03-24,48,Male,Chennai,Grocery,1,42108,30,381,6,29475.6,5061.47,1,1
SK101744,23-10-24,54,Female,Chennai,Sports,4,3540,5,532,8,13452,941.66,2,0
SK101745,17-06-25,45,Female,Delhi,Electronics,3,29590,30,511,4,62139,4457.94,4,1
SK101746,27-07-24,51,Male,Hyderabad,Fashion,3,33120,15,565,1,84456,16866.09,3,1
SK101747,12-10-24,50,Male,Lucknow,Furniture,1,40930,20,402,3,32744,6712.07,5,1
SK101748,07-04-25,43,Female,Bengaluru,Furniture,1,42875,25,128,1,32156.25,5284.61,5,1
SK101749,22-12-24,45,Female,Bengaluru,Furniture,2,10778,25,583,7,16167,1858.7,3,0
SK101750,18-01-24,31,Male,Lucknow,Grocery,3,23348,15,99,10,59537.4,6827.58,4,1
SK101751,17-01-24,35,Female,Bengaluru,Grocery,2,24968,0,141,5,49936,9579.67,2,1
SK101752,09-06-24,36,Male,Pune,Electronics,4,31384,5,587,4,119259.2,28769.79,4,1
SK101753,08-02-25,24,Male,Jaipur,Furniture,4,16629,0,91,3,66516,19035.33,5,1
SK101754,28-08-24,35,Female,Chennai,Electronics,1,28761,0,178,7,28761,2968.95,5,0
SK101755,25-12-24,38,Male,Delhi,Electronics,5,25555,0,115,8,127775,20853.09,1,1
SK101756,04-04-25,27,Male,Pune,Fashion,2,32804,10,343,2,59047.2,15116.08,2,1
SK101757,22-04-24,49,Female,Mumbai,Grocery,4,28777,15,167,5,97841.8,20852.21,3,1
SK101758,10-01-25,40,Female,Lucknow,Sports,2,16308,20,485,10,26092.8,6912.44,3,1
SK101759,01-09-24,60,Male,Bengaluru,Fashion,1,16292,30,449,3,11404.4,2524.47,5,0
SK101760,31-08-24,44,Female,Jaipur,Fashion,5,13105,0,561,4,65525,11517.83,2,1
SK101761,09-03-24,49,Female,Bengaluru,Grocery,3,37205,5,496,6,106034.25,25129.19,2,1
SK101762,23-04-24,65,Female,Bengaluru,Furniture,3,16989,5,112,4,48418.65,11127.88,4,1
SK101763,25-10-24,50,Female,Delhi,Sports,4,28328,0,373,4,113312,29899.79,2,1
SK101764,08-12-24,56,Male,Pune,Fashion,4,46247,5,553,7,175738.6,25904.73,3,1
SK101765,26-09-24,60,Male,Bengaluru,Furniture,4,26318,20,68,5,84217.6,22635.03,5,1
SK101766,07-05-25,60,Female,Delhi,Electronics,3,1112,40,176,8,2001.6,-36.74,4,0
SK101767,21-03-25,60,Female,Jaipur,Grocery,3,30737,10,69,9,82989.9,7821.5,5,1
SK101768,20-04-25,29,Male,Mumbai,Electronics,4,41327,5,503,8,157042.6,19162.27,2,1
SK101769,31-10-24,42,Female,Jaipur,Grocery,3,43119,20,90,1,103485.6,5857.27,4,1
SK101770,21-01-25,59,Male,Lucknow,Electronics,5,1470,5,121,2,6982.5,768.18,4,0
SK101771,16-03-24,18,Female,Hyderabad,Grocery,2,31909,40,421,5,38290.8,3801.77,1,1
SK101772,19-03-24,21,Female,Bengaluru,Beauty,1,7973,0,233,5,7973,723.11,5,0
SK101773,30-08-24,23,Male,Lucknow,Sports,3,15268,25,406,8,34353,5127.65,3,1
SK101774,26-03-24,34,Female,Lucknow,Fashion,5,38353,30,580,7,134235.5,22913.63,3,1
SK101775,20-06-24,29,Female,Delhi,Sports,1,19211,30,189,4,13447.7,3173.14,4,1
SK101776,03-08-24,27,Male,Mumbai,Furniture,4,39904,20,307,10,127692.8,12473.78,3,1
SK101777,28-08-24,29,Male,Mumbai,Grocery,1,2680,30,234,7,1876,-64,5,0
SK101778,23-12-24,27,Female,Bengaluru,Fashion,1,24923,15,485,9,21184.55,3648.2,1,1
SK101779,29-03-25,54,Female,Chennai,Sports,4,38095,0,311,5,152380,26957.32,1,1
SK101780,01-09-24,40,Female,Hyderabad,Fashion,5,5136,0,145,9,25680,5370.38,2,1
SK101781,10-11-24,27,Male,Pune,Electronics,4,28057,15,349,4,95393.8,20964.15,2,1
SK101782,15-03-25,65,Male,Delhi,Furniture,3,39122,5,417,10,111497.7,11916.71,1,1
SK101783,12-06-25,59,Female,Jaipur,Grocery,2,34278,20,138,3,54844.8,8655.45,3,1
SK101784,01-10-24,38,Male,Pune,Beauty,1,19702,25,544,5,14776.5,1335.74,3,0
SK101785,08-05-25,23,Male,Delhi,Fashion,4,3145,25,109,2,9435,1570.33,1,0
SK101786,25-01-25,38,Male,Bengaluru,Electronics,2,31233,0,104,6,62466,14590.64,5,1
SK101787,18-08-24,62,Female,Mumbai,Fashion,5,28878,10,273,1,129951,20428.79,5,1
SK101788,25-11-24,65,Male,Chennai,Grocery,3,41367,5,586,4,117895.95,30899.26,5,1
SK101789,19-05-24,35,Male,Lucknow,Beauty,5,35565,20,159,3,142260,25402.7,4,1
SK101790,27-02-24,31,Male,Mumbai,Fashion,4,49197,5,131,7,186948.6,48308.48,5,1
SK101791,21-07-24,58,Male,Delhi,Electronics,3,29861,25,189,4,67187.25,15854.52,2,1
SK101792,02-07-24,41,Male,Hyderabad,Sports,3,17057,40,219,1,30702.6,8253.96,4,1
SK101793,03-02-24,23,Female,Pune,Beauty,2,37893,10,486,4,68207.4,4536.65,2,1
SK101794,20-03-25,39,Female,Mumbai,Furniture,3,22340,10,413,4,60318,16938.07,1,1
SK101795,21-09-24,62,Female,Mumbai,Beauty,4,28848,0,196,2,115392,20731.72,1,1
SK101796,27-02-25,43,Female,Pune,Sports,4,14726,0,183,1,58904,3839.49,4,1
SK101797,06-02-25,52,Male,Jaipur,Fashion,1,24293,0,63,5,24293,2165.35,2,0
SK101798,29-03-24,38,Female,Mumbai,Beauty,2,4360,0,459,6,8720,1285.33,1,0
SK101799,31-05-24,31,Female,Bengaluru,Fashion,2,5182,15,167,10,8809.4,902.05,4,0
SK101800,04-09-24,50,Female,Mumbai,Furniture,5,26602,15,84,9,113058.5,19263.83,4,1
SK101801,15-09-24,50,Female,Chennai,Grocery,5,31215,0,234,8,156075,44467.64,4,1
SK101802,21-05-25,54,Female,Hyderabad,Sports,2,8787,5,357,7,16695.3,3977.99,2,1
SK101803,25-08-24,22,Male,Delhi,Grocery,5,31973,10,525,6,143878.5,17937.69,1,1
SK101804,23-01-24,28,Male,Chennai,Beauty,2,17523,30,155,6,24532.2,2774.83,3,0
SK101805,21-09-24,51,Male,Chennai,Electronics,2,8523,25,408,4,12784.5,2102.57,4,0
SK101806,22-11-24,45,Female,Mumbai,Beauty,1,22005,30,83,1,15403.5,1772.48,1,0
SK101807,01-03-24,64,Female,Chennai,Electronics,2,5396,10,521,2,9712.8,2010.18,2,0
SK101808,18-01-25,19,Male,Delhi,Electronics,5,28260,20,275,6,113040,7971.14,5,1
SK101809,29-04-25,22,Female,Chennai,Grocery,4,11017,30,76,8,30847.6,2959.74,5,0
SK101810,12-01-24,49,Male,Lucknow,Beauty,5,15651,10,88,6,70429.5,5475.26,4,1
SK101811,03-02-24,55,Male,Mumbai,Electronics,1,8171,5,138,4,7762.45,887.22,1,0
SK101812,10-04-25,54,Male,Chennai,Sports,2,48115,40,552,2,57738,11174.99,5,1
SK101813,16-05-25,49,Female,Delhi,Beauty,5,43254,40,298,1,129762,10926.54,3,1
SK101814,05-06-24,62,Female,Chennai,Fashion,1,48313,40,499,4,28987.8,3141.77,5,1
SK101815,13-02-25,35,Female,Delhi,Beauty,4,35600,10,121,3,128160,11558.49,4,1
SK101816,05-12-24,49,Female,Bengaluru,Beauty,3,45512,25,212,9,102402,12124.09,1,1
SK101817,20-11-24,38,Female,Mumbai,Sports,3,30550,40,70,4,54990,9212.23,5,1
SK101818,13-01-24,21,Male,Jaipur,Beauty,1,5978,30,81,1,4184.6,815.62,1,0
SK101819,17-08-24,36,Female,Delhi,Furniture,4,23226,30,570,6,65032.8,15811.88,2,1
SK101820,14-10-24,49,Female,Lucknow,Grocery,5,11292,30,377,10,39522,6812.2,3,1
SK101821,19-03-24,48,Male,Bengaluru,Grocery,3,6557,40,83,2,11802.6,3408.56,5,1
SK101822,30-05-24,31,Female,Chennai,Beauty,3,15977,30,270,9,33551.7,6532.82,1,1
SK101823,26-05-24,56,Male,Chennai,Grocery,2,33755,30,395,9,47257,7791.3,2,1
SK101824,29-12-24,39,Female,Lucknow,Grocery,5,1570,30,510,8,5495,841.36,4,0
SK101825,02-09-24,64,Female,Mumbai,Sports,5,46888,30,430,6,164108,26880.72,3,1
SK101826,09-01-24,54,Male,Chennai,Sports,5,5936,5,396,3,28196,5855.59,4,1
SK101827,26-04-24,26,Male,Bengaluru,Furniture,1,7301,0,171,3,7301,1276.92,1,0
SK101828,17-02-25,62,Male,Hyderabad,Furniture,5,38761,40,146,3,116283,27385.76,3,1
SK101829,30-09-24,40,Female,Pune,Sports,3,29728,40,197,9,53510.4,13212.35,5,1
SK101830,10-02-25,19,Female,Delhi,Grocery,1,8330,5,519,2,7913.5,1064.4,2,0
SK101831,16-02-24,43,Female,Bengaluru,Electronics,4,12619,20,307,2,40380.8,2194.1,4,0
SK101832,09-02-24,65,Male,Lucknow,Grocery,3,2741,10,426,1,7400.7,1115.81,1,0
SK101833,29-06-24,19,Male,Hyderabad,Sports,2,38126,25,299,6,57189,11286.63,1,1
SK101834,10-05-24,57,Male,Lucknow,Furniture,2,44518,15,226,6,75680.6,6888.05,3,1
SK101835,05-08-24,31,Female,Delhi,Fashion,4,23598,5,300,7,89672.4,23577.19,4,1
SK101836,02-01-24,21,Female,Bengaluru,Sports,5,40244,30,443,10,140854,20061.75,2,1
SK101837,14-05-24,55,Male,Hyderabad,Grocery,2,601,20,167,3,961.6,47.91,4,0
SK101838,19-05-25,62,Male,Hyderabad,Beauty,3,34926,10,316,7,94300.2,8299.8,1,1
SK101839,21-02-24,53,Male,Jaipur,Grocery,1,30642,10,305,10,27577.8,4876.42,4,1
SK101840,23-04-24,57,Female,Lucknow,Furniture,4,39652,15,383,4,134816.8,7067.61,1,1
SK101841,13-09-24,45,Male,Chennai,Fashion,3,41166,40,75,8,74098.8,10235.91,5,1
SK101842,19-01-24,46,Male,Lucknow,Sports,5,26707,0,129,7,133535,11239.17,4,1
SK101843,27-02-25,57,Male,Pune,Electronics,4,9750,15,233,6,33150,5290.77,3,1
SK101844,20-02-24,56,Male,Lucknow,Grocery,3,38023,0,568,3,114069,15375.64,5,1
SK101845,10-05-24,21,Female,Jaipur,Grocery,2,31330,25,272,10,46995,5699.55,4,1
SK101846,17-03-24,63,Male,Bengaluru,Grocery,3,45462,15,59,4,115928.1,20066.1,3,1
SK101847,14-03-25,39,Male,Chennai,Beauty,3,4058,20,58,8,9739.2,1037.03,5,0
SK101848,03-04-24,45,Male,Delhi,Beauty,1,14479,20,464,8,11583.2,1855.55,1,0
SK101849,22-01-24,19,Male,Mumbai,Furniture,2,18817,40,149,9,22580.4,4519.15,1,1
SK101850,26-08-24,41,Female,Chennai,Sports,5,37157,5,345,1,176495.75,12345.26,3,1
SK101851,25-02-24,28,Female,Delhi,Electronics,1,38294,20,302,9,30635.2,3049.41,3,1
SK101852,05-03-24,23,Female,Bengaluru,Electronics,1,43897,40,519,5,26338.2,7058.76,3,1
SK101853,15-01-24,38,Male,Hyderabad,Electronics,4,48183,10,414,6,173458.8,28153.39,2,1
SK101854,25-06-24,40,Female,Chennai,Grocery,3,36325,25,306,7,81731.25,4880.44,2,1
SK101855,05-03-24,50,Female,Delhi,Grocery,5,17346,30,99,3,60711,10445.83,2,1
SK101856,20-01-25,41,Male,Mumbai,Beauty,1,263,20,170,4,210.4,-121.35,2,0
SK101857,07-06-25,64,Female,Mumbai,Furniture,1,49330,0,141,3,49330,2330.66,1,0
SK101858,13-02-24,32,Female,Pune,Electronics,5,3271,30,570,8,11448.5,1699.31,1,0
SK101859,28-05-25,49,Female,Lucknow,Electronics,3,38945,30,260,2,81784.5,9296.72,3,1
SK101860,22-12-24,60,Female,Pune,Electronics,1,3899,20,468,9,3119.2,255.75,2,0
SK101861,14-05-24,28,Male,Delhi,Beauty,2,773,0,364,2,1546,-270.89,2,0
SK101862,05-05-24,61,Female,Hyderabad,Furniture,5,45810,30,587,6,160335,9924.74,3,1
SK101863,19-09-24,53,Male,Delhi,Electronics,4,13224,25,419,2,39672,3282,4,1
SK101864,17-10-24,60,Female,Mumbai,Furniture,5,47783,15,369,3,203077.75,52155.58,2,1
SK101865,15-07-24,44,Female,Chennai,Beauty,1,27017,15,555,9,22964.45,4212.49,2,1
SK101866,08-09-24,18,Male,Delhi,Sports,4,37198,30,536,1,104154.4,4920.52,2,1
SK101867,03-07-24,48,Male,Mumbai,Fashion,2,40557,10,291,4,73002.6,14080.2,1,1
SK101868,26-12-24,20,Female,Mumbai,Furniture,5,14972,40,478,9,44916,3479.5,5,1
SK101869,30-05-25,49,Female,Chennai,Beauty,3,38398,10,556,4,103674.6,14210.77,2,1
SK101870,24-06-24,29,Female,Jaipur,Fashion,5,19206,40,180,7,57618,9520.83,1,1
SK101871,21-01-25,18,Male,Hyderabad,Fashion,1,1274,15,84,2,1082.9,55.67,4,0
SK101872,16-02-24,40,Male,Chennai,Fashion,1,48175,0,231,9,48175,8678.81,2,1
SK101873,18-06-25,21,Male,Mumbai,Grocery,1,47124,30,579,7,32986.8,6798.99,3,1
SK101874,17-10-24,21,Male,Jaipur,Fashion,2,15375,25,272,2,23062.5,5388.16,2,1
SK101875,23-05-24,64,Female,Hyderabad,Furniture,2,41838,10,130,9,75308.4,6202.39,4,1
SK101876,12-05-24,32,Female,Jaipur,Electronics,2,33117,10,357,7,59610.6,8657.42,3,1
SK101877,22-03-24,42,Female,Pune,Electronics,3,23581,25,63,9,53057.25,12596.4,4,1
SK101878,12-11-24,46,Male,Hyderabad,Furniture,2,3078,0,249,3,6156,758.37,5,0
SK101879,07-04-24,47,Female,Hyderabad,Beauty,3,49988,10,380,8,134967.6,34287.42,2,1
SK101880,06-10-24,50,Female,Jaipur,Fashion,3,25399,0,203,2,76197,10405.51,2,1
SK101881,22-03-24,31,Female,Pune,Grocery,3,48873,20,540,6,117295.2,12828.36,3,1
SK101882,30-01-24,22,Male,Hyderabad,Grocery,5,41131,10,447,5,185089.5,8990.84,5,1
SK101883,16-05-25,22,Female,Chennai,Sports,2,32791,5,74,1,62302.9,8523.72,1,1
SK101884,05-02-25,52,Male,Bengaluru,Grocery,1,29296,15,367,1,24901.6,3535.21,3,1
SK101885,27-04-25,46,Male,Pune,Beauty,1,45874,30,88,3,32111.8,6101.26,2,1
SK101886,19-03-24,45,Male,Pune,Grocery,3,19578,0,513,8,58734,12990.52,5,1
SK101887,12-02-25,49,Male,Jaipur,Beauty,1,25397,10,110,1,22857.3,1806.02,1,0
SK101888,23-05-24,47,Female,Delhi,Beauty,2,37412,15,288,5,63600.4,15560.82,1,1
SK101889,25-12-24,30,Male,Chennai,Sports,4,2044,15,93,6,6949.6,1451.36,4,0
SK101890,05-04-24,30,Female,Chennai,Beauty,2,35586,20,376,9,56937.6,11456.84,5,1
SK101891,21-02-24,44,Female,Pune,Grocery,1,27741,40,360,6,16644.6,1176.36,4,0
SK101892,05-11-24,43,Male,Hyderabad,Furniture,4,16178,15,116,10,55005.2,6037,5,1
SK101893,12-05-24,58,Male,Bengaluru,Fashion,1,28796,25,350,8,21597,5284.12,4,1
SK101894,02-02-24,50,Male,Hyderabad,Grocery,5,31099,10,460,1,139945.5,30225.71,2,1
SK101895,01-06-25,46,Female,Bengaluru,Fashion,4,22167,25,554,4,66501,3616.01,5,1
SK101896,25-02-24,29,Male,Bengaluru,Sports,5,26409,10,554,7,118840.5,13940.93,3,1
SK101897,03-05-24,60,Male,Mumbai,Fashion,3,36547,5,528,8,104158.95,6145.47,5,1
SK101898,21-11-24,63,Female,Jaipur,Beauty,2,21301,5,514,5,40471.9,8692.96,5,1
SK101899,13-04-25,22,Female,Bengaluru,Beauty,5,24963,5,537,7,118574.25,21310.44,4,1
SK101900,13-06-25,44,Male,Jaipur,Sports,5,33262,10,250,4,149679,25891.28,5,1
SK101901,09-06-25,48,Female,Bengaluru,Electronics,4,11561,10,160,3,41619.6,5414.86,2,1
SK101902,17-07-24,37,Male,Hyderabad,Fashion,5,41661,0,587,2,208305,58148.95,2,1
SK101903,03-08-24,20,Female,Chennai,Beauty,5,28991,30,270,3,101468.5,18163.76,2,1
SK101904,19-05-24,37,Male,Delhi,Furniture,2,7067,15,478,1,12013.9,2781.91,4,0
SK101905,10-01-24,28,Male,Jaipur,Sports,2,12906,10,501,9,23230.8,5798.68,2,1
SK101906,13-09-24,25,Female,Bengaluru,Fashion,1,12882,25,137,4,9661.5,2710.27,4,0
SK101907,11-05-25,48,Male,Jaipur,Electronics,5,23842,0,382,1,119210,32450.05,2,1
SK101908,15-02-24,24,Female,Chennai,Electronics,4,703,25,377,9,2109,-138.97,2,0
SK101909,13-07-24,55,Female,Delhi,Beauty,5,4662,10,185,6,20979,3563.28,3,1
SK101910,24-09-24,30,Male,Bengaluru,Beauty,4,24638,20,116,5,78841.6,12738.16,5,1
SK101911,13-08-24,62,Female,Lucknow,Electronics,2,44645,5,126,4,84825.5,9844.97,3,1
SK101912,09-05-24,37,Female,Bengaluru,Grocery,5,44944,10,439,9,202248,45506.24,2,1
SK101913,09-02-25,56,Female,Jaipur,Electronics,5,28764,40,435,4,86292,13404.35,2,1
SK101914,22-02-24,30,Male,Pune,Fashion,1,44353,25,274,10,33264.75,2852.04,5,0
SK101915,18-03-24,32,Male,Mumbai,Fashion,1,39158,20,245,6,31326.4,1881.96,2,0
SK101916,01-08-24,40,Female,Lucknow,Fashion,4,6521,40,104,1,15650.4,1165.14,2,0
SK101917,11-07-24,60,Male,Delhi,Fashion,2,5438,40,57,10,6525.6,761.16,2,0
SK101918,11-09-24,38,Male,Mumbai,Beauty,2,12643,40,586,2,15171.6,3295.69,5,1
SK101919,17-02-25,55,Male,Jaipur,Electronics,2,28240,10,257,10,50832,8933.85,2,1
SK101920,03-12-24,33,Male,Delhi,Sports,2,30720,40,283,1,36864,7380.91,1,1
SK101921,14-09-24,57,Male,Bengaluru,Fashion,4,10077,15,79,3,34261.8,1776.04,4,0
SK101922,01-05-24,63,Male,Pune,Electronics,2,14639,15,50,1,24886.3,2740.33,3,0
SK101923,13-09-24,31,Male,Bengaluru,Grocery,4,29025,0,514,7,116100,26781.5,3,1
SK101924,17-10-24,61,Female,Delhi,Sports,1,18833,25,127,7,14124.75,1038.41,5,0
SK101925,27-06-24,50,Male,Pune,Sports,1,17951,40,227,10,10770.6,431.25,5,0
SK101926,22-12-24,61,Female,Lucknow,Fashion,5,25122,20,433,4,100488,20725.48,4,1
SK101927,19-05-24,48,Female,Delhi,Beauty,5,11857,15,583,2,50392.25,12098.51,1,1
SK101928,28-09-24,48,Female,Lucknow,Furniture,4,10643,25,338,1,31929,7611.42,4,1
SK101929,08-06-25,34,Female,Jaipur,Beauty,1,25640,0,360,10,25640,5588.37,3,1
SK101930,08-02-24,53,Female,Jaipur,Grocery,1,27532,20,90,10,22025.6,1404.81,4,0
SK101931,13-05-25,57,Female,Bengaluru,Fashion,2,32492,25,130,4,48738,6629.11,4,1
SK101932,15-11-24,42,Male,Chennai,Sports,5,24107,20,592,4,96428,15013.02,3,1
SK101933,07-10-24,55,Male,Pune,Electronics,3,31903,20,340,9,76567.2,11807.81,3,1
SK101934,13-07-24,27,Female,Lucknow,Furniture,5,45862,15,443,3,194913.5,14996.57,4,1
SK101935,16-06-25,55,Male,Hyderabad,Grocery,2,47449,25,169,8,71173.5,20740.07,5,1
SK101936,25-09-24,49,Male,Bengaluru,Beauty,1,6619,15,282,3,5626.15,552.77,1,0
SK101937,27-07-24,59,Male,Pune,Sports,2,15658,15,280,1,26618.6,7258.1,2,1
SK101938,07-03-24,24,Female,Chennai,Fashion,4,2500,5,338,8,9500,1258.01,1,0
SK101939,30-07-24,40,Female,Pune,Fashion,2,23835,40,454,3,28602,2528.56,5,0
SK101940,01-03-24,18,Male,Bengaluru,Electronics,2,30366,10,303,10,54658.8,14054.8,3,1
SK101941,31-12-24,33,Female,Chennai,Electronics,5,2026,25,412,4,7597.5,84.41,3,0
SK101942,07-01-24,32,Male,Lucknow,Grocery,5,5450,40,168,10,16350,4102.07,4,1
SK101943,06-02-24,21,Female,Pune,Electronics,3,15304,20,454,10,36729.6,8771.29,3,1
SK101944,26-01-25,19,Female,Jaipur,Electronics,3,284,20,50,9,681.6,106.92,5,0
SK101945,18-01-25,33,Male,Mumbai,Fashion,3,5203,30,157,2,10926.3,1924.6,1,0
SK101946,06-06-24,65,Male,Chennai,Fashion,5,25879,40,467,7,77637,8737.05,1,1
SK101947,14-02-24,39,Female,Hyderabad,Furniture,1,39215,30,528,2,27450.5,4324.56,1,1
SK101948,26-02-24,61,Male,Mumbai,Grocery,2,24564,0,558,5,49128,8722.5,5,1
SK101949,15-02-25,44,Female,Hyderabad,Electronics,5,39250,20,470,4,157000,41843.65,2,1
SK101950,18-01-25,30,Female,Lucknow,Fashion,4,23685,40,536,1,56844,12958.16,5,1
SK101951,07-03-24,47,Male,Chennai,Furniture,4,23777,20,222,4,76086.4,16762.05,4,1
SK101952,28-01-25,38,Male,Pune,Grocery,2,24082,0,245,3,48164,7225.19,4,1
SK101953,18-04-24,39,Female,Jaipur,Grocery,5,19091,25,249,2,71591.25,17113.81,2,1
SK101954,27-12-24,38,Male,Hyderabad,Furniture,1,33134,5,550,7,31477.3,7659.49,3,1
SK101955,26-03-25,38,Female,Chennai,Grocery,5,29501,5,549,10,140129.75,31902.03,1,1
SK101956,01-08-24,20,Female,Hyderabad,Electronics,4,28958,10,490,5,104248.8,7279.67,2,1
SK101957,30-01-25,62,Male,Hyderabad,Grocery,4,14730,20,63,3,47136,4389.82,3,1
SK101958,16-09-24,20,Male,Bengaluru,Electronics,4,37122,15,92,5,126214.8,32438.26,4,1
SK101959,04-01-24,60,Female,Hyderabad,Sports,4,41117,20,499,6,131574.4,25007.83,5,1
SK101960,23-05-24,26,Male,Mumbai,Fashion,3,29505,15,263,10,75237.75,8998.3,4,1
SK101961,25-03-25,54,Female,Pune,Electronics,5,31559,20,316,6,126236,26901.32,1,1
SK101962,02-06-24,62,Female,Hyderabad,Fashion,1,7220,10,441,4,6498,1472.06,3,0
SK101963,03-08-24,50,Female,Hyderabad,Electronics,3,10175,15,117,6,25946.25,4748.23,1,1
SK101964,15-04-25,55,Female,Jaipur,Beauty,4,33424,0,451,4,133696,15165.01,3,1
SK101965,06-06-24,34,Male,Bengaluru,Beauty,4,18541,10,367,9,66747.6,5329.95,5,1
SK101966,04-05-25,28,Male,Mumbai,Grocery,2,38055,20,583,4,60888,14558.58,5,1
SK101967,12-04-25,36,Female,Bengaluru,Fashion,3,847,40,568,1,1524.6,-459.2,3,0
SK101968,03-09-24,26,Female,Delhi,Sports,4,43894,10,342,8,158018.4,33687,1,1
SK101969,03-04-24,50,Female,Mumbai,Grocery,5,20281,30,445,1,70983.5,7017.11,3,1
SK101970,13-04-24,49,Female,Delhi,Beauty,2,17057,10,493,4,30702.6,6009.18,3,1
SK101971,02-01-24,32,Male,Jaipur,Furniture,4,20168,40,230,8,48403.2,9359.15,5,1
SK101972,08-03-25,23,Female,Chennai,Fashion,4,25333,10,78,8,91198.8,6526.42,5,1
SK101973,02-05-25,20,Male,Pune,Grocery,4,19746,40,144,7,47390.4,13358.99,2,1
SK101974,04-06-24,44,Female,Chennai,Fashion,2,12313,0,273,2,24626,2626.92,1,0
SK101975,20-06-25,20,Male,Bengaluru,Beauty,4,25928,40,368,8,62227.2,10238.71,5,1
SK101976,12-01-25,20,Male,Mumbai,Fashion,4,43161,0,356,3,172644,43827.24,3,1
SK101977,18-06-25,23,Male,Jaipur,Grocery,2,39870,15,596,8,67779,8230.85,5,1
SK101978,25-11-24,33,Male,Mumbai,Grocery,4,36364,20,464,2,116364.8,9551.82,3,1
SK101979,29-03-24,19,Male,Lucknow,Sports,3,34690,25,425,9,78052.5,17060.89,4,1
SK101980,13-05-25,36,Female,Lucknow,Furniture,5,14336,30,156,4,50176,7590.34,4,1
SK101981,05-06-25,34,Male,Bengaluru,Beauty,2,22534,15,474,9,38307.8,5169.56,3,1
SK101982,24-01-24,26,Male,Jaipur,Furniture,5,15943,10,562,10,71743.5,3825.94,4,1
SK101983,10-06-24,64,Male,Lucknow,Beauty,1,47670,15,391,2,40519.5,4890.61,3,1
SK101984,02-01-25,56,Male,Jaipur,Beauty,3,21266,25,424,2,47848.5,10562.57,4,1
SK101985,20-03-24,64,Female,Jaipur,Beauty,5,9927,40,397,7,29781,2313.63,3,0
SK101986,28-09-24,33,Female,Bengaluru,Electronics,3,15648,15,318,8,39902.4,4389.42,2,1
SK101987,28-04-24,44,Male,Hyderabad,Sports,5,25652,30,205,9,89782,18106.28,2,1
SK101988,25-04-24,25,Female,Hyderabad,Fashion,5,1908,30,506,4,6678,1285.48,2,0
SK101989,12-10-24,27,Female,Pune,Electronics,3,31714,15,266,7,80870.7,7386.96,1,1
SK101990,15-08-24,55,Female,Jaipur,Beauty,2,33750,10,81,5,60750,10870.79,3,1
SK101991,29-07-24,34,Female,Delhi,Sports,3,7023,30,325,3,14748.3,553.11,3,0
SK101992,14-04-24,64,Female,Chennai,Furniture,2,45029,5,338,8,85555.1,13500.57,2,1
SK101993,18-09-24,60,Female,Jaipur,Fashion,4,29425,40,577,6,70620,4091.62,2,1
SK101994,24-06-24,57,Female,Jaipur,Fashion,1,10129,0,378,2,10129,481.43,3,0
SK101995,27-05-24,22,Female,Mumbai,Furniture,4,36657,20,539,8,117302.4,27280.94,5,1
SK101996,01-02-24,58,Male,Jaipur,Fashion,3,15531,0,221,6,46593,6231.51,5,1
SK101997,07-02-25,64,Female,Mumbai,Grocery,2,21235,25,326,7,31852.5,8661.18,2,1
SK101998,06-02-24,50,Male,Chennai,Beauty,2,4109,25,412,7,6163.5,1412.71,4,0
SK101999,04-11-24,34,Male,Delhi,Grocery,2,19110,5,99,4,36309,5672.19,3,1
SK102000,17-05-25,22,Male,Delhi,Grocery,2,45232,0,446,2,90464,4498.01,4,1
SK102001,09-01-25,45,Male,Bengaluru,Beauty,2,12439,15,544,2,21146.3,5474.63,1,1
SK102002,11-04-25,19,Male,Hyderabad,Electronics,4,16439,0,89,3,65756,12877.57,5,1
SK102003,26-10-24,50,Female,Jaipur,Furniture,1,33676,30,69,10,23573.2,5537.01,5,1
SK102004,18-05-25,18,Male,Jaipur,Sports,1,16415,15,498,6,13952.75,3335.36,1,1
SK102005,18-08-24,21,Female,Chennai,Furniture,5,32214,15,471,5,136909.5,32825.43,2,1
SK102006,12-05-25,25,Female,Lucknow,Electronics,4,8671,0,263,5,34684,3052.82,2,1
SK102007,28-08-24,19,Female,Lucknow,Beauty,2,4262,15,522,4,7245.4,1527.3,4,0
SK102008,09-05-24,22,Female,Hyderabad,Grocery,5,34459,30,288,2,120606.5,26621.86,5,1
SK102009,19-02-24,27,Male,Bengaluru,Beauty,3,7962,30,577,3,16720.2,1985.69,5,0
SK102010,24-01-24,28,Male,Mumbai,Grocery,5,5342,5,176,4,25374.5,6813.69,2,1
SK102011,02-01-24,37,Male,Delhi,Grocery,3,15879,20,555,5,38109.6,3727.11,5,1
SK102012,12-12-24,27,Female,Delhi,Electronics,4,14379,30,313,5,40261.2,2671.87,5,0
SK102013,25-01-24,41,Female,Delhi,Beauty,3,28260,15,290,6,72063,11442.35,2,1
SK102014,03-04-24,56,Male,Lucknow,Sports,2,14004,5,345,10,26607.6,1823.1,2,0
SK102015,23-11-24,47,Female,Delhi,Beauty,1,9893,40,70,7,5935.8,816.85,2,0
SK102016,02-10-24,32,Male,Bengaluru,Furniture,5,22323,5,254,8,106034.25,20186.59,4,1
SK102017,03-02-25,35,Male,Lucknow,Furniture,3,42686,15,426,6,108849.3,24192.09,4,1
SK102018,16-06-24,46,Female,Chennai,Grocery,1,7317,30,565,1,5121.9,968.35,5,0
SK102019,17-02-24,48,Female,Mumbai,Electronics,2,42705,10,325,2,76869,10912.54,1,1
SK102020,12-01-25,57,Female,Mumbai,Furniture,5,15615,15,450,10,66363.75,12681.71,5,1
SK102021,06-11-24,26,Male,Mumbai,Fashion,2,2316,40,587,7,2779.2,-363.75,3,0
SK102022,06-04-24,58,Female,Delhi,Grocery,5,10585,5,502,4,50278.75,7886.39,5,1
SK102023,04-06-25,34,Male,Bengaluru,Sports,3,18392,25,114,2,41382,8368.81,2,1
SK102024,09-02-25,65,Male,Bengaluru,Electronics,5,4358,10,482,7,19611,3521.14,5,1
SK102025,24-07-24,64,Female,Lucknow,Grocery,1,43126,40,542,10,25875.6,5379.9,5,1
SK102026,12-01-25,26,Male,Delhi,Furniture,2,38049,10,247,9,68488.2,10051.69,5,1
SK102027,27-07-24,20,Male,Bengaluru,Electronics,1,32131,5,232,1,30524.45,3196.98,5,1
SK102028,07-01-24,19,Female,Chennai,Beauty,2,4024,5,594,6,7645.6,800.82,3,0
SK102029,07-01-24,44,Male,Lucknow,Sports,1,1716,30,147,3,1201.2,108.02,1,0
SK102030,01-02-25,57,Male,Hyderabad,Fashion,4,8121,5,599,1,30859.8,1067.26,4,0
SK102031,11-05-25,58,Female,Mumbai,Fashion,1,3886,0,363,10,3886,531.43,1,0
SK102032,14-02-25,63,Female,Mumbai,Furniture,5,20246,30,247,4,70861,10393.63,1,1
SK102033,23-12-24,61,Female,Delhi,Grocery,2,20361,30,446,3,28505.4,3916.01,3,1
SK102034,31-07-24,34,Male,Delhi,Beauty,5,15733,5,211,9,74731.75,16858.14,4,1
SK102035,16-12-24,38,Male,Bengaluru,Electronics,5,46663,30,575,8,163320.5,46213.49,1,1
SK102036,11-11-24,40,Male,Mumbai,Sports,5,9565,15,226,10,40651.25,10009.25,1,1
SK102037,22-05-25,55,Male,Lucknow,Beauty,2,25906,0,434,2,51812,12501.91,1,1
SK102038,10-10-24,58,Male,Chennai,Fashion,2,17413,30,222,3,24378.2,3624.52,1,1
SK102039,28-12-24,26,Female,Delhi,Grocery,3,28984,10,214,2,78256.8,10786.55,3,1
SK102040,05-02-25,62,Male,Delhi,Fashion,4,9290,25,303,7,27870,6991.28,5,1
SK102041,23-07-24,23,Female,Mumbai,Electronics,1,29672,10,559,8,26704.8,3682.49,3,1
SK102042,14-04-25,19,Male,Bengaluru,Electronics,5,32083,10,293,5,144373.5,25235.11,5,1
SK102043,28-01-24,57,Male,Mumbai,Fashion,2,7431,0,542,5,14862,428.19,5,0
SK102044,10-02-24,22,Male,Jaipur,Grocery,3,16313,40,93,8,29363.4,2212.61,5,0
SK102045,11-08-24,31,Male,Chennai,Electronics,5,22513,40,350,4,67539,14225.39,4,1
SK102046,03-02-24,38,Male,Jaipur,Sports,2,12094,25,321,4,18141,4748.23,1,1
SK102047,16-05-24,27,Male,Bengaluru,Furniture,4,33944,20,280,10,108620.8,16710.7,1,1
SK102048,03-01-24,65,Female,Jaipur,Furniture,1,41591,30,535,8,29113.7,5997.12,4,1
SK102049,08-10-24,54,Male,Bengaluru,Furniture,3,12830,0,381,10,38490,9951.57,1,1
SK102050,11-06-24,49,Female,Lucknow,Beauty,4,38872,15,159,10,132164.8,32477.86,3,1
SK102051,16-03-25,42,Female,Hyderabad,Sports,4,31012,15,243,5,105440.8,17361.52,2,1
SK102052,18-06-25,63,Male,Mumbai,Fashion,2,847,10,497,9,1524.6,-61.18,5,0
SK102053,23-10-24,50,Female,Bengaluru,Fashion,1,41619,15,275,1,35376.15,5623.56,2,1
SK102054,28-06-24,62,Male,Jaipur,Fashion,2,27537,15,188,6,46812.9,8920.38,4,1
SK102055,29-04-25,25,Female,Pune,Fashion,3,32088,0,181,9,96264,5493.19,4,1
SK102056,09-10-24,53,Female,Delhi,Grocery,3,44873,0,357,10,134619,28793.17,3,1
SK102057,10-03-24,43,Male,Delhi,Grocery,1,42977,0,90,1,42977,8560.72,1,1
SK102058,21-12-24,36,Female,Chennai,Beauty,3,29835,15,412,5,76079.25,17690.99,1,1
SK102059,11-04-25,35,Female,Pune,Fashion,1,40818,20,471,3,32654.4,3513.62,2,1
SK102060,30-09-24,27,Male,Mumbai,Beauty,3,35049,30,427,8,73602.9,17223.36,3,1
SK102061,13-05-25,39,Male,Mumbai,Fashion,4,21329,10,599,4,76784.4,12197.19,1,1
SK102062,27-12-24,36,Male,Jaipur,Furniture,2,30604,10,215,8,55087.2,4342.76,3,1
SK102063,15-06-24,64,Male,Hyderabad,Fashion,2,37195,25,119,1,55792.5,6373.37,1,1
SK102064,21-03-24,29,Female,Chennai,Beauty,5,24478,40,322,10,73434,11622.25,2,1
SK102065,11-11-24,50,Female,Bengaluru,Beauty,5,18939,15,69,1,80490.75,7672.86,3,1
SK102066,30-09-24,64,Female,Chennai,Grocery,2,33472,5,359,3,63596.8,13173.83,4,1
SK102067,07-03-24,38,Male,Mumbai,Sports,1,33609,10,301,10,30248.1,5966.16,5,1
SK102068,11-03-24,57,Female,Jaipur,Electronics,3,31202,0,568,3,93606,17950.26,2,1
SK102069,16-04-24,49,Male,Delhi,Electronics,2,6778,20,348,6,10844.8,808.44,2,0
SK102070,07-01-25,55,Male,Jaipur,Grocery,4,1851,5,153,3,7033.8,295.49,2,0
SK102071,18-06-25,37,Female,Bengaluru,Electronics,3,21309,15,64,9,54337.95,5288.56,3,1
SK102072,29-05-25,62,Male,Bengaluru,Fashion,2,46911,15,167,10,79748.7,21410.12,2,1
SK102073,09-04-25,32,Female,Hyderabad,Beauty,4,22941,15,167,3,77999.4,19996.38,3,1
SK102074,07-07-24,62,Male,Jaipur,Fashion,1,11346,20,98,9,9076.8,817.38,2,0
SK102075,14-03-24,20,Female,Pune,Furniture,5,28411,30,507,1,99438.5,29126.84,2,1
SK102076,16-02-25,57,Male,Mumbai,Sports,5,28058,40,354,1,84174,13465.36,1,1
SK102077,07-03-25,37,Male,Chennai,Furniture,3,7647,15,316,2,19499.85,2226.67,5,0
SK102078,02-02-24,59,Male,Jaipur,Furniture,2,35902,20,495,7,57443.2,5258.96,3,1
SK102079,10-03-25,60,Female,Hyderabad,Furniture,5,38389,10,495,9,172750.5,50632.69,3,1
SK102080,21-04-25,61,Male,Hyderabad,Sports,4,27833,30,403,8,77932.4,16265.1,4,1
SK102081,24-03-24,57,Female,Chennai,Electronics,3,11844,20,258,6,28425.6,2144.5,4,0
SK102082,16-02-24,53,Male,Mumbai,Furniture,1,7037,20,575,7,5629.6,677.75,2,0
SK102083,19-06-25,42,Female,Chennai,Fashion,4,9816,0,245,2,39264,1816.57,3,0
SK102084,03-01-25,59,Male,Hyderabad,Furniture,4,28828,30,181,5,80718.4,4588.06,3,1
SK102085,28-03-25,56,Male,Hyderabad,Grocery,3,35086,30,51,1,73680.6,17472.76,4,1
SK102086,07-02-25,43,Female,Jaipur,Grocery,3,40834,5,202,3,116376.9,34597.47,2,1
SK102087,07-03-24,55,Female,Pune,Furniture,1,14175,0,260,5,14175,1735.16,4,0
SK102088,29-05-24,63,Female,Chennai,Sports,3,17777,5,581,5,50664.45,9633.72,5,1
SK102089,15-01-24,42,Male,Chennai,Grocery,3,36948,40,370,3,66506.4,10687.99,4,1
SK102090,20-09-24,48,Female,Jaipur,Fashion,3,15804,30,89,3,33188.4,3992.67,2,1
SK102091,03-05-25,65,Male,Pune,Grocery,2,38577,25,591,3,57865.5,16124.05,1,1
SK102092,29-08-24,33,Female,Bengaluru,Fashion,4,19140,10,453,3,68904,15580.45,1,1
SK102093,21-04-24,18,Male,Chennai,Fashion,2,34214,40,187,6,41056.8,11946.16,5,1
SK102094,13-07-24,63,Female,Bengaluru,Beauty,2,46353,5,434,6,88070.7,25588.67,3,1
SK102095,25-09-24,48,Female,Bengaluru,Beauty,1,21537,25,359,1,16152.75,3547.72,1,1
SK102096,04-01-24,50,Male,Jaipur,Sports,1,24812,30,496,5,17368.4,4367.28,3,1
SK102097,18-04-25,51,Male,Chennai,Sports,5,6897,0,521,8,34485,5462.55,4,1
SK102098,09-02-24,53,Female,Lucknow,Electronics,2,7012,20,522,2,11219.2,693.7,2,0
SK102099,23-07-24,41,Male,Jaipur,Electronics,1,2825,40,461,7,1695,-309,4,0
SK102100,05-01-24,18,Female,Delhi,Electronics,1,25014,10,272,2,22512.6,6276.52,1,1
SK102101,23-05-24,18,Male,Mumbai,Fashion,1,7237,15,402,2,6151.45,595.34,2,0
SK102102,02-10-24,23,Female,Jaipur,Sports,2,35289,10,361,7,63520.2,14280.13,5,1
SK102103,01-12-24,19,Female,Bengaluru,Fashion,3,590,40,308,6,1062,-5.23,2,0
SK102104,30-05-24,26,Female,Chennai,Sports,5,18962,40,259,8,56886,6213.16,5,1
SK102105,08-09-24,29,Female,Bengaluru,Electronics,5,43816,10,89,1,197172,29986.37,3,1
SK102106,25-01-25,62,Female,Chennai,Furniture,4,14429,0,272,1,57716,9230.56,1,1
SK102107,16-01-24,52,Female,Hyderabad,Furniture,4,6406,0,547,7,25624,3626.39,4,1
SK102108,14-04-24,54,Female,Jaipur,Sports,1,34209,20,517,1,27367.2,4719.03,1,1
SK102109,06-12-24,30,Female,Delhi,Fashion,3,24723,15,474,5,63043.65,14888.54,2,1
SK102110,06-05-25,58,Male,Delhi,Furniture,2,47817,25,158,6,71725.5,13640.37,5,1
SK102111,06-11-24,27,Female,Bengaluru,Grocery,1,46895,5,389,10,44550.25,10091.88,1,1
SK102112,27-05-25,20,Female,Jaipur,Electronics,4,18748,0,514,9,74992,20145.88,5,1
SK102113,29-04-25,61,Female,Chennai,Grocery,4,23365,30,565,6,65422,10433.17,1,1
SK102114,05-12-24,46,Male,Lucknow,Electronics,2,13567,15,286,3,23063.9,5793.45,4,1
SK102115,30-01-24,65,Female,Bengaluru,Furniture,3,6858,30,558,9,14401.8,3413.7,5,1
SK102116,04-12-24,43,Male,Lucknow,Fashion,2,45480,40,156,2,54576,5104.34,4,1
SK102117,11-03-25,54,Female,Pune,Beauty,2,37704,30,392,5,52785.6,14227.16,2,1
SK102118,24-05-24,24,Male,Mumbai,Furniture,3,10550,0,325,6,31650,4904.94,3,1
SK102119,27-07-24,52,Male,Lucknow,Furniture,4,46923,25,295,1,140769,8988.74,3,1
SK102120,29-01-24,34,Male,Jaipur,Grocery,1,43245,0,582,6,43245,5807.35,1,1
SK102121,15-04-24,40,Female,Bengaluru,Electronics,2,4855,0,139,10,9710,1755.01,2,0
SK102122,23-05-25,46,Male,Hyderabad,Furniture,1,3446,20,176,10,2756.8,491.55,4,0
SK102123,10-08-24,32,Male,Bengaluru,Electronics,1,4791,5,152,4,4551.45,1204.56,5,0
SK102124,24-01-24,21,Male,Bengaluru,Grocery,5,31551,15,178,9,134091.75,16950.13,2,1
SK102125,19-06-25,29,Female,Bengaluru,Grocery,4,19821,15,548,1,67391.4,5756.93,2,1
SK102126,09-04-24,28,Female,Chennai,Furniture,1,38910,15,71,6,33073.5,9697.28,4,1
SK102127,13-01-24,46,Female,Jaipur,Sports,4,482,0,492,5,1928,-189.6,1,0
SK102128,25-05-24,60,Male,Hyderabad,Fashion,1,10823,25,398,1,8117.25,389.01,4,0
SK102129,14-05-24,26,Female,Delhi,Fashion,4,42041,30,251,8,117714.8,5706.02,3,1
SK102130,22-05-24,33,Male,Lucknow,Fashion,3,4409,30,325,6,9258.9,2007.08,1,0
SK102131,20-10-24,55,Male,Bengaluru,Electronics,2,2835,25,319,9,4252.5,-46.36,3,0
SK102132,31-05-24,65,Female,Lucknow,Grocery,4,776,15,68,5,2638.4,153.67,2,0
SK102133,28-02-25,50,Male,Mumbai,Sports,4,25423,25,369,6,76269,11435.98,1,1
SK102134,24-06-24,23,Male,Hyderabad,Sports,2,36539,10,347,7,65770.2,15565.35,3,1
SK102135,05-03-25,50,Female,Mumbai,Grocery,3,16607,0,306,6,49821,8068.92,3,1
SK102136,13-09-24,44,Female,Pune,Fashion,3,41068,0,551,9,123204,24201.51,4,1
SK102137,13-10-24,65,Female,Delhi,Fashion,2,48265,40,464,7,57918,12298.31,5,1
SK102138,26-05-24,38,Male,Hyderabad,Electronics,1,23449,30,259,2,16414.3,768.97,2,0
SK102139,20-11-24,29,Male,Bengaluru,Fashion,2,14161,30,517,8,19825.4,2051.69,3,0
SK102140,04-05-25,47,Male,Jaipur,Grocery,1,33831,40,329,9,20298.6,4959.14,4,1
SK102141,08-03-25,38,Female,Hyderabad,Beauty,5,4394,15,460,1,18674.5,1272.54,2,0
SK102142,10-12-24,19,Female,Pune,Beauty,4,2165,40,319,6,5196,254.69,1,0
SK102143,06-02-24,59,Male,Chennai,Sports,4,44196,25,195,7,132588,22838.62,5,1
SK102144,27-09-24,60,Male,Pune,Beauty,5,542,15,288,3,2303.5,282.45,5,0
SK102145,17-02-24,26,Female,Mumbai,Furniture,3,41490,10,199,10,112023,12532.61,4,1
SK102146,07-01-25,21,Male,Jaipur,Electronics,1,29908,25,360,8,22431,6269.94,3,1
SK102147,10-10-24,28,Male,Pune,Electronics,1,20160,40,532,5,12096,1054.13,5,0
SK102148,10-03-25,34,Female,Hyderabad,Fashion,5,44200,0,449,6,221000,26967.11,5,1
SK102149,14-04-25,56,Male,Pune,Sports,5,46180,30,545,3,161630,25760.4,2,1
SK102150,19-06-25,41,Female,Bengaluru,Sports,5,43547,15,525,8,185074.75,21495.42,2,1
SK102151,03-06-24,58,Male,Delhi,Furniture,2,19522,25,129,6,29283,2488.81,5,0
SK102152,11-12-24,55,Male,Lucknow,Sports,3,21804,0,261,3,65412,3247.33,4,1
SK102153,24-03-25,52,Male,Hyderabad,Grocery,1,2418,0,425,3,2418,-259.38,3,0
SK102154,09-10-24,27,Male,Hyderabad,Electronics,4,49724,15,461,6,169061.6,25638.21,5,1
SK102155,24-05-25,34,Male,Bengaluru,Grocery,2,9371,20,112,5,14993.6,2356.3,5,0
SK102156,05-05-25,54,Male,Bengaluru,Beauty,1,6583,10,476,7,5924.7,-171.01,2,0
SK102157,25-02-25,56,Male,Bengaluru,Electronics,2,8966,40,133,6,10759.2,1569.08,4,0
SK102158,06-04-24,57,Female,Pune,Sports,5,43697,15,190,2,185712.25,25535.81,5,1
SK102159,12-06-24,63,Male,Bengaluru,Electronics,5,34426,5,244,2,163523.5,17779.77,2,1
SK102160,15-08-24,54,Male,Delhi,Fashion,1,32905,30,144,10,23033.5,5137.22,3,1
SK102161,20-05-24,54,Male,Hyderabad,Beauty,2,2484,10,240,6,4471.2,976.47,3,0
SK102162,25-02-25,45,Male,Pune,Furniture,1,7798,5,244,10,7408.1,1557.92,1,0
SK102163,09-05-25,22,Male,Delhi,Furniture,2,32101,40,71,5,38521.2,7722.57,1,1
SK102164,25-05-25,63,Female,Hyderabad,Sports,1,31449,15,270,2,26731.65,1070.49,1,0
SK102165,05-03-24,25,Male,Hyderabad,Electronics,5,22575,40,437,9,67725,10356.36,3,1
SK102166,11-04-25,50,Female,Lucknow,Electronics,1,36565,20,386,9,29252,5008.61,1,1
SK102167,12-09-24,54,Female,Jaipur,Furniture,4,14978,5,228,7,56916.4,14724.66,4,1
SK102168,19-04-24,57,Female,Chennai,Furniture,5,40827,0,390,6,204135,38324.6,2,1
SK102169,18-04-24,36,Female,Mumbai,Fashion,5,9208,15,566,7,39134,5957.12,2,1
SK102170,26-04-24,44,Male,Lucknow,Electronics,3,14341,25,510,2,32267.25,1287.18,1,0
SK102171,31-01-24,19,Female,Bengaluru,Grocery,3,22905,25,137,1,51536.25,5878.6,1,1
SK102172,18-06-24,22,Female,Pune,Sports,4,26445,5,171,7,100491,29108.84,4,1
SK102173,03-05-24,56,Female,Pune,Beauty,2,25092,25,575,4,37638,9073.06,5,1
SK102174,01-04-24,61,Male,Pune,Furniture,5,31558,20,350,5,126232,24501.65,4,1
SK102175,10-05-25,47,Female,Mumbai,Furniture,3,46717,10,55,7,126135.9,23753.19,2,1
SK102176,11-08-24,63,Female,Hyderabad,Grocery,1,47810,25,127,8,35857.5,8780.68,3,1
SK102177,28-02-24,43,Female,Bengaluru,Electronics,4,18186,25,86,1,54558,5239.16,2,1
SK102178,21-01-24,56,Male,Lucknow,Sports,3,7650,30,208,6,16065,3356.25,3,1
SK102179,08-03-25,19,Male,Chennai,Electronics,4,2526,30,156,9,7072.8,1728.19,5,0
SK102180,31-12-24,20,Female,Jaipur,Sports,5,3022,15,243,1,12843.5,2968.87,1,0
SK102181,07-04-24,61,Male,Chennai,Grocery,5,27248,30,359,6,95368,15820.82,2,1
SK102182,05-05-24,50,Female,Bengaluru,Beauty,3,39783,5,365,6,113381.55,20110.57,2,1
SK102183,16-04-24,31,Female,Jaipur,Fashion,1,32300,20,210,9,25840,3715.84,5,1
SK102184,08-05-24,35,Male,Mumbai,Electronics,3,428,15,298,3,1091.4,-48.99,1,0
SK102185,15-01-24,26,Male,Lucknow,Beauty,5,33919,10,319,1,152635.5,35292.92,3,1
SK102186,01-05-25,31,Female,Bengaluru,Fashion,1,7461,15,383,8,6341.85,1125.46,2,0
SK102187,01-02-24,47,Male,Chennai,Fashion,2,39858,40,269,4,47829.6,4825.99,2,1
SK102188,27-04-25,29,Female,Pune,Beauty,3,27025,5,149,4,77021.25,19554.51,3,1
SK102189,24-02-24,53,Male,Jaipur,Grocery,5,19355,40,207,10,58065,12474.19,2,1
SK102190,11-04-24,24,Female,Delhi,Sports,2,2221,10,234,10,3997.8,132.03,2,0
SK102191,09-09-24,56,Male,Hyderabad,Fashion,1,47226,0,129,5,47226,10325.51,5,1
SK102192,28-03-24,60,Male,Chennai,Sports,5,29024,20,297,2,116096,15760.31,2,1
SK102193,18-02-24,40,Male,Delhi,Furniture,1,43440,25,293,6,32580,2978.98,4,0
SK102194,25-01-25,42,Female,Jaipur,Fashion,3,8831,5,535,9,25168.35,4903.99,3,1
SK102195,03-06-24,28,Male,Delhi,Grocery,5,7394,5,524,2,35121.5,2494.93,4,0
SK102196,16-11-24,47,Male,Mumbai,Beauty,2,27448,30,153,10,38427.2,10699.13,4,1
SK102197,02-02-25,32,Female,Jaipur,Fashion,4,39173,25,129,9,117519,12800.59,1,1
SK102198,14-07-24,54,Female,Bengaluru,Fashion,2,37863,20,535,8,60580.8,5038.04,3,1
SK102199,28-11-24,24,Female,Jaipur,Fashion,5,19083,0,268,10,95415,5991.03,3,1
SK102200,06-06-25,20,Female,Chennai,Beauty,2,31039,40,375,9,37246.8,8609.91,4,1
SK102201,14-06-24,35,Male,Delhi,Beauty,3,9412,30,508,2,19765.2,1875.35,4,0
SK102202,20-08-24,25,Female,Chennai,Fashion,1,3806,20,443,4,3044.8,-75.74,1,0
SK102203,25-08-24,35,Male,Bengaluru,Sports,2,34428,0,501,10,68856,10927.09,5,1
SK102204,05-05-24,47,Female,Pune,Electronics,3,15498,40,453,2,27896.4,3638.44,4,1
SK102205,20-11-24,22,Female,Chennai,Electronics,2,42330,20,433,8,67728,18916.15,2,1
SK102206,03-04-25,24,Female,Hyderabad,Beauty,3,40421,0,480,3,121263,18716.27,3,1
SK102207,30-10-24,18,Male,Lucknow,Sports,5,18483,10,174,10,83173.5,16699.24,4,1
SK102208,14-01-24,53,Male,Hyderabad,Beauty,1,46467,25,108,6,34850.25,3101.65,3,1
SK102209,14-06-25,44,Female,Pune,Furniture,2,44265,40,388,2,53118,12906.55,2,1
SK102210,22-03-24,47,Female,Jaipur,Furniture,2,32598,40,344,10,39117.6,6547.67,4,1
SK102211,31-08-24,38,Female,Jaipur,Grocery,1,14707,25,503,10,11030.25,2330.24,3,0
SK102212,31-03-25,65,Male,Lucknow,Fashion,5,14919,40,573,5,44757,9033.48,3,1
SK102213,29-01-25,32,Female,Hyderabad,Electronics,2,27413,10,154,7,49343.4,5629.26,2,1
SK102214,06-10-24,44,Female,Lucknow,Grocery,1,24830,5,358,9,23588.5,1505.96,5,0
SK102215,03-01-25,37,Male,Hyderabad,Fashion,4,41077,15,518,3,139661.8,31457.39,2,1
SK102216,22-05-25,25,Male,Pune,Grocery,2,38520,0,336,10,77040,22030.71,5,1
SK102217,14-06-25,59,Male,Bengaluru,Beauty,2,31008,30,388,1,43411.2,12483.74,1,1
SK102218,14-06-25,57,Male,Lucknow,Electronics,4,38762,10,155,5,139543.2,34710.55,5,1
SK102219,23-07-24,50,Female,Hyderabad,Beauty,1,45089,10,240,6,40580.1,1926.69,5,0
SK102220,04-04-24,62,Female,Hyderabad,Sports,4,32216,15,434,9,109534.4,32217.63,5,1
SK102221,11-12-24,20,Male,Jaipur,Furniture,4,28880,20,88,1,92416,22742.1,5,1
SK102222,16-04-25,18,Male,Lucknow,Sports,1,11372,5,66,6,10803.4,2899.16,3,0
SK102223,01-06-24,30,Male,Pune,Electronics,3,37915,40,146,3,68247,17960.36,5,1
SK102224,17-01-24,33,Female,Chennai,Sports,5,28107,30,414,1,98374.5,19460.26,2,1
SK102225,26-06-24,44,Female,Chennai,Fashion,2,28385,0,228,1,56770,13041.2,5,1
SK102226,05-08-24,51,Female,Chennai,Grocery,2,22176,5,174,4,42134.4,6425.08,4,1
SK102227,11-06-24,44,Female,Delhi,Grocery,3,39784,25,527,4,89514,24918.14,5,1
SK102228,31-01-25,54,Male,Jaipur,Furniture,1,49964,15,487,10,42469.4,5299.26,3,1
SK102229,11-05-24,39,Female,Chennai,Electronics,4,3750,30,505,2,10500,1645.68,4,0
SK102230,23-05-24,19,Female,Jaipur,Electronics,1,30813,15,185,5,26191.05,1309.23,1,0
SK102231,11-05-25,49,Male,Lucknow,Beauty,3,24416,30,98,1,51273.6,8179.1,4,1
SK102232,13-09-24,58,Male,Hyderabad,Beauty,3,39670,0,594,5,119010,8405.24,3,1
SK102233,27-07-24,22,Male,Hyderabad,Grocery,4,21242,30,548,8,59477.6,15083.59,3,1
SK102234,22-01-24,28,Male,Lucknow,Fashion,4,36713,30,487,8,102796.4,10313.14,5,1
SK102235,18-12-24,25,Male,Hyderabad,Electronics,2,5397,15,208,2,9174.9,1753.91,1,0
SK102236,24-02-25,43,Female,Delhi,Furniture,4,1505,15,225,3,5117,997.08,4,0
SK102237,27-02-24,59,Female,Lucknow,Electronics,4,43914,5,419,10,166873.2,41628.06,4,1
SK102238,23-10-24,30,Male,Pune,Sports,1,11233,10,419,9,10109.7,1924.57,4,0
SK102239,29-01-24,19,Male,Hyderabad,Beauty,4,2070,20,240,1,6624,310.8,2,0
SK102240,14-08-24,36,Male,Lucknow,Furniture,5,6262,10,581,5,28179,6345.65,4,1
SK102241,06-04-24,48,Male,Hyderabad,Furniture,2,34178,0,104,5,68356,11080.29,1,1
SK102242,15-02-25,38,Male,Chennai,Furniture,5,28172,5,205,10,133817,24764.93,3,1
SK102243,04-10-24,62,Male,Hyderabad,Beauty,5,8453,30,343,6,29585.5,5916.04,5,1
SK102244,10-02-24,56,Male,Hyderabad,Electronics,4,13549,10,553,5,48776.4,6580.22,3,1
SK102245,01-12-24,37,Male,Pune,Sports,3,34408,25,221,1,77418,13572.45,5,1
SK102246,13-08-24,64,Male,Pune,Grocery,3,39018,15,121,10,99495.9,28457.79,5,1
SK102247,31-05-25,48,Female,Chennai,Furniture,4,40497,15,545,5,137689.8,23157.21,4,1
SK102248,22-02-25,64,Male,Mumbai,Fashion,4,24789,40,187,1,59493.6,16460.5,2,1
SK102249,10-11-24,28,Male,Hyderabad,Grocery,4,20379,0,403,3,81516,7468.57,1,1
SK102250,06-11-24,30,Male,Jaipur,Beauty,3,42259,20,180,6,101421.6,24305.77,5,1
SK102251,11-05-24,62,Female,Lucknow,Furniture,4,13484,30,507,10,37755.2,2573.33,4,0
SK102252,25-04-25,46,Female,Pune,Furniture,5,21727,30,468,9,76044.5,13270.02,1,1
SK102253,01-03-25,39,Male,Bengaluru,Fashion,1,23936,40,101,7,14361.6,1835.6,4,0
SK102254,01-02-24,63,Female,Hyderabad,Grocery,2,49547,15,530,7,84229.9,15689.53,4,1
SK102255,10-06-25,40,Male,Lucknow,Fashion,5,31415,0,444,5,157075,22875.67,1,1
SK102256,17-07-24,24,Female,Jaipur,Fashion,4,42442,40,385,7,101860.8,28256.33,4,1
SK102257,09-02-24,33,Female,Pune,Fashion,1,39945,20,441,3,31956,3756.87,3,1
SK102258,30-06-24,42,Female,Delhi,Electronics,5,40274,15,171,10,171164.5,27292.96,2,1
SK102259,02-03-24,48,Male,Chennai,Fashion,1,16006,40,600,5,9603.6,1160.02,1,0
SK102260,13-11-24,55,Female,Lucknow,Sports,4,13170,15,70,3,44778,8982.36,3,1
SK102261,06-02-25,55,Female,Hyderabad,Furniture,5,11012,25,182,9,41295,7037.51,2,1
SK102262,30-11-24,56,Male,Lucknow,Electronics,3,43659,0,158,2,130977,16145.94,5,1
SK102263,04-05-24,58,Female,Lucknow,Fashion,5,41598,20,114,3,166392,14381.75,5,1
SK102264,08-07-24,37,Male,Mumbai,Beauty,1,47821,0,482,3,47821,4866.54,3,1
SK102265,12-01-25,29,Female,Delhi,Sports,5,32232,25,186,7,120870,11716.42,5,1
SK102266,11-06-25,20,Female,Pune,Beauty,4,42698,15,278,7,145173.2,38425.08,5,1
SK102267,20-06-24,31,Female,Lucknow,Fashion,2,3752,25,95,2,5628,744.21,3,0
SK102268,20-02-24,43,Female,Delhi,Beauty,5,36353,10,112,3,163588.5,46772.89,5,1
SK102269,27-07-24,51,Male,Hyderabad,Fashion,2,15604,25,188,3,23406,3955.32,2,1
SK102270,03-04-24,32,Male,Pune,Electronics,1,4335,15,588,2,3684.75,468.38,4,0
SK102271,09-06-24,29,Male,Jaipur,Fashion,4,3455,10,228,5,12438,2162.01,4,0
SK102272,09-10-24,24,Male,Pune,Beauty,4,33105,20,250,2,105936,23472.79,1,1
SK102273,08-04-24,61,Male,Lucknow,Beauty,1,33367,0,141,7,33367,9758.46,3,1
SK102274,14-07-24,29,Male,Pune,Fashion,2,35973,30,427,6,50362.2,6769.11,1,1
SK102275,03-04-25,21,Female,Jaipur,Electronics,1,6459,40,583,6,3875.4,470.35,5,0
SK102276,11-04-24,54,Female,Bengaluru,Fashion,1,4105,30,416,3,2873.5,336.94,5,0
SK102277,29-12-24,40,Male,Pune,Beauty,1,12396,30,344,6,8677.2,1029.22,4,0
SK102278,08-08-24,64,Female,Delhi,Fashion,2,12600,10,307,2,22680,6423.64,1,1
SK102279,28-03-25,19,Female,Mumbai,Sports,1,2747,20,473,10,2197.6,180.28,4,0
SK102280,03-11-24,41,Female,Pune,Fashion,1,24993,25,225,4,18744.75,4265.04,2,1
SK102281,12-05-24,58,Female,Pune,Electronics,2,40234,20,363,5,64374.4,16066.93,5,1
SK102282,30-04-24,50,Male,Jaipur,Sports,5,26115,30,576,10,91402.5,4057.77,5,1
SK102283,16-06-25,26,Female,Jaipur,Beauty,1,34892,15,157,3,29658.2,3494.94,5,1
SK102284,29-11-24,30,Male,Mumbai,Beauty,3,29681,40,108,10,53425.8,7370.19,4,1
SK102285,27-05-24,30,Female,Hyderabad,Sports,3,12865,15,133,3,32805.75,1829.21,1,0
SK102286,07-02-24,65,Female,Pune,Sports,2,47331,40,433,10,56797.2,13700.89,2,1
SK102287,24-08-24,18,Female,Jaipur,Furniture,4,39563,15,502,7,134514.2,15798.55,5,1
SK102288,15-10-24,31,Female,Lucknow,Electronics,5,38744,20,372,2,154976,22996.56,1,1
SK102289,29-11-24,28,Male,Lucknow,Sports,4,49114,25,312,7,147342,42039.16,3,1
SK102290,09-09-24,34,Male,Lucknow,Grocery,2,19386,10,312,7,34894.8,5321.74,4,1
SK102291,01-01-25,59,Male,Mumbai,Furniture,3,9793,10,54,8,26441.1,5014.44,4,1
SK102292,15-03-25,45,Female,Chennai,Fashion,5,19634,25,215,9,73627.5,12128.07,4,1
SK102293,17-07-24,63,Male,Jaipur,Fashion,5,29015,5,487,2,137821.25,33483.4,3,1
SK102294,15-05-25,19,Male,Mumbai,Furniture,1,7140,40,346,3,4284,645.25,4,0
SK102295,19-03-25,35,Female,Hyderabad,Furniture,3,27581,0,443,2,82743,14503.19,5,1
SK102296,11-06-24,24,Male,Chennai,Electronics,3,42925,10,83,3,115897.5,32084.11,5,1
SK102297,10-09-24,41,Male,Delhi,Grocery,3,18983,15,128,5,48406.65,6644.97,2,1
SK102298,09-05-24,44,Female,Hyderabad,Sports,1,15962,15,510,8,13567.7,1538.82,4,0
SK102299,05-04-25,40,Female,Mumbai,Electronics,3,4733,10,456,5,12779.1,2089.84,4,0
SK102300,21-04-25,18,Male,Jaipur,Fashion,4,43902,25,104,1,131706,18089.46,4,1
SK102301,26-02-25,41,Female,Jaipur,Fashion,3,46187,5,417,3,131632.95,27478.89,3,1
SK102302,04-03-24,63,Male,Chennai,Electronics,4,5395,20,230,9,17264,4761.55,3,1
SK102303,08-06-24,45,Female,Chennai,Beauty,5,9805,5,560,9,46573.75,4754.94,4,1
SK102304,12-03-24,49,Male,Lucknow,Fashion,2,22632,40,324,3,27158.4,3064.1,5,1
SK102305,17-06-25,59,Female,Lucknow,Fashion,5,45607,20,479,4,182428,10897.61,4,1
SK102306,29-05-24,21,Male,Pune,Grocery,4,20814,15,156,4,70767.6,6290.13,2,1
SK102307,28-04-24,60,Female,Bengaluru,Sports,5,25999,15,309,6,110495.75,10488.02,2,1
SK102308,03-02-24,27,Female,Delhi,Grocery,1,7277,15,332,7,6185.45,1428.97,3,0
SK102309,20-10-24,65,Female,Pune,Sports,3,14420,10,418,10,38934,7748.19,5,1
SK102310,12-06-24,43,Female,Jaipur,Grocery,4,2972,40,293,9,7132.8,1004.85,3,0
SK102311,26-02-25,35,Female,Bengaluru,Electronics,4,14170,20,305,1,45344,8942.21,2,1
SK102312,28-02-25,49,Female,Pune,Fashion,5,29338,5,217,5,139355.5,17978.49,3,1
SK102313,09-05-25,32,Female,Delhi,Sports,4,49823,0,450,1,199292,27616.3,1,1
SK102314,03-04-25,32,Male,Delhi,Grocery,1,1065,10,520,7,958.5,-402.67,1,0
SK102315,13-01-24,24,Female,Jaipur,Fashion,4,45052,10,348,6,162187.2,13854.92,3,1
SK102316,16-01-24,43,Male,Mumbai,Beauty,2,49999,15,251,1,84998.3,10413.8,2,1
SK102317,13-03-25,28,Male,Chennai,Furniture,1,36331,25,443,7,27248.25,5121.54,3,1
SK102318,14-09-24,21,Female,Chennai,Grocery,5,9346,20,329,4,37384,5063.53,5,1
SK102319,30-03-25,65,Female,Pune,Fashion,1,48393,0,569,6,48393,9731.42,2,1
SK102320,25-04-25,62,Female,Bengaluru,Grocery,5,25097,0,548,1,125485,27190.61,2,1
SK102321,09-05-24,37,Male,Bengaluru,Beauty,1,15648,20,257,10,12518.4,850.52,5,0
SK102322,29-05-25,64,Male,Jaipur,Electronics,2,7729,5,274,2,14685.1,4090.71,5,1
SK102323,24-12-24,28,Female,Lucknow,Electronics,3,13845,20,493,1,33228,1646.54,4,0
SK102324,10-04-25,43,Male,Chennai,Grocery,2,32332,40,250,6,38798.4,4569.65,4,1
SK102325,20-03-25,19,Female,Jaipur,Sports,5,4093,30,313,9,14325.5,3189.27,5,1
SK102326,27-04-25,44,Female,Bengaluru,Fashion,5,34227,15,146,10,145464.75,14811.67,1,1
SK102327,24-11-24,42,Female,Bengaluru,Furniture,5,46678,10,551,10,210051,34698.91,2,1
SK102328,18-02-25,57,Male,Chennai,Fashion,2,9094,10,113,8,16369.2,4686.96,4,1
SK102329,14-09-24,44,Male,Jaipur,Furniture,2,6071,0,195,7,12142,2383.4,4,0
SK102330,02-06-24,43,Female,Chennai,Furniture,2,11575,20,406,8,18520,1663.38,2,0
SK102331,24-07-24,63,Female,Lucknow,Furniture,3,15911,30,147,4,33413.1,4956.5,5,1
SK102332,15-03-24,34,Male,Bengaluru,Sports,4,5406,30,483,4,15136.8,2486.96,3,0
SK102333,22-06-25,23,Female,Delhi,Furniture,1,48469,5,393,8,46045.55,8336.39,4,1
SK102334,05-11-24,63,Male,Bengaluru,Sports,3,43626,0,426,6,130878,10391.45,3,1
SK102335,11-05-24,23,Male,Chennai,Beauty,3,48145,25,471,6,108326.25,14165.6,3,1
SK102336,21-02-24,52,Male,Delhi,Electronics,3,31976,10,560,4,86335.2,22364.19,4,1
SK102337,19-04-24,34,Male,Jaipur,Sports,3,6052,20,68,3,14524.8,1639.71,5,0
SK102338,22-05-24,23,Female,Jaipur,Sports,3,47252,15,71,4,120492.6,29929.95,1,1
SK102339,15-05-25,52,Female,Bengaluru,Sports,4,37657,0,579,2,150628,26822.07,2,1
SK102340,11-04-24,64,Female,Jaipur,Furniture,3,15901,40,592,3,28621.8,6291.71,5,1
SK102341,28-03-25,31,Female,Chennai,Sports,4,23430,15,279,7,79662,15538.92,3,1
SK102342,14-08-24,43,Female,Delhi,Grocery,4,9811,25,590,6,29433,4038.67,4,1
SK102343,02-06-24,39,Male,Bengaluru,Sports,5,28286,30,159,3,99001,17991.27,3,1
SK102344,18-05-24,52,Male,Pune,Electronics,1,5477,30,424,8,3833.9,382.55,2,0
SK102345,20-01-25,36,Male,Mumbai,Grocery,1,44571,20,211,6,35656.8,2805.5,4,0
SK102346,17-11-24,32,Male,Pune,Furniture,2,48198,25,426,2,72297,4364.13,2,1
SK102347,20-01-24,64,Female,Pune,Grocery,4,40522,30,254,4,113461.6,30537.67,3,1
SK102348,28-11-24,21,Female,Hyderabad,Electronics,1,3447,40,511,5,2068.2,-271.85,3,0
SK102349,18-11-24,65,Female,Chennai,Fashion,4,18832,15,98,6,64028.8,4681.09,4,1
SK102350,01-04-24,24,Male,Delhi,Fashion,4,47088,20,495,4,150681.6,39518.43,4,1
SK102351,10-08-24,40,Female,Pune,Furniture,3,15089,25,596,10,33950.25,7872.52,1,1
SK102352,24-05-25,59,Female,Pune,Electronics,4,17071,30,172,7,47798.8,12142.13,5,1
SK102353,16-09-24,33,Female,Chennai,Electronics,1,24873,30,307,3,17411.1,650.82,3,0
SK102354,20-11-24,32,Male,Delhi,Beauty,4,18577,40,178,9,44584.8,2118.01,5,0
SK102355,15-01-24,41,Male,Mumbai,Grocery,3,16388,10,318,1,44247.6,3051.54,2,1
SK102356,10-07-24,41,Female,Bengaluru,Furniture,2,2004,25,336,7,3006,-172.25,5,0
SK102357,25-07-24,32,Male,Bengaluru,Fashion,3,11194,20,125,2,26865.6,6050.71,1,1
SK102358,29-02-24,53,Female,Lucknow,Beauty,1,35134,20,258,7,28107.2,2133.36,3,0
SK102359,23-09-24,32,Male,Mumbai,Sports,2,32855,40,495,2,39426,6460.1,3,1
SK102360,14-02-24,27,Male,Pune,Fashion,1,9942,40,307,7,5965.2,652.26,4,0
SK102361,20-04-25,52,Female,Jaipur,Beauty,2,11772,40,106,4,14126.4,1704.72,2,0
SK102362,08-06-25,37,Male,Jaipur,Fashion,2,20483,30,111,8,28676.2,2501.06,4,0
SK102363,11-03-25,38,Male,Chennai,Electronics,3,9611,10,177,3,25949.7,6695.38,1,1
SK102364,25-02-25,22,Female,Hyderabad,Grocery,1,20555,30,448,1,14388.5,740.03,5,0
SK102365,06-02-24,65,Male,Chennai,Electronics,3,11871,40,537,5,21367.8,1782.48,5,0
SK102366,12-12-24,34,Female,Chennai,Sports,5,34402,25,81,5,129007.5,32919.83,2,1
SK102367,22-12-24,53,Female,Jaipur,Grocery,4,14214,30,381,8,39799.2,8286.98,1,1
SK102368,20-09-24,19,Female,Mumbai,Grocery,4,26095,20,231,4,83504,24819.53,2,1
SK102369,09-02-25,42,Male,Delhi,Grocery,2,14079,10,271,6,25342.2,6869.1,5,1
SK102370,04-07-24,45,Female,Lucknow,Beauty,1,29477,40,429,4,17686.2,656.07,5,0
SK102371,03-03-25,50,Male,Bengaluru,Beauty,1,4416,30,257,5,3091.2,445.79,3,0
SK102372,19-06-24,33,Female,Pune,Electronics,1,28335,40,462,4,17001,566.3,4,0
SK102373,03-02-24,38,Female,Hyderabad,Sports,1,28575,15,188,4,24288.75,5879.08,3,1
SK102374,06-11-24,23,Male,Hyderabad,Furniture,2,19380,0,99,9,38760,2400.38,4,0
SK102375,10-05-25,26,Male,Jaipur,Sports,5,1333,30,443,1,4665.5,840.54,1,0
SK102376,10-09-24,53,Male,Lucknow,Beauty,4,48178,10,477,10,173440.8,13466.19,4,1
SK102377,10-04-24,59,Male,Pune,Fashion,2,29387,10,210,5,52896.6,9791.02,4,1
SK102378,11-02-25,60,Male,Bengaluru,Grocery,5,45935,15,378,10,195223.75,16811.13,2,1
SK102379,16-06-25,29,Male,Delhi,Fashion,4,48953,5,597,10,186021.4,29032.36,5,1
SK102380,13-02-25,39,Female,Lucknow,Fashion,2,6374,5,314,10,12110.6,891.65,1,0
SK102381,01-01-25,26,Male,Pune,Fashion,5,24068,10,347,5,108306,24583.79,1,1
SK102382,05-05-25,30,Male,Delhi,Electronics,2,39751,20,462,6,63601.6,7391.17,4,1
SK102383,23-02-24,23,Male,Mumbai,Furniture,2,37096,15,124,3,63063.2,10835.54,3,1
SK102384,26-06-24,35,Female,Jaipur,Beauty,3,27955,10,504,2,75478.5,12614.64,1,1
SK102385,08-01-24,31,Female,Mumbai,Beauty,5,42267,10,161,10,190201.5,32934.32,1,1
SK102386,14-05-24,60,Male,Pune,Sports,1,21209,30,84,2,14846.3,4068.23,1,1
SK102387,21-06-24,38,Female,Mumbai,Furniture,4,44378,15,117,2,150885.2,18050.43,5,1
SK102388,15-02-24,27,Male,Bengaluru,Sports,1,33621,5,247,2,31939.95,6581.63,1,1
SK102389,25-05-25,56,Female,Bengaluru,Furniture,4,45015,10,202,4,162054,40136.92,2,1
SK102390,24-08-24,44,Female,Mumbai,Fashion,5,21151,30,375,5,74028.5,15641.12,2,1
SK102391,11-05-24,26,Female,Pune,Grocery,1,44283,15,298,5,37640.55,8550.98,4,1
SK102392,23-04-24,18,Male,Lucknow,Beauty,2,42511,40,585,7,51013.2,5306.45,1,1
SK102393,03-05-25,54,Male,Lucknow,Beauty,3,9487,15,108,6,24191.85,6231.06,1,1
SK102394,22-04-25,60,Female,Jaipur,Fashion,2,8596,15,210,1,14613.2,3836.58,1,1
SK102395,18-10-24,56,Female,Hyderabad,Electronics,5,49885,15,189,7,212011.25,20471.53,3,1
SK102396,11-07-24,45,Female,Jaipur,Electronics,5,24999,40,327,5,74997,16830.59,1,1
SK102397,03-10-24,61,Male,Mumbai,Electronics,4,32846,10,519,4,118245.6,32965.04,2,1
SK102398,20-04-25,36,Female,Delhi,Furniture,4,30984,40,278,7,74361.6,21078.36,3,1
SK102399,07-06-24,26,Female,Jaipur,Electronics,1,24288,40,248,9,14572.8,1914.7,3,0
SK102400,21-06-24,34,Male,Hyderabad,Grocery,2,49390,15,330,5,83963,8699.21,1,1
SK102401,30-11-24,29,Female,Chennai,Grocery,3,33389,20,597,4,80133.6,6036.3,4,1
SK102402,20-09-24,36,Female,Bengaluru,Electronics,1,14273,30,591,1,9991.1,2072.46,5,0
SK102403,06-01-24,22,Female,Mumbai,Furniture,1,14995,15,134,9,12745.75,2970.38,2,0
SK102404,10-03-24,63,Female,Lucknow,Electronics,3,22644,20,512,2,54345.6,13497.18,4,1
SK102405,24-11-24,59,Male,Bengaluru,Sports,4,20243,25,113,2,60729,8851.24,5,1
SK102406,29-01-24,25,Female,Delhi,Electronics,1,11691,5,406,4,11106.45,1396.29,1,0
SK102407,09-09-24,35,Male,Delhi,Electronics,2,42814,25,512,7,64221,4942.41,1,1
SK102408,09-04-24,39,Male,Hyderabad,Beauty,1,15697,25,322,4,11772.75,2439.88,2,0
SK102409,13-02-25,36,Female,Hyderabad,Grocery,5,3171,0,576,4,15855,542.91,3,0
SK102410,28-12-24,40,Male,Jaipur,Furniture,3,43252,30,583,5,90829.2,25092.3,4,1
SK102411,18-08-24,49,Female,Chennai,Electronics,5,22746,0,297,8,113730,18689.45,3,1
SK102412,03-11-24,26,Male,Mumbai,Grocery,5,9074,10,114,10,40833,7500.1,3,1
SK102413,20-04-24,36,Female,Pune,Grocery,2,48394,40,265,6,58072.8,4007.97,1,1
SK102414,17-08-24,33,Male,Pune,Grocery,5,11225,0,347,5,56125,11439.01,2,1
SK102415,09-05-24,29,Female,Delhi,Beauty,2,13578,25,142,3,20367,5798.7,3,1
SK102416,26-10-24,20,Female,Chennai,Electronics,1,24155,40,148,8,14493,3934.4,5,1
SK102417,16-05-24,63,Male,Chennai,Electronics,3,47727,25,587,3,107385.75,25721.57,3,1
SK102418,11-01-25,27,Female,Chennai,Sports,3,10809,5,416,4,30805.65,6439.63,1,1
SK102419,22-02-24,50,Female,Delhi,Beauty,5,8908,25,558,2,33405,3129.82,2,1
SK102420,14-05-24,45,Female,Pune,Sports,4,49613,40,76,8,119071.2,21438.53,5,1
SK102421,13-02-24,20,Female,Hyderabad,Beauty,2,19715,10,359,6,35487,8215.39,2,1
SK102422,24-06-24,38,Female,Chennai,Electronics,1,16141,25,257,9,12105.75,2850.63,2,0
SK102423,23-10-24,22,Female,Delhi,Grocery,3,39033,15,540,9,99534.15,10863.77,3,1
SK102424,08-05-24,63,Female,Bengaluru,Beauty,4,25426,40,143,10,61022.4,14009.12,1,1
SK102425,30-01-25,39,Female,Delhi,Beauty,5,15437,5,593,9,73325.75,8003.09,4,1
SK102426,21-04-24,23,Male,Pune,Sports,1,25483,30,218,4,17838.1,4197.31,3,1
SK102427,11-06-24,60,Male,Bengaluru,Grocery,4,44191,30,454,4,123734.8,30159.72,2,1
SK102428,04-02-25,26,Male,Delhi,Beauty,5,39347,20,126,10,157388,36808.79,5,1
SK102429,21-05-25,24,Male,Pune,Fashion,2,38268,40,266,5,45921.6,3565.16,5,1
SK102430,21-02-24,60,Female,Jaipur,Beauty,2,20482,20,92,7,32771.2,4238.17,3,1
SK102431,11-08-24,20,Female,Hyderabad,Electronics,4,37931,0,69,9,151724,34914.41,4,1
SK102432,29-02-24,18,Male,Lucknow,Electronics,2,5894,15,155,7,10019.8,2593.53,5,0
SK102433,14-03-25,36,Male,Delhi,Furniture,5,28930,15,386,6,122952.5,35189.37,1,1
SK102434,04-05-25,21,Female,Delhi,Electronics,1,38571,20,596,10,30856.8,2341.26,5,0
SK102435,26-12-24,18,Male,Hyderabad,Grocery,3,24020,30,278,10,50442,14331.36,5,1
SK102436,05-07-24,24,Male,Delhi,Grocery,4,47446,0,379,8,189784,34945.76,1,1
SK102437,04-01-25,37,Female,Jaipur,Grocery,3,39656,25,559,3,89226,11735.66,2,1
SK102438,18-08-24,46,Female,Lucknow,Sports,1,2196,15,440,4,1866.6,-137.92,3,0
SK102439,15-03-25,43,Male,Hyderabad,Sports,4,703,0,232,5,2812,-82.27,2,0
SK102440,20-05-25,60,Female,Mumbai,Electronics,4,49757,10,178,7,179125.2,39204.52,4,1
SK102441,14-08-24,61,Female,Delhi,Sports,5,12096,10,487,10,54432,3738.72,5,1
SK102442,25-03-24,30,Female,Chennai,Electronics,1,10399,15,560,4,8839.15,-11.41,2,0
SK102443,16-04-24,27,Female,Bengaluru,Electronics,4,42708,20,90,9,136665.6,33509.17,5,1
SK102444,22-08-24,46,Female,Pune,Furniture,5,1651,10,573,6,7429.5,1329.65,3,0
SK102445,16-02-25,38,Female,Lucknow,Fashion,1,45311,15,500,8,38514.35,2844.99,1,0
SK102446,30-10-24,55,Female,Jaipur,Sports,3,1507,10,319,8,4068.9,-84.11,2,0
SK102447,14-11-24,27,Female,Jaipur,Furniture,4,27297,25,594,5,81891,3906.55,2,1
SK102448,02-02-25,41,Female,Mumbai,Grocery,3,29694,10,545,8,80173.8,6946.58,2,1
SK102449,26-04-25,44,Female,Lucknow,Fashion,1,37197,20,595,8,29757.6,4793.43,1,1
SK102450,02-08-24,41,Male,Hyderabad,Sports,5,3833,0,228,6,19165,2440.86,5,0
SK102451,07-04-25,52,Female,Lucknow,Electronics,5,36602,5,273,4,173859.5,27471.51,4,1
SK102452,13-03-25,42,Female,Bengaluru,Sports,3,7666,40,276,8,13798.8,2088.71,4,0
SK102453,01-02-25,64,Male,Chennai,Grocery,2,10919,15,494,7,18562.3,1144.8,1,0
SK102454,06-12-24,41,Female,Delhi,Beauty,1,8894,25,170,10,6670.5,632.25,3,0
SK102455,18-07-24,18,Female,Chennai,Grocery,2,31824,30,537,9,44553.6,6971.81,4,1
SK102456,15-04-25,47,Female,Mumbai,Furniture,4,13779,30,147,7,38581.2,3650.63,1,1
SK102457,12-03-25,37,Male,Hyderabad,Beauty,1,17330,15,443,1,14730.5,3147.97,1,1
SK102458,28-09-24,56,Female,Mumbai,Furniture,4,37340,5,170,1,141892,14017.7,5,1
SK102459,05-03-24,36,Female,Jaipur,Sports,2,36256,15,394,8,61635.2,4488.02,1,1
SK102460,09-06-24,56,Female,Bengaluru,Electronics,3,2956,5,186,7,8424.6,739.73,5,0
SK102461,12-03-25,41,Male,Bengaluru,Electronics,2,18230,5,234,4,34637,7853.32,1,1
SK102462,21-11-24,63,Male,Delhi,Sports,2,21523,40,591,2,25827.6,5935.28,1,1
SK102463,21-01-25,64,Female,Bengaluru,Fashion,4,18042,25,445,6,54126,13487.52,3,1
SK102464,04-02-24,37,Male,Chennai,Beauty,2,41796,20,102,10,66873.6,18333.67,1,1
SK102465,25-05-25,23,Male,Bengaluru,Beauty,1,43906,0,267,9,43906,7470.51,2,1
SK102466,07-02-25,26,Male,Pune,Fashion,1,41020,20,427,5,32816,9314.76,5,1
SK102467,17-01-24,39,Male,Hyderabad,Sports,1,7595,0,72,10,7595,1826.46,2,0
SK102468,11-05-25,32,Male,Lucknow,Fashion,2,4683,25,334,5,7024.5,799.93,4,0
SK102469,14-05-24,57,Female,Delhi,Fashion,3,27510,20,437,3,66024,15662.37,3,1
SK102470,17-08-24,33,Male,Pune,Beauty,4,39234,15,164,3,133395.6,16401.83,5,1
SK102471,25-03-25,35,Female,Jaipur,Beauty,4,32425,15,268,9,110245,8803.56,3,1
SK102472,09-06-25,45,Male,Hyderabad,Beauty,3,26504,15,201,10,67585.2,15143.48,5,1
SK102473,09-01-25,28,Female,Mumbai,Sports,3,14747,30,269,3,30968.7,6753.06,1,1
SK102474,19-06-24,24,Female,Mumbai,Furniture,5,8797,30,562,8,30789.5,7473.61,2,1
SK102475,09-11-24,31,Male,Hyderabad,Electronics,4,15910,5,77,8,60458,14120.04,4,1
SK102476,27-09-24,64,Female,Lucknow,Grocery,5,11830,40,358,10,35490,4232.33,1,1
SK102477,29-03-24,26,Female,Pune,Beauty,2,46153,30,289,10,64614.2,12657.84,4,1
SK102478,06-01-24,43,Female,Mumbai,Grocery,3,46708,20,480,4,112099.2,23690.6,2,1
SK102479,15-01-25,48,Male,Lucknow,Furniture,1,33108,40,407,4,19864.8,1741.54,3,0
SK102480,11-07-24,18,Female,Bengaluru,Electronics,5,509,10,289,4,2290.5,200.78,2,0
SK102481,24-02-25,24,Female,Pune,Fashion,5,16534,5,296,5,78536.5,5029.01,2,1
SK102482,22-11-24,60,Female,Jaipur,Beauty,3,13367,15,121,5,34085.85,9092.91,4,1
SK102483,08-10-24,34,Male,Pune,Grocery,3,28816,30,52,7,60513.6,4888.84,5,1
SK102484,29-03-24,25,Male,Chennai,Beauty,5,32907,0,126,9,164535,47691.94,4,1
SK102485,30-08-24,45,Male,Lucknow,Furniture,5,1852,20,422,6,7408,391.42,3,0
SK102486,30-09-24,48,Female,Hyderabad,Furniture,2,41527,30,157,3,58137.8,6089.85,5,1
SK102487,29-05-24,60,Female,Lucknow,Fashion,3,25258,15,577,3,64407.9,16217.64,1,1
SK102488,21-04-24,39,Male,Lucknow,Beauty,5,36873,20,458,8,147492,11573.22,5,1
SK102489,14-03-24,53,Male,Lucknow,Beauty,5,25312,20,308,5,101248,20741.24,4,1
SK102490,29-12-24,48,Female,Mumbai,Electronics,3,36563,10,410,9,98720.1,22172.97,3,1
SK102491,13-11-24,59,Male,Jaipur,Sports,5,15937,15,410,2,67732.25,10071.73,2,1
SK102492,21-07-24,34,Female,Delhi,Furniture,2,32094,30,62,1,44931.6,7735.91,5,1
SK102493,09-05-24,18,Female,Lucknow,Fashion,2,42347,10,523,5,76224.6,10538.01,5,1
SK102494,11-04-24,32,Female,Delhi,Sports,2,24119,0,515,7,48238,5950.63,4,1
SK102495,10-06-24,52,Female,Delhi,Fashion,3,13339,10,342,1,36015.3,8997.72,2,1
SK102496,07-06-24,46,Female,Lucknow,Electronics,5,24463,25,216,7,91736.25,19435.5,5,1
SK102497,14-04-24,45,Female,Lucknow,Fashion,4,27886,0,326,5,111544,22246.16,5,1
SK102498,08-01-24,18,Male,Bengaluru,Furniture,2,45357,25,396,5,68035.5,14644.02,4,1
SK102499,09-06-24,42,Male,Hyderabad,Furniture,4,32497,10,129,5,116989.2,33802.36,5,1
SK102500,30-03-25,57,Female,Chennai,Sports,5,36960,30,413,3,129360,6729.18,2,1
SK102501,11-09-24,30,Male,Bengaluru,Grocery,5,19538,5,564,3,92805.5,7093.49,1,1
SK102502,02-09-24,56,Female,Jaipur,Electronics,5,33314,15,511,9,141584.5,16777.21,1,1
SK102503,20-11-24,55,Female,Chennai,Sports,2,15090,25,155,9,22635,2206.63,3,0
SK102504,08-12-24,43,Male,Delhi,Beauty,2,43404,10,213,4,78127.2,17306.81,2,1
SK102505,29-03-25,21,Male,Bengaluru,Fashion,4,10101,0,579,6,40404,2563.87,1,0
SK102506,27-05-24,27,Male,Hyderabad,Beauty,1,41554,5,241,4,39476.3,8880.57,5,1
SK102507,08-04-24,57,Male,Chennai,Furniture,2,39271,25,84,3,58906.5,9109.6,3,1
SK102508,12-05-25,45,Female,Jaipur,Grocery,2,33601,15,502,7,57121.7,5765.55,3,1
SK102509,13-02-25,63,Male,Lucknow,Electronics,1,44697,15,198,3,37992.45,4088.06,5,1
SK102510,27-06-24,50,Male,Mumbai,Beauty,4,44152,15,62,7,150116.8,27206.07,5,1
SK102511,04-03-25,41,Female,Delhi,Beauty,4,37804,15,212,5,128533.6,8328.55,4,1
SK102512,24-03-25,42,Female,Jaipur,Beauty,1,9937,5,593,10,9440.15,1286.21,3,0
SK102513,25-04-25,18,Female,Bengaluru,Electronics,1,45360,0,364,8,45360,2733.07,3,0
SK102514,15-03-25,36,Male,Mumbai,Furniture,5,27125,5,315,4,128843.75,7226.14,4,1
SK102515,20-02-24,18,Female,Chennai,Fashion,5,16825,25,554,5,63093.75,10791.61,3,1
SK102516,06-09-24,29,Female,Jaipur,Grocery,4,7326,40,107,6,17582.4,2455.36,5,0
SK102517,19-01-25,25,Male,Delhi,Fashion,3,40541,25,203,10,91217.25,20345.46,5,1
SK102518,23-08-24,59,Male,Bengaluru,Fashion,5,14539,15,573,2,61790.75,10689.27,4,1
SK102519,11-06-25,64,Male,Chennai,Furniture,4,4707,25,508,5,14121,1787.5,4,0
SK102520,19-04-25,30,Female,Lucknow,Grocery,5,42822,40,420,6,128466,9823.63,1,1
SK102521,12-04-24,61,Male,Mumbai,Grocery,1,25251,40,56,10,15150.6,1999.25,1,0
SK102522,02-09-24,21,Female,Mumbai,Beauty,4,18396,5,322,4,69904.8,4030.09,1,1
SK102523,27-12-24,58,Female,Jaipur,Furniture,3,34904,20,213,2,83769.6,18429.67,3,1
SK102524,25-11-24,26,Male,Lucknow,Fashion,5,2555,25,471,10,9581.25,1015.95,1,0
SK102525,17-02-24,55,Male,Delhi,Sports,5,9800,5,286,9,46550,5276.42,3,1
SK102526,31-03-24,19,Female,Hyderabad,Fashion,5,36386,15,262,8,154640.5,28546.15,2,1
SK102527,19-10-24,22,Male,Lucknow,Beauty,2,40128,0,281,7,80256,20205.53,4,1
SK102528,01-06-24,50,Male,Pune,Electronics,3,13649,15,76,8,34804.95,8816.49,4,1
SK102529,29-05-24,44,Male,Pune,Beauty,5,19074,40,522,8,57222,11290.38,4,1
SK102530,16-06-25,20,Female,Mumbai,Furniture,2,42001,30,235,10,58801.4,15376.48,3,1
SK102531,28-02-25,36,Female,Lucknow,Beauty,2,39657,0,200,2,79314,5014.2,3,1
SK102532,22-12-24,32,Female,Chennai,Beauty,3,40174,25,148,2,90391.5,26015.66,1,1
SK102533,05-02-25,40,Male,Lucknow,Electronics,5,34705,0,189,10,173525,44828.91,3,1
SK102534,17-10-24,57,Female,Mumbai,Beauty,1,26166,20,508,9,20932.8,3836.57,2,1
SK102535,01-11-24,37,Male,Chennai,Beauty,3,15328,40,123,10,27590.4,2872.81,1,0
SK102536,14-12-24,45,Male,Pune,Electronics,4,30174,10,409,4,108626.4,10908.53,1,1
SK102537,27-09-24,39,Female,Hyderabad,Furniture,2,48661,10,600,3,87589.8,4322.72,1,1
SK102538,19-04-25,64,Female,Delhi,Beauty,1,36310,0,148,2,36310,5132.22,1,1
SK102539,21-05-25,63,Male,Mumbai,Fashion,5,29214,0,544,4,146070,12955.67,2,1
SK102540,18-06-25,47,Female,Hyderabad,Furniture,4,19987,20,327,6,63958.4,6417.98,3,1
SK102541,14-04-24,33,Female,Delhi,Beauty,5,44672,0,536,3,223360,19270.28,1,1
SK102542,07-04-24,32,Male,Mumbai,Sports,3,36247,30,163,10,76118.7,13992.18,4,1
SK102543,05-05-24,28,Female,Delhi,Fashion,2,41379,20,144,3,66206.4,11046.92,1,1
SK102544,15-10-24,44,Female,Chennai,Grocery,2,23093,30,109,1,32330.2,6594.67,5,1
SK102545,13-02-24,60,Female,Bengaluru,Electronics,2,30233,5,496,10,57442.7,10065,3,1
SK102546,28-02-24,18,Female,Jaipur,Electronics,2,15180,30,191,9,21252,4871.9,5,1
SK102547,11-08-24,39,Male,Hyderabad,Beauty,5,37482,15,245,5,159298.5,47030.01,2,1
SK102548,30-05-25,20,Female,Lucknow,Sports,4,27844,15,218,2,94669.6,14337.15,2,1
SK102549,10-02-24,32,Male,Jaipur,Electronics,1,4899,5,358,4,4654.05,816.79,1,0
SK102550,25-03-25,26,Female,Lucknow,Furniture,3,1878,25,598,2,4225.5,643.2,3,0
SK102551,14-06-24,64,Male,Chennai,Sports,1,38468,40,111,7,23080.8,2215.23,1,0
SK102552,21-06-25,22,Female,Hyderabad,Sports,4,31510,10,487,4,113436,12839.7,5,1
SK102553,04-05-24,39,Male,Pune,Sports,1,16226,0,435,9,16226,3493.34,2,1
SK102554,26-04-24,19,Male,Bengaluru,Grocery,5,27512,5,119,4,130682,26018.97,3,1
SK102555,05-09-24,64,Female,Delhi,Electronics,1,15346,0,456,7,15346,1024.85,3,0
SK102556,31-03-25,60,Female,Delhi,Electronics,2,25704,10,510,7,46267.2,1948.49,2,0
SK102557,02-05-24,41,Female,Pune,Sports,1,5651,30,200,3,3955.7,790.71,1,0
SK102558,30-08-24,45,Female,Chennai,Electronics,1,49287,5,330,1,46822.65,3160.25,5,1
SK102559,06-08-24,61,Male,Lucknow,Furniture,5,10433,40,144,4,31299,3261.19,1,1
SK102560,29-11-24,30,Male,Hyderabad,Beauty,2,36259,40,357,6,43510.8,2412.59,2,0
SK102561,05-02-24,22,Female,Mumbai,Electronics,2,6047,20,164,1,9675.2,1628.79,3,0
SK102562,19-06-24,36,Female,Bengaluru,Sports,2,13888,30,264,1,19443.2,2051.28,5,0
SK102563,13-01-24,28,Male,Pune,Sports,4,19399,15,351,6,65956.6,7697.84,3,1
SK102564,28-06-24,24,Female,Pune,Furniture,5,17375,15,504,1,73843.75,13706.82,4,1
SK102565,15-02-25,62,Male,Hyderabad,Fashion,4,2063,40,345,8,4951.2,883.91,3,0
SK102566,04-12-24,35,Male,Pune,Sports,1,14673,10,453,8,13205.7,2488.61,2,0
SK102567,08-11-24,38,Female,Hyderabad,Fashion,5,38288,25,266,8,143580,22021.57,4,1
SK102568,01-02-24,31,Female,Bengaluru,Grocery,1,4660,20,596,2,3728,516.41,1,0
SK102569,07-08-24,21,Male,Bengaluru,Beauty,4,37000,0,401,9,148000,35184.91,3,1
SK102570,24-01-25,38,Male,Mumbai,Grocery,2,43178,25,161,4,64767,8864.08,1,1
SK102571,19-05-24,64,Female,Hyderabad,Beauty,5,37996,30,521,10,132986,19333.84,2,1
SK102572,07-12-24,34,Female,Mumbai,Grocery,1,40271,0,379,1,40271,11050.15,1,1
SK102573,28-02-24,57,Male,Mumbai,Sports,5,33103,10,350,2,148963.5,14560.04,2,1
SK102574,09-10-24,65,Female,Mumbai,Sports,4,2983,0,81,3,11932,1304.68,4,0
SK102575,03-02-25,37,Male,Delhi,Electronics,5,30303,15,477,9,128787.75,28410.14,1,1
SK102576,01-03-25,42,Female,Hyderabad,Sports,4,30699,5,478,7,116656.2,11543.05,1,1
SK102577,27-01-25,52,Male,Pune,Electronics,5,25610,30,276,1,89635,21023.71,4,1
SK102578,11-09-24,37,Male,Chennai,Electronics,2,22479,15,284,6,38214.3,8831.85,1,1
SK102579,09-03-24,40,Female,Hyderabad,Furniture,4,33214,20,173,6,106284.8,23923.93,5,1
SK102580,15-10-24,27,Female,Delhi,Electronics,4,41896,10,458,2,150825.6,23162.3,3,1
SK102581,12-10-24,19,Male,Bengaluru,Beauty,3,8072,15,234,1,20583.6,5782.54,2,1
SK102582,11-03-25,22,Male,Jaipur,Grocery,2,37032,40,66,9,44438.4,3126.48,4,1
SK102583,12-03-25,36,Female,Pune,Beauty,2,19227,15,241,8,32685.9,7599.5,4,1
SK102584,22-04-25,27,Male,Hyderabad,Electronics,5,13346,30,145,2,46711,12943.46,5,1
SK102585,25-02-25,62,Male,Lucknow,Sports,5,40800,0,214,4,204000,10037.25,2,1
SK102586,30-10-24,47,Male,Lucknow,Electronics,4,6432,40,159,5,15436.8,2681.56,2,0
SK102587,27-03-24,57,Female,Delhi,Sports,1,16352,25,350,2,12264,2882.95,1,0
SK102588,27-01-25,19,Female,Hyderabad,Sports,4,27798,0,191,4,111192,13112.23,3,1
SK102589,09-04-25,18,Female,Chennai,Electronics,4,46579,0,275,4,186316,30675.25,1,1
SK102590,07-04-24,56,Female,Bengaluru,Furniture,2,8954,25,358,6,13431,760.41,2,0
SK102591,10-02-24,19,Male,Delhi,Grocery,5,24237,30,73,1,84829.5,14325.73,5,1
SK102592,26-09-24,45,Male,Chennai,Grocery,1,41552,5,204,10,39474.4,2757.87,2,0
SK102593,08-03-25,50,Female,Delhi,Fashion,3,764,40,129,3,1375.2,52.31,2,0
SK102594,15-11-24,45,Male,Pune,Grocery,4,17409,20,517,5,55708.8,7885.76,3,1
SK102595,14-02-24,31,Male,Hyderabad,Furniture,2,14858,20,410,10,23772.8,1762.22,2,0
SK102596,20-01-25,27,Male,Lucknow,Fashion,3,29916,0,441,2,89748,12654.44,4,1
SK102597,07-05-25,60,Female,Hyderabad,Grocery,5,42099,0,412,1,210495,45912.57,2,1
SK102598,16-05-24,60,Female,Delhi,Beauty,4,14375,15,314,4,48875,3305.93,3,1
SK102599,10-01-25,64,Female,Delhi,Furniture,4,41898,25,233,5,125694,16314.31,1,1
SK102600,23-05-24,60,Female,Mumbai,Furniture,4,18541,25,380,10,55623,7416.48,5,1
SK102601,25-04-25,53,Male,Hyderabad,Electronics,1,38752,25,566,6,29064,1553.66,4,0
SK102602,25-01-24,64,Male,Bengaluru,Electronics,2,11794,25,462,6,17691,1027.37,4,0
SK102603,20-03-25,61,Male,Delhi,Grocery,3,35512,10,137,10,95882.4,28420.36,5,1
SK102604,07-02-25,43,Male,Jaipur,Furniture,2,18289,15,404,10,31091.3,4771.25,5,1
SK102605,27-03-24,22,Male,Delhi,Fashion,1,14644,20,354,6,11715.2,688.93,2,0
SK102606,23-06-25,19,Female,Mumbai,Grocery,3,39915,10,384,10,107770.5,8632.55,1,1
SK102607,05-09-24,25,Female,Jaipur,Furniture,4,4007,25,205,5,12021,1314.87,5,0
SK102608,26-01-25,20,Female,Bengaluru,Sports,5,33879,0,449,9,169395,37265.49,5,1
SK102609,03-03-25,33,Female,Mumbai,Grocery,1,12702,20,163,8,10161.6,779.71,5,0
SK102610,29-03-24,54,Male,Jaipur,Furniture,2,10769,30,362,9,15076.6,3696.22,2,1
SK102611,24-02-24,22,Female,Hyderabad,Furniture,1,23983,25,561,9,17987.25,3632.06,4,1
SK102612,30-04-24,25,Male,Hyderabad,Grocery,4,49535,20,392,8,158512,25596.94,1,1
SK102613,10-08-24,48,Male,Bengaluru,Furniture,3,42029,20,327,7,100869.6,17028.47,1,1
SK102614,01-06-25,37,Female,Jaipur,Sports,1,13874,15,131,3,11792.9,2686.5,4,0
SK102615,31-05-24,37,Female,Hyderabad,Beauty,1,23499,5,429,1,22324.05,2508.1,2,0
SK102616,16-01-25,48,Female,Lucknow,Sports,3,29419,25,382,8,66192.75,15416.24,1,1
SK102617,09-03-24,39,Male,Jaipur,Electronics,5,15333,15,389,4,65165.25,7432.98,4,1
SK102618,28-11-24,36,Female,Mumbai,Electronics,5,23939,40,250,9,71817,3732.11,3,1
SK102619,26-01-24,42,Male,Lucknow,Grocery,4,48463,15,116,5,164774.2,32867.73,5,1
SK102620,13-08-24,44,Male,Pune,Electronics,1,25691,25,244,8,19268.25,4436.22,2,1
SK102621,09-09-24,40,Female,Lucknow,Sports,2,34523,40,326,1,41427.6,11925.07,3,1
SK102622,26-07-24,21,Male,Hyderabad,Sports,3,43807,40,427,9,78852.6,18880.49,2,1
SK102623,10-09-24,56,Female,Lucknow,Fashion,4,14230,30,502,7,39844,2278.62,3,0
SK102624,17-07-24,38,Male,Chennai,Grocery,4,7549,40,477,5,18117.6,1646.53,2,0
SK102625,16-04-24,24,Male,Jaipur,Beauty,1,17290,15,55,3,14696.5,2266.72,4,0
SK102626,14-03-25,55,Female,Lucknow,Fashion,3,8990,20,100,5,21576,3634.66,1,1
SK102627,05-06-25,54,Male,Chennai,Beauty,3,9818,30,379,1,20617.8,4262.34,1,1
SK102628,09-02-24,43,Male,Delhi,Grocery,5,38200,25,537,2,143250,41635.19,3,1
SK102629,30-12-24,61,Female,Pune,Sports,2,46682,25,449,6,70023,8733.54,4,1
SK102630,31-10-24,53,Male,Jaipur,Fashion,5,4650,10,310,8,20925,4100.44,2,1
SK102631,29-01-25,25,Female,Chennai,Sports,1,18473,10,324,3,16625.7,3515.3,3,1
SK102632,30-10-24,32,Male,Bengaluru,Grocery,3,17395,30,109,4,36529.5,7910.73,5,1
SK102633,05-02-24,21,Male,Mumbai,Fashion,4,32967,15,165,9,112087.8,32767.75,1,1
SK102634,06-05-25,22,Male,Bengaluru,Fashion,5,43943,25,140,7,164786.25,18466.81,3,1
SK102635,12-10-24,49,Female,Lucknow,Sports,4,42088,30,174,2,117846.4,16676.16,3,1
SK102636,12-02-25,32,Male,Chennai,Fashion,2,46492,30,535,2,65088.8,11040.87,1,1
SK102637,08-04-24,59,Male,Lucknow,Fashion,3,28821,0,305,10,86463,7971.46,5,1
SK102638,29-09-24,18,Male,Mumbai,Fashion,4,28964,25,305,6,86892,13936.72,1,1
SK102639,08-04-24,20,Female,Chennai,Grocery,3,43861,15,347,6,111845.55,10821.57,1,1
SK102640,16-06-25,43,Female,Hyderabad,Fashion,4,41220,20,160,6,131904,30181.15,2,1
SK102641,07-04-25,31,Female,Pune,Grocery,4,5372,10,389,4,19339.2,1086.15,3,0
SK102642,27-02-25,23,Male,Bengaluru,Electronics,2,13392,30,136,3,18748.8,5024.36,1,1
SK102643,09-06-25,28,Female,Pune,Beauty,1,43007,25,316,5,32255.25,1383.2,5,0
SK102644,22-04-25,37,Male,Mumbai,Beauty,5,16044,40,91,6,48132,7459.04,5,1
SK102645,07-10-24,64,Female,Hyderabad,Electronics,1,6926,20,65,1,5540.8,576.14,5,0
SK102646,28-04-24,37,Female,Mumbai,Fashion,4,27420,10,504,8,98712,20372.63,1,1
SK102647,20-12-24,57,Male,Chennai,Grocery,1,9895,0,373,6,9895,2345.82,4,0
SK102648,14-08-24,33,Female,Bengaluru,Beauty,4,25583,10,291,1,92098.8,14877.26,3,1
SK102649,30-10-24,49,Male,Chennai,Fashion,3,29522,20,187,4,70852.8,16594.58,4,1
SK102650,11-05-25,40,Male,Chennai,Electronics,4,634,0,365,10,2536,136.93,1,0
SK102651,03-03-24,34,Male,Lucknow,Sports,1,4104,20,544,3,3283.2,25.62,4,0
SK102652,25-02-24,48,Female,Lucknow,Sports,5,38663,5,283,5,183649.25,23421.1,3,1
SK102653,21-06-25,26,Female,Chennai,Grocery,3,12555,0,171,2,37665,8650.91,3,1
SK102654,28-07-24,42,Female,Jaipur,Grocery,4,46951,40,371,1,112682.4,7568.97,4,1
SK102655,17-03-24,54,Male,Bengaluru,Beauty,1,49527,25,192,1,37145.25,10253.42,4,1
SK102656,04-06-25,25,Male,Bengaluru,Fashion,2,30654,40,471,4,36784.8,4778.94,5,1
SK102657,21-02-24,40,Male,Bengaluru,Grocery,2,15761,20,542,7,25217.6,3675.98,3,1
SK102658,20-10-24,20,Female,Pune,Sports,1,641,30,303,6,448.7,-207.6,5,0
SK102659,09-04-25,57,Female,Delhi,Fashion,1,14320,20,250,3,11456,2689.34,1,0
SK102660,11-01-25,57,Female,Bengaluru,Furniture,2,12808,40,377,9,15369.6,1967.15,2,0
SK102661,15-04-24,49,Male,Chennai,Fashion,4,42562,15,530,9,144710.8,36859.2,1,1
SK102662,07-08-24,21,Female,Bengaluru,Electronics,1,2497,5,592,10,2372.15,-313.25,1,0
SK102663,08-07-24,31,Female,Chennai,Electronics,5,29024,20,534,6,116096,8265.1,3,1
SK102664,03-09-24,54,Female,Lucknow,Sports,5,30096,0,353,2,150480,31725.39,2,1
SK102665,15-08-24,27,Female,Chennai,Fashion,4,4318,40,420,3,10363.2,1274.36,2,0
SK102666,04-05-25,35,Female,Chennai,Beauty,1,39352,5,477,10,37384.4,10335.87,2,1
SK102667,04-04-24,31,Female,Hyderabad,Electronics,1,36898,20,264,9,29518.4,8412.84,1,1
SK102668,09-05-24,45,Female,Lucknow,Furniture,2,46812,20,86,10,74899.2,8864.58,5,1
SK102669,12-10-24,52,Female,Lucknow,Electronics,3,29657,40,598,3,53382.6,8847.36,3,1
SK102670,06-12-24,32,Male,Hyderabad,Sports,1,8748,10,335,4,7873.2,718.8,3,0
SK102671,10-11-24,52,Male,Delhi,Grocery,3,42064,25,220,7,94644,23294.18,5,1
SK102672,19-08-24,63,Male,Jaipur,Furniture,2,952,5,532,4,1808.8,-348.4,4,0
SK102673,25-01-24,43,Female,Pune,Fashion,5,23052,30,253,5,80682,4547.95,2,1
SK102674,09-01-24,33,Male,Delhi,Electronics,4,18363,30,436,4,51416.4,10966.08,2,1
SK102675,06-09-24,55,Male,Mumbai,Furniture,1,5178,30,499,6,3624.6,-68.1,5,0
SK102676,27-12-24,60,Male,Hyderabad,Sports,2,23661,0,441,5,47322,10968.46,4,1
SK102677,14-02-24,57,Male,Mumbai,Grocery,2,2240,40,462,8,2688,-268.65,4,0
SK102678,16-01-25,29,Male,Mumbai,Beauty,1,40511,15,299,4,34434.35,9768.27,5,1
SK102679,05-01-25,44,Male,Mumbai,Sports,3,2356,25,288,5,5301,458.7,4,0
SK102680,17-04-25,55,Female,Jaipur,Grocery,1,16200,15,503,6,13770,2001.61,5,0
SK102681,06-06-25,40,Male,Hyderabad,Electronics,5,45074,20,112,3,180296,20132.28,5,1
SK102682,02-07-24,19,Male,Lucknow,Beauty,5,9464,10,515,10,42588,4468.28,4,1
SK102683,28-10-24,59,Male,Pune,Furniture,3,49256,15,282,10,125602.8,21151.33,4,1
SK102684,30-05-24,32,Male,Hyderabad,Sports,4,33675,40,212,3,80820,19969.13,2,1
SK102685,24-04-25,47,Female,Hyderabad,Furniture,2,24276,40,507,7,29131.2,4529.39,5,1
SK102686,01-12-24,25,Female,Lucknow,Fashion,3,22476,15,153,2,57313.8,10674.65,4,1
SK102687,19-04-24,46,Male,Delhi,Sports,1,31051,10,332,9,27945.9,4439.85,5,1
SK102688,29-05-25,50,Male,Delhi,Electronics,5,36091,40,210,1,108273,20541.48,4,1
SK102689,12-09-24,25,Female,Delhi,Fashion,1,21110,20,457,10,16888,3893.13,4,1
SK102690,14-05-25,51,Female,Hyderabad,Sports,4,12725,15,413,10,43265,2331.69,4,0
SK102691,26-06-24,24,Male,Jaipur,Beauty,2,48696,20,330,9,77913.6,5510.98,3,1
SK102692,06-02-24,32,Female,Jaipur,Sports,3,16292,0,464,6,48876,8491.36,4,1
SK102693,01-03-25,47,Male,Hyderabad,Electronics,2,38905,5,94,6,73919.5,20675.37,2,1
SK102694,08-05-24,27,Female,Pune,Electronics,4,16401,40,85,10,39362.4,2219.33,3,0
SK102695,06-04-25,46,Male,Pune,Beauty,4,3964,5,60,4,15063.2,2246.02,2,0
SK102696,05-02-25,36,Female,Hyderabad,Grocery,4,3843,25,571,3,11529,2030.76,1,0
SK102697,25-04-24,45,Male,Pune,Electronics,4,1980,25,549,7,5940,88.42,5,0
SK102698,08-08-24,20,Female,Chennai,Sports,4,42352,40,144,10,101644.8,14989.49,2,1
SK102699,23-01-24,29,Female,Pune,Beauty,4,44293,5,534,2,168313.4,42736.2,1,1
SK102700,20-12-24,33,Male,Lucknow,Fashion,1,46242,10,169,3,41617.8,8759.74,5,1
SK102701,06-05-25,25,Female,Bengaluru,Electronics,3,26347,10,236,6,71136.9,6683.05,1,1
SK102702,20-01-24,50,Male,Hyderabad,Electronics,4,45904,5,109,8,174435.2,37319.17,3,1
SK102703,01-10-24,55,Male,Mumbai,Sports,1,24217,20,255,8,19373.6,3902.27,5,1
SK102704,27-07-24,23,Female,Hyderabad,Electronics,3,3348,40,223,6,6026.4,268.32,2,0
SK102705,26-04-24,36,Male,Lucknow,Grocery,3,42673,15,133,7,108816.15,25092.77,4,1
SK102706,05-01-25,48,Male,Lucknow,Electronics,2,29055,30,62,6,40677,5923.16,4,1
SK102707,26-09-24,51,Male,Chennai,Furniture,1,44659,15,187,3,37960.15,3337.32,1,1
SK102708,26-11-24,44,Male,Hyderabad,Grocery,3,21885,10,53,8,59089.5,15184.01,2,1
SK102709,06-02-25,29,Male,Hyderabad,Fashion,1,5854,5,248,1,5561.3,1273.86,3,0
SK102710,19-04-24,54,Female,Mumbai,Grocery,5,13731,40,496,2,41193,3225.04,2,1
SK102711,20-07-24,52,Male,Delhi,Electronics,1,34439,30,283,9,24107.3,5021.39,2,1
SK102712,21-03-24,44,Female,Chennai,Beauty,3,817,20,67,10,1960.8,87.89,3,0
SK102713,19-02-24,25,Male,Pune,Grocery,3,39851,30,235,4,83687.1,12025.07,1,1
SK102714,31-05-25,51,Male,Hyderabad,Electronics,1,46042,40,472,2,27625.2,3323.34,4,1
SK102715,17-05-24,55,Female,Lucknow,Grocery,3,13695,10,354,7,36976.5,5133.75,2,1
SK102716,26-01-24,33,Male,Bengaluru,Sports,3,13862,25,180,2,31189.5,2403.65,5,0
SK102717,28-10-24,46,Male,Delhi,Electronics,1,18124,10,114,4,16311.6,2422.3,2,0
SK102718,13-05-24,59,Male,Bengaluru,Sports,2,15425,40,112,10,18510,5410.1,1,1
SK102719,13-04-25,18,Female,Bengaluru,Fashion,3,48361,0,330,8,145083,21184.72,5,1
SK102720,29-09-24,63,Male,Lucknow,Furniture,1,32494,25,161,3,24370.5,7088.04,1,1
SK102721,22-02-25,50,Male,Hyderabad,Grocery,2,10809,5,494,7,20537.1,5277.74,1,1
SK102722,06-11-24,29,Male,Jaipur,Fashion,3,14506,40,117,5,26110.8,7461.78,3,1
SK102723,30-01-24,46,Male,Pune,Electronics,1,39304,20,201,2,31443.2,8130.57,4,1
SK102724,16-10-24,41,Male,Chennai,Sports,1,19270,15,296,8,16379.5,1458.11,4,0
SK102725,15-02-25,34,Female,Mumbai,Fashion,1,5255,20,393,3,4204,593.18,2,0
SK102726,08-05-25,57,Female,Bengaluru,Fashion,3,18449,20,491,7,44277.6,2316.35,2,0
SK102727,28-01-24,50,Female,Bengaluru,Electronics,1,1489,0,530,1,1489,-315.2,5,0
SK102728,30-08-24,65,Male,Jaipur,Fashion,2,14578,30,310,6,20409.2,4621.16,5,1
SK102729,11-01-25,54,Male,Mumbai,Fashion,4,15012,30,131,7,42033.6,7548.86,1,1
SK102730,07-03-24,28,Male,Lucknow,Grocery,3,22683,15,304,2,57841.65,3091.81,3,1
SK102731,29-04-24,44,Female,Mumbai,Grocery,4,36934,20,259,2,118188.8,20263.35,3,1
SK102732,14-12-24,54,Male,Hyderabad,Fashion,1,15833,10,181,4,14249.7,3806.06,1,1
SK102733,11-02-25,29,Male,Lucknow,Beauty,5,15930,10,546,10,71685,20334.42,4,1
SK102734,16-03-25,41,Male,Chennai,Furniture,2,34604,15,507,2,58826.8,7272.54,2,1
SK102735,05-09-24,24,Male,Lucknow,Beauty,5,36094,5,514,8,171446.5,25498.1,2,1
SK102736,10-04-25,41,Male,Bengaluru,Grocery,5,24198,40,420,3,72594,11215.64,2,1
SK102737,28-04-25,27,Male,Bengaluru,Electronics,5,43086,15,471,5,183115.5,33991.2,2,1
SK102738,07-09-24,36,Female,Bengaluru,Furniture,4,17435,10,65,2,62766,12667.75,5,1
SK102739,26-07-24,49,Female,Lucknow,Furniture,1,9069,10,463,2,8162.1,384.63,1,0
SK102740,21-05-25,46,Female,Bengaluru,Furniture,4,37829,30,119,4,105921.2,24075.5,3,1
SK102741,09-01-24,32,Female,Delhi,Beauty,5,33962,25,345,6,127357.5,19546.05,1,1
SK102742,22-10-24,21,Male,Bengaluru,Beauty,5,6942,0,504,9,34710,3146.31,4,1
SK102743,06-12-24,22,Male,Bengaluru,Fashion,4,24719,25,382,4,74157,13319.84,4,1
SK102744,17-04-24,58,Male,Hyderabad,Sports,4,10432,20,95,9,33382.4,4708.7,1,1
SK102745,15-06-25,51,Male,Hyderabad,Grocery,3,19915,25,230,9,44808.75,9781.07,1,1
SK102746,21-05-25,50,Male,Delhi,Beauty,5,46695,10,268,7,210127.5,10386.62,3,1
SK102747,27-01-25,61,Female,Delhi,Beauty,2,15146,20,177,4,24233.6,5200.35,2,1
SK102748,20-03-24,47,Female,Lucknow,Furniture,5,12724,15,81,10,54077,6018.43,2,1
SK102749,19-02-24,64,Male,Hyderabad,Electronics,4,46402,0,416,5,185608,53818.01,1,1
SK102750,03-05-25,33,Female,Lucknow,Electronics,1,32365,40,116,9,19419,2533.48,4,0
SK102751,08-06-24,44,Female,Lucknow,Electronics,2,26254,5,190,2,49882.6,7632.04,3,1
SK102752,20-10-24,64,Male,Jaipur,Grocery,4,4856,20,438,4,15539.2,1823.51,4,0
SK102753,20-11-24,60,Female,Mumbai,Beauty,3,34737,5,369,10,99000.45,22352.62,4,1
SK102754,19-06-24,47,Female,Mumbai,Grocery,1,21816,40,416,5,13089.6,781.76,1,0
SK102755,08-12-24,58,Male,Bengaluru,Electronics,5,26404,30,183,3,92414,13265.2,2,1
SK102756,15-08-24,52,Male,Pune,Sports,2,21768,0,194,4,43536,9193.77,4,1
SK102757,07-09-24,57,Male,Chennai,Sports,1,713,20,214,3,570.4,-51.97,5,0
SK102758,08-05-25,31,Male,Mumbai,Electronics,4,14632,40,202,6,35116.8,1794.87,2,0
SK102759,18-12-24,60,Male,Lucknow,Sports,2,45531,20,261,10,72849.6,19226.49,2,1
SK102760,08-01-24,41,Female,Chennai,Furniture,1,47472,15,256,1,40351.2,5323.3,3,1
SK102761,21-10-24,60,Female,Hyderabad,Sports,3,8717,0,184,9,26151,6983.14,2,1
SK102762,30-03-24,24,Female,Chennai,Beauty,5,12714,30,316,2,44499,3233.28,4,1
SK102763,26-02-25,19,Male,Chennai,Grocery,1,24792,20,574,4,19833.6,3615.94,2,1
SK102764,26-02-25,22,Female,Bengaluru,Electronics,1,39906,30,471,1,27934.2,1144.66,5,0
SK102765,06-06-25,18,Female,Pune,Electronics,4,45813,25,164,4,137439,28007.87,2,1
SK102766,22-02-24,29,Female,Jaipur,Electronics,3,41692,30,117,9,87553.2,9051.09,4,1
SK102767,21-05-24,20,Female,Mumbai,Sports,2,39897,15,269,10,67824.9,16461.77,5,1
SK102768,14-06-25,31,Male,Pune,Electronics,4,1355,30,548,9,3794,514.28,3,0
SK102769,20-06-24,36,Female,Delhi,Grocery,5,22306,10,333,3,100377,18949.11,3,1
SK102770,23-09-24,43,Male,Hyderabad,Beauty,3,27286,10,516,10,73672.2,13805.79,4,1
SK102771,14-04-25,56,Female,Pune,Grocery,3,48191,10,67,6,130115.7,22153.54,4,1
SK102772,19-03-24,19,Female,Mumbai,Electronics,2,21417,0,162,4,42834,5447.93,3,1
SK102773,17-04-25,19,Male,Hyderabad,Sports,4,35338,40,217,10,84811.2,19019.39,3,1
SK102774,16-05-25,29,Female,Hyderabad,Fashion,5,49371,20,140,2,197484,48652.66,3,1
SK102775,16-05-25,47,Female,Delhi,Fashion,1,9307,20,418,8,7445.6,1718.65,5,0
SK102776,03-04-25,61,Male,Jaipur,Grocery,5,4553,15,437,9,19350.25,1580.39,1,0
SK102777,12-04-24,53,Male,Mumbai,Electronics,4,31995,30,535,8,89586,15523.37,2,1
SK102778,05-07-24,46,Female,Pune,Electronics,2,46502,30,401,4,65102.8,6516.67,4,1
SK102779,07-11-24,50,Female,Lucknow,Grocery,5,8366,25,207,4,31372.5,6276.31,2,1
SK102780,17-07-24,62,Female,Lucknow,Sports,1,44947,15,584,7,38204.95,5168.51,2,1
SK102781,25-05-24,50,Female,Pune,Sports,3,10599,40,92,10,19078.2,2215.82,3,0
SK102782,27-03-25,21,Male,Chennai,Fashion,2,46037,5,69,3,87470.3,18873.23,4,1
SK102783,04-07-24,59,Male,Mumbai,Furniture,4,6224,5,388,5,23651.2,6659.14,4,1
SK102784,17-09-24,23,Female,Jaipur,Grocery,1,23849,30,499,8,16694.3,4133.98,4,1
SK102785,10-04-24,40,Female,Chennai,Grocery,4,34466,20,421,9,110291.2,14663.26,5,1
SK102786,05-03-24,47,Female,Jaipur,Electronics,2,7992,15,153,3,13586.4,3636.24,3,1
SK102787,09-05-24,29,Female,Mumbai,Grocery,1,6980,20,237,6,5584,459.24,2,0
SK102788,18-01-25,19,Male,Mumbai,Electronics,1,23801,15,371,6,20230.85,4115.72,5,1
SK102789,04-05-24,61,Male,Hyderabad,Electronics,3,690,20,55,9,1656,40.43,1,0
SK102790,01-10-24,22,Male,Hyderabad,Electronics,3,13202,10,272,1,35645.4,6785.75,4,1
SK102791,12-11-24,58,Male,Mumbai,Grocery,5,10833,15,404,1,46040.25,6241.06,5,1
SK102792,06-02-24,38,Female,Mumbai,Furniture,2,28146,30,404,6,39404.4,5216.47,4,1
SK102793,15-03-25,62,Male,Chennai,Grocery,4,5189,10,208,8,18680.4,2767.36,4,0
SK102794,21-03-24,55,Female,Jaipur,Fashion,3,34763,40,561,9,62573.4,7506.65,4,1
SK102795,11-03-24,48,Male,Delhi,Beauty,5,35265,15,266,10,149876.25,18616.1,2,1
SK102796,20-03-25,30,Male,Mumbai,Beauty,4,3735,25,422,8,11205,1622.83,3,0
SK102797,01-05-25,42,Female,Chennai,Grocery,5,40738,20,250,8,162952,29457.65,1,1
SK102798,19-08-24,45,Female,Bengaluru,Fashion,2,30213,10,147,4,54383.4,7906.22,2,1
SK102799,02-03-24,31,Male,Lucknow,Beauty,4,8055,40,68,8,19332,5719.8,3,1
SK102800,10-11-24,55,Female,Delhi,Grocery,2,21063,40,335,8,25275.6,1334.69,1,0
SK102801,07-06-25,24,Male,Delhi,Beauty,5,42278,5,140,4,200820.5,44528,5,1
SK102802,05-02-24,24,Female,Jaipur,Beauty,3,36063,25,453,7,81141.75,22663.74,1,1
SK102803,30-03-24,26,Male,Hyderabad,Grocery,2,11178,10,243,3,20120.4,1778.59,3,0
SK102804,27-09-24,56,Male,Chennai,Electronics,4,44828,0,104,10,179312,24432.86,1,1
SK102805,17-03-24,60,Male,Delhi,Grocery,4,14553,15,71,10,49480.2,8241.13,1,1
SK102806,18-01-24,40,Female,Jaipur,Furniture,1,23739,0,525,4,23739,2865.38,3,0
SK102807,21-03-25,38,Female,Pune,Sports,5,3972,25,203,8,14895,578.55,4,0
SK102808,08-05-25,45,Male,Lucknow,Sports,4,8230,40,250,3,19752,2900.14,1,0
SK102809,10-03-25,33,Male,Mumbai,Furniture,5,47720,15,352,6,202810,17827.48,1,1
SK102810,04-04-25,53,Female,Hyderabad,Beauty,4,21506,40,106,8,51614.4,11843.99,4,1
SK102811,26-05-25,31,Female,Mumbai,Grocery,3,21184,30,547,1,44486.4,2452.33,5,0
SK102812,14-03-24,28,Female,Bengaluru,Fashion,3,16158,15,160,10,41202.9,4564.41,4,1
SK102813,15-04-24,53,Male,Delhi,Grocery,1,44838,10,554,10,40354.2,9555.76,1,1
SK102814,13-03-25,45,Male,Delhi,Furniture,4,45217,15,289,9,153737.8,12692.73,3,1
SK102815,17-01-25,37,Female,Bengaluru,Sports,1,45814,15,260,10,38941.9,3187.71,2,1
SK102816,16-03-24,56,Female,Lucknow,Beauty,3,37299,25,456,7,83922.75,13490.63,1,1
SK102817,06-07-24,25,Male,Lucknow,Sports,3,41195,30,478,1,86509.5,19409.34,2,1
SK102818,30-03-25,54,Male,Pune,Beauty,3,34821,10,286,10,94016.7,19127.43,5,1
SK102819,08-06-24,37,Female,Hyderabad,Grocery,5,31921,30,549,8,111723.5,26387.73,2,1
SK102820,14-12-24,65,Female,Lucknow,Fashion,2,38798,40,260,6,46557.6,6632.69,1,1
SK102821,27-12-24,65,Female,Jaipur,Electronics,4,45759,15,193,5,155580.6,26634.16,5,1
SK102822,03-07-24,45,Male,Bengaluru,Grocery,4,27429,25,247,3,82287,11749.73,2,1
SK102823,07-11-24,29,Male,Delhi,Furniture,5,6189,5,527,7,29397.75,5382.03,2,1
SK102824,26-03-24,55,Male,Hyderabad,Fashion,4,29600,5,222,4,112480,7006.17,5,1
SK102825,18-02-24,65,Female,Chennai,Fashion,3,38281,40,55,6,68905.8,4310.48,5,1
SK102826,14-03-24,65,Male,Lucknow,Grocery,5,46524,0,581,8,232620,26750.39,4,1
SK102827,13-11-24,45,Female,Lucknow,Furniture,2,38200,25,91,10,57300,15406.3,3,1
SK102828,24-03-25,48,Male,Hyderabad,Beauty,2,8335,30,78,7,11669,2977.45,5,0
SK102829,18-09-24,42,Female,Bengaluru,Beauty,3,18094,10,492,10,48853.8,10612.53,1,1
SK102830,25-10-24,31,Male,Pune,Beauty,3,46161,20,496,10,110786.4,9536.1,2,1
SK102831,02-05-24,51,Female,Chennai,Fashion,3,32242,20,62,4,77380.8,23068.15,2,1
SK102832,01-02-24,20,Male,Bengaluru,Fashion,1,44044,40,97,8,26426.4,6664.4,3,1
SK102833,31-07-24,27,Female,Mumbai,Sports,1,18751,25,306,4,14063.25,3336.56,3,1
SK102834,14-02-24,63,Male,Lucknow,Sports,4,767,30,209,4,2147.6,381.46,3,0
SK102835,29-12-24,51,Male,Chennai,Sports,4,4421,20,572,3,14147.2,2891.96,2,0
SK102836,30-08-24,53,Female,Delhi,Fashion,3,24419,5,245,8,69594.15,18694.75,3,1
SK102837,09-07-24,33,Male,Chennai,Beauty,3,11990,15,349,10,30574.5,3931.37,2,1
SK102838,25-03-25,48,Female,Hyderabad,Beauty,3,2150,20,450,8,5160,-172.82,5,0
SK102839,13-06-24,65,Female,Lucknow,Grocery,4,15498,30,288,2,43394.4,7665.64,5,1
SK102840,02-01-25,28,Female,Mumbai,Beauty,3,40323,10,188,6,108872.1,7074.06,5,1
SK102841,16-04-24,50,Female,Chennai,Beauty,4,18255,40,61,10,43812,8221.46,3,1
SK102842,16-03-24,60,Male,Delhi,Furniture,1,42230,25,326,6,31672.5,2792.63,1,0
SK102843,05-11-24,53,Male,Mumbai,Electronics,3,16768,40,346,6,30182.4,5313.59,2,1
SK102844,01-03-24,53,Male,Hyderabad,Sports,3,13253,25,265,10,29819.25,6945.77,5,1
SK102845,01-11-24,22,Male,Hyderabad,Beauty,1,18684,40,355,4,11210.4,2646.83,2,0
SK102846,17-09-24,54,Female,Chennai,Beauty,2,14618,0,228,1,29236,5186.05,1,1
SK102847,10-10-24,25,Female,Hyderabad,Beauty,3,3686,25,247,7,8293.5,842.64,3,0
SK102848,12-11-24,51,Female,Delhi,Electronics,2,1433,20,170,5,2292.8,65.36,2,0
SK102849,08-07-24,33,Female,Delhi,Electronics,4,30427,40,327,8,73024.8,9959.35,3,1
SK102850,09-06-24,34,Female,Mumbai,Furniture,5,12251,40,598,5,36753,7516.69,4,1
SK102851,14-05-24,42,Male,Mumbai,Electronics,1,43687,30,351,6,30580.9,7391.26,3,1
SK102852,26-08-24,65,Female,Delhi,Grocery,5,10454,5,132,10,49656.5,5370.55,3,1
SK102853,13-01-24,47,Male,Bengaluru,Electronics,3,42449,20,303,7,101877.6,7383.71,5,1
SK102854,11-03-24,59,Male,Chennai,Fashion,3,43231,10,183,2,116723.7,32886.4,2,1
SK102855,02-03-25,59,Female,Chennai,Beauty,5,13899,5,266,5,66020.25,15370.25,3,1
SK102856,07-10-24,38,Male,Delhi,Furniture,5,24036,15,543,7,102153,11410.43,2,1
SK102857,29-10-24,65,Female,Delhi,Grocery,4,14886,0,93,3,59544,2935.66,5,0
SK102858,23-08-24,56,Male,Mumbai,Electronics,3,4496,0,444,7,13488,2059.58,1,0
SK102859,13-04-25,58,Male,Hyderabad,Sports,4,44515,20,106,8,142448,28359.69,5,1
SK102860,14-01-25,47,Female,Jaipur,Furniture,5,25206,20,470,7,100824,14003.92,1,1
SK102861,14-06-24,47,Female,Mumbai,Furniture,2,15595,25,517,5,23392.5,5114.22,4,1
SK102862,07-04-25,20,Female,Chennai,Fashion,1,26697,25,137,1,20022.75,2814.02,1,0
SK102863,26-02-24,49,Female,Delhi,Fashion,4,2273,0,477,7,9092,754.87,1,0
SK102864,23-04-24,29,Male,Bengaluru,Furniture,3,47131,30,389,4,98975.1,28735.82,5,1
SK102865,31-10-24,35,Female,Chennai,Fashion,3,49369,25,576,6,111080.25,32616.14,3,1
SK102866,30-06-24,51,Female,Bengaluru,Sports,2,13912,30,332,2,19476.8,3416.67,3,1
SK102867,02-01-24,48,Male,Chennai,Beauty,3,3942,15,54,4,10052.1,1569.51,1,0
SK102868,06-10-24,42,Male,Delhi,Beauty,3,19758,30,274,7,41491.8,7907.63,3,1
SK102869,07-05-25,21,Male,Jaipur,Electronics,3,25428,20,349,4,61027.2,14802.95,4,1
SK102870,09-05-24,51,Female,Hyderabad,Beauty,3,27695,0,528,7,83085,7762.86,5,1
SK102871,07-04-24,42,Female,Jaipur,Sports,4,48087,20,86,1,153878.4,16129.24,3,1
SK102872,06-12-24,30,Male,Bengaluru,Furniture,1,19632,10,288,3,17668.8,4279.91,3,1
SK102873,25-06-24,24,Female,Mumbai,Electronics,1,42482,25,261,4,31861.5,1411.29,3,0
SK102874,18-04-24,44,Female,Hyderabad,Sports,5,27721,40,227,3,83163,16709.96,2,1
SK102875,28-08-24,45,Male,Delhi,Beauty,4,48471,20,556,10,155107.2,20425.15,3,1
SK102876,05-02-25,57,Female,Mumbai,Grocery,2,25935,10,120,3,46683,11810.46,3,1
SK102877,28-10-24,64,Male,Pune,Fashion,3,25123,5,520,1,71600.55,10959.75,4,1
SK102878,27-06-24,19,Female,Pune,Sports,2,3112,25,560,5,4668,280.83,3,0
SK102879,29-11-24,32,Male,Pune,Furniture,3,12908,25,313,3,29043,6275.09,5,1
SK102880,17-01-25,28,Female,Chennai,Fashion,1,44124,0,496,6,44124,4292.56,5,1
SK102881,13-06-24,29,Female,Delhi,Grocery,1,14345,25,337,6,10758.75,867.79,3,0
SK102882,26-10-24,43,Female,Chennai,Beauty,2,23623,10,423,5,42521.4,10065.88,2,1
SK102883,14-01-24,61,Male,Hyderabad,Beauty,1,45438,10,249,10,40894.2,3987.12,3,1
SK102884,26-02-24,23,Male,Pune,Fashion,4,4133,0,593,4,16532,4112.71,2,1
SK102885,22-11-24,65,Male,Chennai,Grocery,2,6391,20,516,3,10225.6,407.77,5,0
SK102886,05-11-24,36,Male,Bengaluru,Beauty,2,39660,20,532,8,63456,10823.45,3,1
SK102887,11-05-24,34,Female,Lucknow,Sports,1,29172,40,172,7,17503.2,4787.6,1,1
SK102888,16-11-24,59,Female,Chennai,Furniture,2,18541,0,328,9,37082,5935.94,2,1
SK102889,13-10-24,53,Male,Jaipur,Furniture,1,14514,20,392,1,11611.2,1895.09,5,0
SK102890,29-09-24,42,Male,Pune,Sports,1,20833,15,85,5,17708.05,1468.44,1,0
SK102891,27-04-24,47,Male,Delhi,Sports,2,18436,10,69,7,33184.8,6462.04,3,1
SK102892,08-12-24,51,Female,Pune,Grocery,3,40018,30,238,5,84037.8,13686.36,1,1
SK102893,08-11-24,30,Female,Hyderabad,Furniture,4,5291,15,553,5,17989.4,4088.09,3,1
SK102894,25-08-24,33,Female,Delhi,Sports,5,17229,30,552,10,60301.5,10757.47,1,1
SK102895,07-12-24,42,Male,Lucknow,Fashion,5,25845,10,438,5,116302.5,20727.46,3,1
SK102896,24-05-24,62,Female,Bengaluru,Electronics,3,49428,0,173,10,148284,22308.1,5,1
SK102897,22-11-24,47,Male,Pune,Electronics,3,45346,25,121,5,102028.5,9493.15,4,1
SK102898,16-04-25,37,Female,Chennai,Electronics,5,39120,40,558,6,117360,32768.1,2,1
SK102899,02-06-24,57,Male,Lucknow,Sports,5,219,10,110,9,985.5,181.08,5,0
SK102900,07-09-24,33,Male,Jaipur,Furniture,3,34222,5,428,8,97532.7,10503.59,5,1
SK102901,01-01-24,35,Male,Mumbai,Grocery,5,24437,10,506,7,109966.5,17826.37,3,1
SK102902,27-03-24,33,Female,Jaipur,Beauty,2,20998,15,282,9,35696.6,4502.27,3,1
SK102903,22-02-24,40,Male,Delhi,Fashion,5,16550,20,380,9,66200,10622.05,2,1
SK102904,21-04-24,41,Male,Delhi,Beauty,3,26506,15,590,9,67590.3,10127.09,5,1
SK102905,10-04-24,60,Male,Mumbai,Sports,3,25184,5,519,9,71774.4,20091.32,3,1
SK102906,29-01-25,28,Female,Hyderabad,Grocery,3,16615,25,233,1,37383.75,7529.45,5,1
SK102907,06-02-25,36,Male,Bengaluru,Sports,4,2376,20,57,3,7603.2,1855.02,2,0
SK102908,23-03-24,37,Male,Pune,Beauty,4,29864,5,67,9,113483.2,19016.16,5,1
SK102909,25-06-24,47,Female,Hyderabad,Fashion,1,36075,5,420,4,34271.25,5855.02,2,1
SK102910,10-07-24,35,Female,Jaipur,Furniture,3,46662,10,103,10,125987.4,26048.54,4,1
SK102911,14-09-24,65,Male,Hyderabad,Sports,2,22997,25,115,2,34495.5,5649.17,1,1
SK102912,23-05-24,30,Female,Hyderabad,Grocery,5,22624,25,575,7,84840,21760.13,3,1
SK102913,16-09-24,21,Female,Pune,Furniture,2,8297,10,474,5,14934.6,1966.6,5,0
SK102914,15-03-25,54,Male,Jaipur,Sports,5,39590,10,216,4,178155,24157.53,4,1
SK102915,16-02-25,35,Male,Jaipur,Beauty,2,30910,15,324,4,52547,15432.24,3,1
SK102916,06-06-25,58,Male,Lucknow,Electronics,4,33945,20,262,5,108624,8744.96,3,1
SK102917,05-04-24,21,Female,Jaipur,Grocery,3,14184,5,461,4,40424.4,10469.5,5,1
SK102918,22-10-24,64,Male,Jaipur,Grocery,4,16125,40,320,4,38700,5015.42,5,1
SK102919,30-01-25,25,Male,Chennai,Grocery,2,11294,15,452,3,19199.8,2854.37,2,0
SK102920,23-03-24,45,Male,Lucknow,Furniture,2,48727,25,388,4,73090.5,5290.8,3,1
SK102921,06-03-25,30,Male,Mumbai,Fashion,1,35931,20,491,7,28744.8,5125.8,3,1
SK102922,23-12-24,31,Male,Pune,Sports,5,36445,0,381,6,182225,31162.44,1,1
SK102923,05-12-24,24,Female,Delhi,Sports,2,48827,15,264,3,83005.9,9811.61,1,1
SK102924,22-05-24,51,Female,Delhi,Fashion,4,35272,30,257,8,98761.6,6605.35,5,1
SK102925,10-03-24,32,Male,Lucknow,Furniture,2,34137,5,364,5,64860.3,12774.39,4,1
SK102926,15-04-24,19,Male,Chennai,Beauty,3,15484,0,336,8,46452,10944.62,4,1
SK102927,05-01-25,44,Female,Pune,Furniture,3,41802,30,372,4,87784.2,13108.02,4,1
SK102928,08-03-24,40,Female,Delhi,Furniture,2,46721,25,401,5,70081.5,3794.73,4,1
SK102929,20-02-24,51,Female,Hyderabad,Electronics,1,25852,20,72,1,20681.6,3123.86,3,1
SK102930,11-02-24,35,Female,Bengaluru,Electronics,4,34882,20,277,10,111622.4,30821.75,5,1
SK102931,05-08-24,51,Female,Jaipur,Sports,4,45245,20,315,2,144784,10939.96,1,1
SK102932,12-01-25,46,Male,Bengaluru,Fashion,4,6412,0,511,1,25648,5685.94,5,1
SK102933,05-05-25,58,Male,Mumbai,Electronics,2,25171,30,321,1,35239.4,6256.52,2,1
SK102934,16-01-25,42,Female,Pune,Sports,4,35006,10,476,5,126021.6,22711.27,1,1
SK102935,03-08-24,58,Male,Delhi,Furniture,2,29456,10,146,3,53020.8,2540.71,5,0
SK102936,05-02-24,30,Male,Bengaluru,Grocery,2,41275,0,158,4,82550,11619.27,2,1
SK102937,17-05-25,40,Male,Chennai,Furniture,4,34392,5,597,6,130689.6,24581.44,4,1
SK102938,21-09-24,28,Female,Pune,Furniture,1,6452,0,405,5,6452,613.17,1,0
SK102939,04-02-24,53,Female,Chennai,Fashion,2,14958,30,193,3,20941.2,4347.53,4,1
SK102940,17-01-25,58,Female,Pune,Electronics,3,19986,25,231,8,44968.5,4460.29,2,1
SK102941,13-12-24,53,Male,Mumbai,Beauty,4,9613,20,218,7,30761.6,1560.73,2,0
SK102942,28-12-24,65,Male,Delhi,Beauty,5,12092,10,171,8,54414,14199.24,5,1
SK102943,03-04-24,56,Male,Lucknow,Electronics,1,48618,25,172,10,36463.5,6575.1,5,1
SK102944,25-12-24,44,Female,Pune,Grocery,3,33232,15,277,8,84741.6,23926.15,1,1
SK102945,22-07-24,21,Male,Hyderabad,Electronics,4,10399,20,307,1,33276.8,3412.75,5,1
SK102946,19-04-25,33,Male,Delhi,Grocery,5,5305,40,266,4,15915,578.96,2,0
SK102947,04-08-24,48,Male,Hyderabad,Beauty,3,11602,25,214,10,26104.5,5483.19,1,1
SK102948,05-05-24,63,Male,Mumbai,Sports,5,16145,40,213,2,48435,3611.1,4,1
SK102949,22-07-24,43,Female,Pune,Electronics,3,5679,20,64,2,13629.6,2956.7,2,0
SK102950,16-06-24,42,Male,Jaipur,Electronics,4,6404,5,149,2,24335.2,6292.59,2,1
SK102951,15-07-24,49,Female,Jaipur,Sports,4,2540,5,227,3,9652,1192.01,5,0
SK102952,15-06-25,50,Female,Lucknow,Sports,2,41483,25,374,3,62224.5,11987.15,4,1
SK102953,22-09-24,29,Male,Pune,Electronics,4,46825,20,425,8,149840,29262.97,3,1
SK102954,04-11-24,57,Male,Pune,Sports,3,4399,25,440,9,9897.75,627.88,3,0
SK102955,17-06-24,32,Female,Bengaluru,Fashion,1,8717,15,555,4,7409.45,-23.07,2,0
SK102956,01-01-25,48,Male,Delhi,Furniture,5,32607,0,524,4,163035,35244.12,4,1
SK102957,25-04-25,29,Male,Pune,Electronics,2,7844,5,511,3,14903.6,815.12,3,0
SK102958,06-06-25,63,Male,Hyderabad,Electronics,5,23485,40,327,7,70455,11141.41,4,1
SK102959,09-07-24,50,Male,Pune,Electronics,2,33274,30,541,10,46583.6,9400.41,1,1
SK102960,19-07-24,21,Male,Mumbai,Electronics,5,37415,40,236,10,112245,5988.88,2,1
SK102961,04-01-25,51,Male,Jaipur,Furniture,4,1172,25,545,4,3516,-27.33,1,0
SK102962,06-03-24,54,Male,Pune,Fashion,4,15262,40,217,2,36628.8,5946.21,2,1
SK102963,11-11-24,34,Male,Hyderabad,Grocery,1,16398,20,333,4,13118.4,1195.42,4,0
SK102964,10-05-25,20,Female,Hyderabad,Electronics,5,3016,15,120,6,12818,1707.73,4,0
SK102965,04-04-24,21,Male,Delhi,Electronics,4,22537,0,126,6,90148,17091.14,3,1
SK102966,17-08-24,49,Male,Chennai,Fashion,3,22361,10,298,3,60374.7,16575.5,2,1
SK102967,03-04-25,36,Female,Hyderabad,Beauty,3,12432,10,206,10,33566.4,7195.03,1,1
SK102968,18-02-25,49,Male,Delhi,Sports,5,8931,5,467,9,42422.25,11088.79,5,1
SK102969,01-02-24,60,Female,Jaipur,Beauty,3,7616,30,308,3,15993.6,675.23,5,0
SK102970,11-04-25,52,Male,Mumbai,Sports,3,14765,40,156,7,26577,7397.72,3,1
SK102971,05-05-25,49,Female,Hyderabad,Fashion,4,45988,20,89,6,147161.6,38793.91,3,1
SK102972,30-08-24,45,Female,Pune,Beauty,4,12250,10,196,2,44100,11281.3,4,1
SK102973,18-09-24,29,Male,Hyderabad,Electronics,4,35690,40,512,7,85656,7012.57,3,1
SK102974,27-07-24,51,Male,Chennai,Grocery,3,25995,40,503,8,46791,2049.13,2,0
SK102975,16-01-25,49,Male,Pune,Beauty,4,21394,0,481,6,85576,5801.41,5,1
SK102976,20-05-25,38,Female,Hyderabad,Fashion,1,32801,40,88,2,19680.6,5282.89,1,1
SK102977,28-10-24,60,Male,Hyderabad,Beauty,5,16617,5,124,8,78930.75,23083.93,2,1
SK102978,03-06-24,38,Female,Delhi,Grocery,3,10216,10,125,7,27583.2,4580.23,2,1
SK102979,01-02-25,50,Male,Hyderabad,Beauty,5,26981,30,537,5,94433.5,19699.66,3,1
SK102980,04-10-24,64,Male,Pune,Electronics,1,38392,10,145,2,34552.8,7133.25,4,1
SK102981,12-02-24,31,Female,Hyderabad,Grocery,4,24431,0,58,3,97724,21149.07,4,1
SK102982,09-05-25,60,Male,Mumbai,Sports,2,19394,20,75,2,31030.4,7484.51,4,1
SK102983,24-10-24,54,Female,Hyderabad,Sports,5,32313,5,586,10,153486.75,27433.68,2,1
SK102984,13-06-24,38,Female,Chennai,Electronics,1,42111,10,397,7,37899.9,7582.15,5,1
SK102985,11-06-25,32,Female,Chennai,Fashion,2,14203,10,200,8,25565.4,2186.23,2,0
SK102986,14-06-25,65,Female,Pune,Beauty,1,37886,15,528,4,32203.1,3407.4,4,1
SK102987,23-07-24,18,Female,Delhi,Furniture,1,19403,10,530,9,17462.7,1329.05,5,0
SK102988,02-09-24,52,Female,Hyderabad,Furniture,2,40812,20,53,3,65299.2,13068.25,2,1
SK102989,28-03-24,42,Male,Hyderabad,Electronics,3,37902,15,558,9,96650.1,21070.05,2,1
SK102990,17-01-25,54,Female,Chennai,Sports,5,2334,25,174,7,8752.5,1479.78,5,0
SK102991,11-03-24,43,Male,Delhi,Beauty,1,9267,10,243,3,8340.3,1630.87,5,0
SK102992,13-04-25,36,Female,Lucknow,Sports,1,40220,0,166,9,40220,9780.41,3,1
SK102993,13-01-25,63,Female,Chennai,Furniture,2,21413,20,568,8,34260.8,8920.45,3,1
SK102994,19-03-25,65,Male,Jaipur,Fashion,1,9757,10,540,2,8781.3,772.45,4,0
SK102995,05-01-24,55,Male,Jaipur,Grocery,1,2808,10,561,5,2527.2,179.8,2,0
SK102996,30-12-24,46,Female,Delhi,Electronics,5,39637,5,387,7,188275.75,28878.47,3,1
SK102997,04-09-24,49,Male,Mumbai,Electronics,3,26711,0,376,8,80133,13325.38,1,1
SK102998,09-01-25,62,Male,Mumbai,Furniture,2,17967,20,565,1,28747.2,1460.42,2,0
SK102999,03-02-25,33,Female,Delhi,Sports,1,35120,15,509,7,29852,7970.86,5,1
SK103000,21-06-24,31,Female,Delhi,Furniture,3,18220,25,361,6,40995,11711.1,2,1
SK103001,16-07-24,61,Male,Hyderabad,Sports,1,10754,15,536,9,9140.9,1110.11,4,0
SK103002,23-02-25,50,Male,Lucknow,Electronics,5,37200,30,294,10,130200,17406.44,1,1
SK103003,11-11-24,25,Male,Lucknow,Grocery,5,40230,10,261,9,181035,47982.54,1,1
SK103004,02-04-25,46,Male,Delhi,Grocery,5,30213,10,368,6,135958.5,32829.04,4,1
SK103005,04-08-24,29,Female,Delhi,Grocery,4,49081,30,587,8,137426.8,8561.08,4,1
SK103006,08-09-24,21,Male,Delhi,Furniture,4,32073,20,57,8,102633.6,26775.75,1,1
SK103007,05-05-24,33,Male,Pune,Electronics,1,31617,10,334,5,28455.3,2557.82,4,0
SK103008,03-09-24,62,Female,Chennai,Beauty,1,3820,30,226,6,2674,365.12,2,0
SK103009,17-06-25,55,Male,Chennai,Beauty,4,2648,0,481,7,10592,1431.36,2,0
SK103010,26-05-24,60,Female,Delhi,Fashion,5,10368,5,510,5,49248,14156.68,2,1
SK103011,21-08-24,34,Male,Pune,Sports,4,42512,5,111,5,161545.6,25594.49,5,1
SK103012,25-05-24,18,Female,Delhi,Electronics,5,18304,30,600,7,64064,9202.69,3,1
SK103013,06-02-24,63,Female,Bengaluru,Furniture,5,45895,15,575,4,195053.75,55187.91,2,1
SK103014,19-03-25,19,Male,Lucknow,Sports,4,14276,0,363,2,57104,8233.04,2,1
SK103015,02-01-25,36,Male,Chennai,Sports,1,47016,5,228,1,44665.2,8340.9,5,1
SK103016,03-02-24,50,Female,Bengaluru,Sports,4,26030,40,288,9,62472,9274.97,2,1
SK103017,20-05-25,46,Female,Mumbai,Electronics,1,10854,25,419,7,8140.5,1549.72,3,0
SK103018,05-03-25,59,Male,Lucknow,Grocery,2,1243,15,137,4,2113.1,387.68,5,0
SK103019,15-05-25,49,Female,Chennai,Furniture,1,42347,40,56,8,25408.2,4479.52,4,1
SK103020,16-05-24,29,Male,Chennai,Fashion,2,38771,40,576,6,46525.2,12114.52,2,1
SK103021,03-04-24,51,Female,Lucknow,Electronics,3,36288,5,510,6,103420.8,8400.01,4,1
SK103022,19-11-24,49,Male,Delhi,Fashion,5,36381,40,396,4,109143,11746.04,4,1
SK103023,07-01-25,63,Male,Bengaluru,Beauty,1,25640,5,553,5,24358,1679.01,4,0
SK103024,10-05-25,35,Male,Pune,Sports,1,28904,10,594,1,26013.6,5012.3,3,1
SK103025,29-02-24,56,Male,Lucknow,Fashion,5,43519,10,71,5,195835.5,24237.55,5,1
SK103026,18-11-24,30,Male,Mumbai,Beauty,3,25224,25,365,9,56754,5854.51,2,1
SK103027,17-03-24,43,Female,Mumbai,Beauty,5,33463,10,59,8,150583.5,23377.29,2,1
SK103028,17-04-24,28,Male,Bengaluru,Beauty,5,12714,15,250,9,54034.5,15427.2,1,1
SK103029,26-04-25,19,Female,Hyderabad,Electronics,1,34860,15,172,4,29631,7716.23,2,1
SK103030,23-12-24,47,Female,Jaipur,Electronics,4,9514,0,268,4,38056,10242.64,2,1
SK103031,20-07-24,55,Female,Lucknow,Fashion,1,3287,5,68,9,3122.65,197.89,3,0
SK103032,18-03-24,29,Male,Hyderabad,Fashion,1,22331,5,305,7,21214.45,3327.39,2,1
SK103033,16-03-25,62,Male,Mumbai,Fashion,4,25653,15,83,4,87220.2,7579.8,1,1
SK103034,18-02-25,31,Female,Pune,Furniture,3,26233,20,431,5,62959.2,12870.47,4,1
SK103035,20-11-24,56,Female,Pune,Furniture,4,45687,25,120,9,137061,10763.89,1,1
SK103036,12-10-24,31,Female,Jaipur,Fashion,3,40703,25,448,7,91581.75,14796.26,5,1
SK103037,21-02-25,29,Male,Chennai,Fashion,5,29933,20,103,4,119732,27851.91,3,1
SK103038,04-08-24,27,Female,Pune,Grocery,3,31871,15,328,5,81271.05,7615.06,2,1
SK103039,07-08-24,31,Male,Mumbai,Beauty,2,26947,30,399,1,37725.8,9969.6,5,1
SK103040,24-10-24,57,Female,Pune,Sports,3,18923,30,120,1,39738.3,10124.41,2,1
SK103041,25-04-24,43,Male,Jaipur,Grocery,3,5852,20,92,4,14044.8,3422.44,3,1
SK103042,04-08-24,58,Female,Delhi,Electronics,4,40542,15,400,8,137842.8,11250.69,2,1
SK103043,08-11-24,53,Female,Jaipur,Sports,5,40999,30,109,5,143496.5,28699.54,5,1
SK103044,17-06-25,23,Female,Lucknow,Furniture,1,47179,15,435,1,40102.15,8462.67,3,1
SK103045,05-02-25,26,Male,Lucknow,Electronics,1,25776,20,113,5,20620.8,3085.46,2,1
SK103046,16-01-24,51,Female,Bengaluru,Electronics,2,36774,10,584,4,66193.2,15866.52,2,1
SK103047,21-08-24,53,Male,Delhi,Beauty,5,38914,5,238,4,184841.5,32412.1,4,1
SK103048,07-11-24,43,Female,Pune,Sports,1,42819,20,360,2,34255.2,6258.25,2,1
SK103049,15-03-24,52,Male,Mumbai,Beauty,3,14278,25,397,2,32125.5,9164.01,4,1
SK103050,02-01-24,34,Male,Pune,Beauty,2,35631,30,528,9,49883.4,12181.05,5,1
SK103051,09-05-24,46,Male,Mumbai,Electronics,2,32683,20,332,2,52292.8,12737.54,3,1
SK103052,15-05-25,25,Female,Bengaluru,Sports,5,16252,30,368,4,56882,12502.72,5,1
SK103053,25-12-24,19,Male,Delhi,Grocery,3,21260,15,432,5,54213,3157.06,4,1
SK103054,16-01-25,65,Female,Pune,Sports,2,1598,25,134,3,2397,29.38,3,0
SK103055,11-08-24,33,Male,Delhi,Grocery,3,34767,15,237,7,88655.85,5780.5,3,1
SK103056,14-03-24,29,Male,Mumbai,Beauty,4,36135,20,337,6,115632,22138.81,1,1
SK103057,12-01-25,19,Male,Lucknow,Beauty,3,28073,25,520,7,63164.25,3973.41,5,1
SK103058,09-02-25,24,Male,Pune,Sports,4,4730,15,234,7,16082,3025.56,2,1
SK103059,12-06-25,43,Male,Hyderabad,Beauty,1,21774,10,506,5,19596.6,3305.07,2,1
SK103060,30-10-24,36,Male,Bengaluru,Electronics,5,40263,10,197,10,181183.5,39082.06,4,1
SK103061,27-04-25,34,Female,Jaipur,Fashion,2,33271,0,69,8,66542,8615.32,2,1
SK103062,24-11-24,19,Female,Jaipur,Sports,3,4406,30,387,9,9252.6,349.83,2,0
SK103063,27-03-25,38,Male,Bengaluru,Furniture,3,33939,20,98,2,81453.6,15261.8,5,1
SK103064,18-10-24,26,Female,Lucknow,Furniture,4,22103,25,236,1,66309,16982.85,4,1
SK103065,29-05-25,45,Female,Jaipur,Electronics,5,31516,40,186,10,94548,24658.98,1,1
SK103066,08-11-24,19,Male,Hyderabad,Grocery,5,8966,30,68,4,31381,8784.52,2,1
SK103067,13-03-24,63,Male,Bengaluru,Sports,2,47837,20,384,6,76539.2,13860.32,3,1
SK103068,11-06-25,39,Male,Hyderabad,Grocery,1,35070,0,238,9,35070,7599.12,4,1
SK103069,06-07-24,32,Male,Chennai,Sports,3,49834,5,593,4,142026.9,34777.35,4,1
SK103070,18-01-25,64,Female,Bengaluru,Fashion,4,41263,15,390,9,140294.2,18496.54,4,1
SK103071,30-09-24,24,Male,Bengaluru,Electronics,2,22910,25,509,3,34365,5468.1,4,1
SK103072,05-10-24,29,Male,Bengaluru,Grocery,5,6415,25,142,6,24056.25,5379.03,1,1
SK103073,01-06-24,35,Male,Chennai,Fashion,2,15023,30,503,4,21032.2,4940.65,4,1
SK103074,21-03-24,44,Female,Hyderabad,Sports,5,29953,15,585,3,127300.25,24950.49,1,1
SK103075,23-05-25,22,Female,Hyderabad,Sports,5,13943,25,247,6,52286.25,6856.67,5,1
SK103076,26-02-25,30,Male,Pune,Beauty,3,17040,10,165,4,46008,3604.08,5,1
SK103077,08-08-24,26,Male,Hyderabad,Fashion,2,4367,10,342,10,7860.6,1254.83,5,0
SK103078,18-05-25,48,Male,Bengaluru,Beauty,4,33817,20,76,7,108214.4,18282.29,1,1
SK103079,27-02-25,41,Female,Lucknow,Furniture,2,34715,30,97,7,48601,10104.53,1,1
SK103080,15-09-24,59,Female,Jaipur,Beauty,1,14111,5,112,2,13405.45,2186.04,1,0
SK103081,28-01-25,49,Male,Mumbai,Furniture,3,42611,40,212,4,76699.8,4777.27,5,1
SK103082,26-11-24,62,Female,Chennai,Sports,3,10798,40,326,9,19436.4,4413.31,2,1
SK103083,16-02-25,32,Male,Hyderabad,Sports,1,19772,40,494,5,11863.2,887.76,3,0
SK103084,05-07-24,34,Female,Jaipur,Beauty,3,24330,0,177,9,72990,20562.14,3,1
SK103085,25-05-25,18,Male,Mumbai,Sports,5,11512,0,426,8,57560,5305.92,1,1
SK103086,14-06-24,31,Male,Chennai,Beauty,2,31482,15,541,1,53519.4,10541.22,4,1
SK103087,24-09-24,52,Male,Chennai,Fashion,2,19762,5,184,4,37547.8,3176.99,4,1
SK103088,27-01-25,39,Female,Delhi,Beauty,2,6056,30,282,6,8478.4,1476.45,2,0
SK103089,17-07-24,35,Female,Pune,Furniture,4,16623,30,145,6,46544.4,4097.21,5,1
SK103090,09-10-24,51,Male,Lucknow,Furniture,2,9642,40,249,8,11570.4,2974.37,4,0
SK103091,26-01-24,57,Male,Bengaluru,Fashion,2,13894,25,490,1,20841,5585.17,1,1
SK103092,17-09-24,38,Female,Pune,Sports,1,37337,15,284,9,31736.45,4813.96,3,1
SK103093,11-09-24,43,Male,Lucknow,Electronics,2,2071,20,216,10,3313.6,313.3,1,0
SK103094,20-06-25,31,Male,Hyderabad,Beauty,1,1781,5,86,5,1691.95,46.83,5,0
SK103095,08-03-25,47,Female,Hyderabad,Beauty,3,46816,10,381,6,126403.2,36262.83,5,1
SK103096,11-02-25,24,Male,Bengaluru,Furniture,2,8776,40,62,3,10531.2,2475.44,5,0
SK103097,29-06-24,53,Female,Lucknow,Fashion,5,43486,15,165,6,184815.5,52067.98,1,1
SK103098,17-09-24,36,Male,Delhi,Sports,1,48846,25,103,5,36634.5,6104.04,1,1
SK103099,21-04-25,19,Male,Bengaluru,Sports,2,33445,15,392,3,56856.5,3880.27,5,1
SK103100,12-04-25,65,Male,Lucknow,Sports,3,32474,5,84,5,92550.9,8488.35,4,1
SK103101,23-07-24,26,Male,Bengaluru,Grocery,2,44937,5,54,3,85380.3,11668.42,4,1
SK103102,17-04-25,34,Male,Pune,Fashion,4,42609,0,345,4,170436,28211.25,3,1
SK103103,21-01-24,27,Female,Jaipur,Fashion,5,33501,0,481,9,167505,40841.64,2,1
SK103104,11-12-24,43,Male,Mumbai,Sports,3,10372,15,296,4,26448.6,2757.53,5,0
SK103105,29-08-24,32,Male,Jaipur,Fashion,4,5405,40,190,1,12972,1941.19,3,0
SK103106,10-02-24,43,Female,Delhi,Sports,2,6293,5,257,2,11956.7,1718.08,2,0
SK103107,19-03-24,32,Female,Delhi,Furniture,4,32501,40,427,7,78002.4,13376.39,2,1
SK103108,11-02-25,59,Female,Mumbai,Sports,5,32382,5,541,9,153814.5,45222.34,5,1
SK103109,22-04-25,40,Male,Mumbai,Electronics,1,25225,5,513,9,23963.75,3602.16,1,1
SK103110,07-03-24,59,Female,Pune,Fashion,2,36375,25,278,10,54562.5,10233.09,1,1
SK103111,27-04-24,63,Female,Hyderabad,Furniture,3,31210,20,414,7,74904,11450.13,5,1
SK103112,26-09-24,61,Female,Lucknow,Beauty,2,44876,0,542,4,89752,12113.63,5,1
SK103113,08-03-24,35,Female,Delhi,Grocery,1,2728,40,449,8,1636.8,20.19,5,0
SK103114,29-02-24,47,Female,Pune,Sports,1,48739,15,514,6,41428.15,5228.01,2,1
SK103115,20-03-24,41,Female,Delhi,Beauty,5,5935,30,428,6,20772.5,4407.3,1,1
SK103116,29-02-24,46,Female,Hyderabad,Beauty,1,4899,5,257,1,4654.05,54.18,4,0
SK103117,05-02-24,19,Male,Delhi,Fashion,1,4769,25,309,9,3576.75,-128.08,2,0
SK103118,26-05-25,58,Female,Delhi,Fashion,1,4848,40,542,9,2908.8,-298.11,1,0
SK103119,03-05-24,36,Male,Pune,Sports,2,24018,30,155,2,33625.2,5950.78,4,1
SK103120,26-03-25,39,Male,Chennai,Sports,1,40158,20,204,10,32126.4,8146.53,5,1
SK103121,23-07-24,63,Female,Chennai,Electronics,4,16930,15,483,2,57562,14249.23,1,1
SK103122,14-07-24,25,Female,Bengaluru,Sports,2,15178,30,151,2,21249.2,4138.68,5,1
SK103123,17-04-24,63,Male,Chennai,Furniture,4,4206,5,394,1,15982.8,1626.53,4,0
SK103124,29-01-25,65,Female,Pune,Sports,3,36872,10,490,2,99554.4,16232.4,4,1
SK103125,18-10-24,46,Male,Jaipur,Furniture,2,10037,25,349,9,15055.5,2155.13,5,0
SK103126,01-04-25,46,Male,Mumbai,Beauty,2,17788,40,369,8,21345.6,5670.82,5,1
SK103127,22-03-25,30,Female,Bengaluru,Electronics,3,32671,15,311,9,83311.05,14816.25,5,1
SK103128,28-10-24,25,Female,Chennai,Grocery,5,31539,25,105,8,118271.25,13482.44,3,1
SK103129,04-12-24,53,Male,Pune,Fashion,4,11817,20,230,9,37814.4,3854.49,1,1
SK103130,14-06-25,19,Male,Chennai,Fashion,4,46331,25,387,1,138993,36003.01,3,1
SK103131,31-01-24,23,Male,Hyderabad,Grocery,4,28374,30,579,6,79447.2,14357.06,5,1
SK103132,11-01-25,31,Male,Hyderabad,Furniture,5,35336,5,426,4,167846,26495.99,5,1
SK103133,09-04-25,52,Female,Lucknow,Grocery,2,47612,5,208,2,90462.8,16088.23,5,1
SK103134,28-02-24,27,Male,Jaipur,Beauty,4,41797,5,503,2,158828.6,29429.97,3,1
SK103135,22-11-24,37,Female,Delhi,Sports,1,5281,0,197,10,5281,543.2,5,0
SK103136,18-05-25,49,Male,Bengaluru,Beauty,5,2925,15,318,6,12431.25,960.82,2,0
SK103137,17-06-25,63,Female,Bengaluru,Beauty,4,14092,15,255,3,47912.8,8616.09,1,1
SK103138,29-05-24,44,Female,Lucknow,Beauty,5,5063,10,488,10,22783.5,1590.86,1,0
SK103139,03-03-25,26,Male,Chennai,Sports,3,10340,25,330,6,23265,4688.75,5,1
SK103140,22-06-25,50,Female,Lucknow,Electronics,5,19569,5,464,7,92952.75,16662.21,2,1
SK103141,21-05-25,26,Female,Mumbai,Grocery,1,15948,5,596,6,15150.6,2572.96,3,0
SK103142,18-12-24,52,Female,Bengaluru,Sports,1,13006,20,66,10,10404.8,661.22,3,0
SK103143,02-04-25,30,Male,Chennai,Beauty,2,32774,0,469,7,65548,7618.09,2,1
SK103144,20-11-24,26,Female,Mumbai,Grocery,4,24482,15,156,1,83238.8,13743.11,4,1
SK103145,05-04-25,47,Female,Mumbai,Fashion,5,13235,20,89,9,52940,7309.34,3,1
SK103146,07-12-24,40,Male,Jaipur,Electronics,1,30260,20,518,7,24208,3989.09,2,1
SK103147,21-10-24,59,Male,Pune,Beauty,3,30296,15,271,5,77254.8,16608.78,4,1
SK103148,03-04-25,26,Male,Mumbai,Grocery,1,8347,40,156,2,5008.2,972.69,4,0
SK103149,09-12-24,20,Male,Delhi,Grocery,5,44710,30,290,9,156485,19352.63,5,1
SK103150,12-06-25,18,Male,Jaipur,Sports,3,20272,0,107,5,60816,8740.27,5,1
SK103151,09-07-24,52,Male,Delhi,Grocery,1,4781,10,277,2,4302.9,110.69,5,0
SK103152,04-02-24,61,Male,Hyderabad,Fashion,3,41859,40,250,7,75346.2,6257,3,1
SK103153,09-12-24,46,Male,Mumbai,Beauty,3,36563,10,489,10,98720.1,27618.03,5,1
SK103154,17-12-24,45,Male,Jaipur,Fashion,4,25747,25,494,7,77241,14168.31,2,1
SK103155,04-09-24,55,Male,Chennai,Electronics,2,10652,10,437,7,19173.6,3291.73,1,1
SK103156,13-12-24,23,Female,Lucknow,Sports,3,49969,40,490,7,89944.2,15330.87,3,1
SK103157,18-04-24,20,Male,Delhi,Electronics,2,21372,10,572,10,38469.6,4903.75,4,1
SK103158,09-08-24,59,Male,Chennai,Sports,3,12620,5,341,10,35967,6560.26,3,1
SK103159,01-01-25,59,Male,Bengaluru,Furniture,5,33560,40,125,9,100680,7544.78,4,1
SK103160,29-11-24,30,Female,Delhi,Furniture,3,32119,0,584,10,96357,7854.78,5,1
SK103161,04-02-24,18,Male,Delhi,Grocery,3,21500,0,341,4,64500,11132.21,2,1
SK103162,21-06-24,33,Female,Bengaluru,Electronics,3,45965,25,436,6,103421.25,23492.6,3,1
SK103163,27-03-24,35,Female,Pune,Furniture,3,29095,5,170,6,82920.75,19302.24,1,1
SK103164,19-02-24,52,Female,Pune,Grocery,4,7376,25,260,6,22128,5001.36,4,1
SK103165,21-06-24,58,Female,Bengaluru,Sports,1,45129,30,148,8,31590.3,8765.12,2,1
SK103166,10-05-25,32,Male,Lucknow,Fashion,4,3329,25,430,6,9987,72.17,2,0
SK103167,25-06-24,45,Female,Mumbai,Grocery,1,358,20,332,3,286.4,-306.78,2,0
SK103168,12-12-24,30,Female,Mumbai,Furniture,1,13834,15,570,6,11758.9,2192.22,3,0
SK103169,10-06-25,65,Female,Hyderabad,Sports,1,39409,25,516,4,29556.75,6708.59,1,1
SK103170,30-12-24,63,Male,Chennai,Electronics,2,44159,30,326,8,61822.6,8447.36,2,1
SK103171,27-10-24,22,Female,Pune,Grocery,1,5843,30,521,5,4090.1,275.5,4,0
SK103172,01-02-25,41,Male,Bengaluru,Sports,5,10323,25,286,7,38711.25,11007.81,2,1
SK103173,31-03-25,47,Female,Mumbai,Sports,2,46535,25,80,9,69802.5,16855.09,1,1
SK103174,17-08-24,63,Male,Lucknow,Electronics,1,19366,20,592,4,15492.8,2519.46,4,0
SK103175,12-02-24,27,Female,Pune,Furniture,5,44263,25,241,3,165986.25,44902.3,3,1
SK103176,25-11-24,47,Male,Mumbai,Grocery,5,2595,10,317,10,11677.5,272.18,3,0
SK103177,06-06-24,29,Male,Lucknow,Beauty,1,27853,15,202,7,23675.05,1031.45,4,0
SK103178,18-05-24,55,Female,Mumbai,Beauty,5,31442,20,576,2,125768,9264.6,1,1
SK103179,23-05-25,45,Male,Bengaluru,Beauty,4,22627,15,408,7,76931.8,21177.85,3,1
SK103180,02-10-24,36,Male,Chennai,Sports,4,22230,5,300,3,84474,17992.9,2,1
SK103181,23-03-25,34,Female,Hyderabad,Grocery,1,46012,25,424,10,34509,1425.31,3,0
SK103182,12-01-25,35,Female,Chennai,Sports,2,40009,20,186,8,64014.4,7059.39,1,1
SK103183,27-04-24,36,Male,Lucknow,Electronics,2,27367,30,95,1,38313.8,8453.55,2,1
SK103184,05-05-24,20,Female,Bengaluru,Sports,3,27570,10,296,9,74439,21446.68,2,1
SK103185,02-02-24,33,Female,Jaipur,Grocery,1,8997,25,289,4,6747.75,1688.74,5,0
SK103186,03-11-24,56,Male,Mumbai,Beauty,5,44277,5,270,9,210315.75,25835.21,2,1
SK103187,31-08-24,28,Male,Bengaluru,Sports,4,24752,15,518,8,84156.8,20606.8,4,1
SK103188,22-02-24,55,Female,Pune,Sports,2,40544,15,83,10,68924.8,11448.56,3,1
SK103189,03-02-24,46,Female,Lucknow,Electronics,5,17594,20,376,5,70376,15738.78,4,1
SK103190,15-02-24,58,Male,Mumbai,Furniture,1,33298,40,591,3,19978.8,549.74,4,0
SK103191,17-03-25,25,Female,Chennai,Beauty,4,46620,15,224,10,158508,33838.17,5,1
SK103192,07-04-24,36,Female,Delhi,Grocery,5,28635,25,371,9,107381.25,29436.21,1,1
SK103193,14-01-25,53,Female,Chennai,Electronics,2,15625,0,523,9,31250,4096.03,5,1
SK103194,06-11-24,33,Male,Pune,Electronics,4,26720,20,154,2,85504,20073.9,2,1
SK103195,15-03-24,44,Female,Delhi,Sports,2,47411,30,308,8,66375.4,18592.39,2,1
SK103196,17-02-24,50,Male,Bengaluru,Fashion,4,15884,30,299,1,44475.2,12092.94,4,1
SK103197,29-06-24,31,Male,Delhi,Furniture,1,21633,40,127,3,12979.8,3176.93,1,1
SK103198,05-03-25,53,Female,Delhi,Beauty,2,7650,20,208,1,12240,2287.37,5,0
SK103199,11-11-24,28,Female,Delhi,Sports,2,23852,25,72,1,35778,5055.75,2,1
SK103200,13-05-24,18,Male,Jaipur,Furniture,2,24483,15,201,8,41621.1,9211.81,1,1
SK103201,15-07-24,56,Male,Delhi,Furniture,5,11281,10,72,8,50764.5,12750.28,5,1
SK103202,05-02-24,28,Male,Chennai,Beauty,4,1862,15,479,3,6330.8,-159.42,5,0
SK103203,10-04-25,59,Male,Pune,Furniture,3,23222,15,287,7,59216.1,14966.17,4,1
SK103204,26-07-24,18,Female,Jaipur,Furniture,4,30744,20,99,8,98380.8,14077.51,1,1
SK103205,22-10-24,64,Female,Delhi,Sports,4,3407,20,404,4,10902.4,145.09,5,0
SK103206,05-04-25,51,Female,Lucknow,Electronics,2,38207,0,498,7,76414,19243.03,4,1
SK103207,10-05-25,50,Male,Hyderabad,Sports,2,20565,40,497,6,24678,2764.14,4,0
SK103208,13-01-25,29,Female,Pune,Fashion,5,7558,30,126,8,26453,6994.12,5,1
SK103209,24-01-25,19,Female,Hyderabad,Fashion,1,49287,10,446,9,44358.3,9303.32,2,1
SK103210,11-03-25,25,Female,Hyderabad,Sports,2,46802,15,352,5,79563.4,21380.41,5,1
SK103211,14-01-24,19,Male,Mumbai,Sports,4,8910,10,132,9,32076,4646.18,1,1
SK103212,25-02-25,32,Male,Hyderabad,Fashion,4,47751,10,152,3,171903.6,46870.76,3,1
SK103213,30-11-24,57,Male,Pune,Grocery,5,45789,15,176,4,194603.25,47424.54,3,1
SK103214,10-09-24,60,Male,Hyderabad,Beauty,4,46655,25,141,5,139965,32694.32,2,1
SK103215,15-10-24,53,Male,Pune,Electronics,2,30314,30,556,3,42439.6,8962.06,2,1
SK103216,28-03-24,57,Female,Pune,Furniture,2,49566,10,322,1,89218.8,11025.92,4,1
SK103217,31-01-24,44,Female,Hyderabad,Fashion,2,27299,10,572,5,49138.2,7222.39,4,1
SK103218,15-12-24,61,Male,Lucknow,Fashion,5,16026,40,188,7,48078,12919.1,5,1
SK103219,09-04-24,61,Male,Bengaluru,Grocery,1,15501,30,314,4,10850.7,2138.01,1,0
SK103220,18-03-24,50,Female,Lucknow,Sports,1,19186,40,286,1,11511.6,2964.29,2,0
SK103221,30-01-25,65,Female,Lucknow,Furniture,3,8941,30,197,9,18776.1,2437.22,1,0
SK103222,13-03-24,32,Male,Jaipur,Sports,1,23562,20,112,5,18849.6,4712.97,3,1
SK103223,19-02-25,43,Female,Jaipur,Electronics,2,48688,10,589,5,87638.4,17300.63,5,1
SK103224,23-02-25,49,Male,Chennai,Beauty,4,2952,40,544,1,7084.8,391.48,1,0
SK103225,22-06-25,59,Male,Chennai,Beauty,2,6046,0,383,4,12092,919.75,4,0
SK103226,14-03-24,46,Male,Jaipur,Sports,1,41960,0,517,10,41960,8660.96,4,1
SK103227,21-01-25,55,Female,Lucknow,Grocery,1,7633,15,99,1,6488.05,1305.13,5,0
SK103228,18-04-25,34,Female,Bengaluru,Beauty,4,43475,25,545,3,130425,8172.18,5,1
SK103229,09-05-24,56,Female,Chennai,Grocery,1,19276,0,115,9,19276,5580.79,5,1
SK103230,07-06-24,62,Female,Jaipur,Sports,2,33283,20,149,5,53252.8,6543.75,3,1
SK103231,14-06-24,44,Female,Bengaluru,Grocery,1,27014,40,511,5,16208.4,2595.45,3,0
SK103232,04-12-24,47,Female,Chennai,Furniture,3,49891,20,507,5,119738.4,5613.83,2,1
SK103233,23-04-25,26,Male,Delhi,Beauty,1,9987,10,581,8,8988.3,640.07,2,0
SK103234,17-01-25,37,Female,Jaipur,Electronics,5,8510,40,587,8,25530,5190.14,2,1
SK103235,05-03-24,18,Male,Jaipur,Beauty,1,22016,40,78,3,13209.6,3399.03,1,1
SK103236,26-05-24,48,Female,Delhi,Sports,4,2861,10,70,9,10299.6,2976.84,2,0
SK103237,25-07-24,42,Male,Mumbai,Fashion,1,8083,20,368,6,6466.4,825.91,2,0
SK103238,06-01-25,65,Female,Bengaluru,Beauty,4,20845,25,517,10,62535,8398.34,5,1
SK103239,29-12-24,64,Male,Lucknow,Beauty,2,5604,10,329,3,10087.2,1290.77,1,0
SK103240,30-06-24,44,Male,Jaipur,Grocery,4,46899,30,556,10,131317.2,16018.26,4,1
SK103241,19-10-24,46,Male,Bengaluru,Grocery,2,35301,40,509,3,42361.2,3157.51,2,1
SK103242,31-01-25,33,Female,Hyderabad,Sports,1,20705,10,414,8,18634.5,1405.65,3,0
SK103243,02-10-24,29,Male,Lucknow,Furniture,1,30574,40,471,3,18344.4,2667.64,5,0
SK103244,22-04-25,65,Male,Jaipur,Beauty,1,6461,5,536,9,6137.95,-99.21,4,0
SK103245,04-05-25,27,Male,Pune,Grocery,2,2303,10,506,3,4145.4,-63.07,5,0
SK103246,27-05-25,22,Male,Lucknow,Beauty,2,32825,40,487,7,39390,2221.74,3,0
SK103247,02-10-24,34,Male,Lucknow,Grocery,4,8356,10,290,1,30081.6,5951.87,5,1
SK103248,08-12-24,34,Male,Lucknow,Grocery,5,6281,10,406,10,28264.5,1265.2,4,0
SK103249,25-04-25,29,Female,Bengaluru,Sports,4,15119,5,63,7,57452.2,6439.53,1,1
SK103250,09-06-25,61,Male,Jaipur,Beauty,2,42708,15,363,1,72603.6,17221.9,1,1
SK103251,27-03-24,60,Male,Mumbai,Furniture,5,35681,25,56,5,133803.75,9691.79,1,1
SK103252,18-03-25,51,Female,Pune,Sports,3,38222,30,379,4,80266.2,14415.29,5,1
SK103253,03-10-24,24,Female,Jaipur,Furniture,1,23119,20,245,10,18495.2,3177.4,3,1
SK103254,02-07-24,49,Male,Bengaluru,Grocery,4,16654,5,267,3,63285.2,5509.21,2,1
SK103255,12-02-25,39,Male,Bengaluru,Furniture,2,9592,20,369,9,15347.2,3063.28,5,1
SK103256,05-05-25,45,Male,Mumbai,Sports,1,31196,15,440,8,26516.6,3012.82,3,1
SK103257,03-10-24,63,Female,Bengaluru,Grocery,2,2786,40,537,6,3343.2,-124.9,4,0
SK103258,13-05-25,35,Male,Mumbai,Grocery,2,29072,5,476,1,55236.8,9561.6,5,1
SK103259,22-10-24,25,Female,Mumbai,Grocery,4,20250,20,185,8,64800,5194.97,4,1
SK103260,06-03-24,55,Male,Mumbai,Grocery,4,36318,40,323,10,87163.2,10700.27,4,1
SK103261,17-08-24,63,Male,Chennai,Fashion,2,8089,25,563,10,12133.5,2104.94,2,0
SK103262,07-05-25,42,Male,Bengaluru,Furniture,2,2133,10,445,5,3839.4,410.88,5,0
SK103263,10-04-25,22,Female,Delhi,Grocery,2,1445,15,195,5,2456.5,282.45,4,0
SK103264,31-01-24,61,Male,Delhi,Fashion,2,22366,0,229,3,44732,3026.89,1,1
SK103265,24-03-25,33,Female,Bengaluru,Fashion,2,25577,40,593,3,30692.4,2226.82,3,0
SK103266,09-01-24,45,Female,Delhi,Furniture,4,13541,25,82,10,40623,10114.68,3,1
SK103267,28-07-24,41,Male,Hyderabad,Beauty,4,2730,20,260,4,8736,251.74,1,0
SK103268,21-03-25,60,Female,Delhi,Electronics,4,23687,5,427,1,90010.6,25229.73,2,1
SK103269,08-03-25,24,Male,Pune,Electronics,4,8347,15,580,4,28379.8,4516.78,4,1
SK103270,26-03-24,35,Female,Hyderabad,Grocery,1,7435,15,77,3,6319.75,1081.73,2,0
SK103271,23-03-25,53,Female,Jaipur,Grocery,1,3117,25,76,8,2337.75,526.17,5,0
SK103272,18-05-24,39,Female,Jaipur,Fashion,1,31375,20,493,6,25100,5415.62,2,1
SK103273,03-02-24,63,Male,Pune,Grocery,2,39163,25,385,8,58744.5,2928.28,5,0
SK103274,24-06-24,60,Female,Delhi,Fashion,5,42502,5,214,4,201884.5,52215.42,2,1
SK103275,24-04-25,44,Female,Mumbai,Grocery,5,49588,10,597,2,223146,39847.68,4,1
SK103276,18-03-24,30,Female,Lucknow,Beauty,2,872,0,382,4,1744,128.12,4,0
SK103277,17-01-24,64,Male,Pune,Grocery,5,36766,0,298,4,183830,11753.93,2,1
SK103278,07-01-24,36,Female,Chennai,Grocery,1,14165,25,230,1,10623.75,2053.61,2,0
SK103279,22-05-24,55,Male,Lucknow,Sports,3,28945,0,161,5,86835,16982.91,3,1
SK103280,29-03-24,32,Female,Pune,Furniture,4,20915,10,155,10,75294,4893.85,5,1
SK103281,13-01-24,20,Male,Mumbai,Fashion,4,42850,5,382,4,162830,8698.07,1,1
SK103282,25-01-24,46,Female,Bengaluru,Electronics,3,48697,20,204,1,116872.8,7268.6,4,1
SK103283,23-03-25,64,Female,Pune,Grocery,3,48849,40,576,6,87928.2,19222.01,5,1
SK103284,15-02-24,34,Male,Hyderabad,Sports,2,19521,15,548,5,33185.7,2717.46,1,0
SK103285,03-01-24,49,Male,Pune,Sports,4,36097,5,438,2,137168.6,16852.02,2,1
SK103286,08-06-24,56,Male,Lucknow,Grocery,4,13613,0,396,2,54452,6440.49,1,1
SK103287,19-05-25,64,Female,Pune,Electronics,5,39488,20,96,6,157952,33197.38,1,1
SK103288,04-10-24,55,Female,Bengaluru,Beauty,5,17807,15,338,1,75679.75,19375.17,3,1
SK103289,12-11-24,43,Female,Pune,Fashion,5,44903,20,59,7,179612,27691.74,3,1
SK103290,04-06-24,46,Female,Jaipur,Furniture,2,5357,25,527,1,8035.5,355.94,2,0
SK103291,01-11-24,38,Male,Pune,Electronics,3,8725,30,242,4,18322.5,4437.55,5,1
SK103292,18-08-24,29,Female,Pune,Electronics,2,3895,15,382,6,6621.5,798.63,2,0
SK103293,03-06-24,20,Female,Bengaluru,Sports,4,44738,20,265,1,143161.6,13592.34,4,1
SK103294,25-10-24,41,Male,Pune,Electronics,4,32944,20,116,4,105420.8,31293.18,5,1
SK103295,21-04-25,54,Female,Chennai,Furniture,4,34720,25,88,7,104160,30954.7,5,1
SK103296,20-03-25,33,Male,Chennai,Fashion,3,33130,10,518,7,89451,23881.23,1,1
SK103297,09-12-24,42,Male,Delhi,Electronics,5,26154,40,537,8,78462,9851.34,2,1
SK103298,03-03-25,50,Male,Bengaluru,Sports,1,39217,15,111,8,33334.45,6617.21,4,1
SK103299,05-06-24,30,Male,Jaipur,Fashion,4,12825,5,504,1,48735,9515.11,1,1
SK103300,10-11-24,50,Male,Delhi,Beauty,3,27855,0,471,5,83565,18019.42,4,1
SK103301,13-05-24,37,Female,Chennai,Beauty,5,5652,5,508,6,26847,6023.51,2,1
SK103302,02-03-24,55,Male,Hyderabad,Grocery,4,25009,20,159,2,80028.8,5060.09,1,1
SK103303,08-04-24,56,Male,Delhi,Fashion,2,42527,15,517,4,72295.9,15883.16,5,1
SK103304,25-05-24,34,Male,Mumbai,Sports,1,14850,10,116,5,13365,2840.24,1,0
SK103305,19-01-24,42,Male,Jaipur,Grocery,3,48692,20,540,1,116860.8,22757.25,3,1
SK103306,03-06-25,41,Female,Pune,Fashion,5,30504,40,253,7,91512,8035.87,5,1
SK103307,11-08-24,53,Male,Jaipur,Sports,2,43209,20,513,9,69134.4,5435.95,4,1
SK103308,20-11-24,51,Male,Jaipur,Electronics,2,34932,5,314,5,66370.8,3859.31,1,1
SK103309,25-04-24,62,Female,Jaipur,Electronics,5,33270,25,258,1,124762.5,10294.17,1,1
SK103310,25-01-24,18,Male,Hyderabad,Electronics,2,38668,5,244,8,73469.2,5033.28,4,1
SK103311,11-12-24,61,Male,Pune,Electronics,4,36490,0,177,3,145960,37914.93,5,1
SK103312,21-02-25,55,Female,Chennai,Sports,2,6531,40,76,10,7837.2,1105.02,3,0
SK103313,16-03-24,23,Male,Mumbai,Grocery,4,37008,5,87,5,140630.4,34310.09,5,1
SK103314,20-03-25,65,Female,Lucknow,Fashion,5,30267,15,245,10,128634.75,35148.77,3,1
SK103315,26-05-25,62,Male,Bengaluru,Grocery,3,13064,15,441,2,33313.2,3441.93,5,1
SK103316,25-01-24,33,Male,Chennai,Beauty,5,33000,30,254,5,115500,9106.4,3,1
SK103317,07-01-24,32,Female,Bengaluru,Beauty,2,29877,25,69,6,44815.5,5691.87,2,1
SK103318,31-12-24,52,Male,Jaipur,Electronics,2,6483,5,276,10,12317.7,1113.15,4,0
SK103319,27-10-24,26,Female,Bengaluru,Sports,3,29423,30,141,5,61788.3,15557.82,1,1
SK103320,08-08-24,47,Male,Hyderabad,Electronics,1,36210,10,424,4,32589,6854.23,5,1
SK103321,21-05-25,51,Male,Pune,Furniture,5,27605,25,304,8,103518.75,24210.25,3,1
SK103322,30-03-25,60,Female,Jaipur,Fashion,4,40411,20,185,9,129315.2,28321.13,2,1
SK103323,19-07-24,24,Female,Lucknow,Electronics,3,4933,30,217,4,10359.3,2406.85,2,0
SK103324,16-12-24,34,Male,Delhi,Grocery,1,2461,40,485,6,1476.6,-386.62,1,0
SK103325,03-12-24,57,Female,Pune,Beauty,2,23762,20,349,3,38019.2,5790.11,4,1
SK103326,10-05-25,55,Female,Delhi,Grocery,3,7669,5,304,3,21856.65,2129.85,4,0
SK103327,01-03-24,28,Male,Mumbai,Grocery,5,45640,10,299,10,205380,13969.62,5,1
SK103328,02-04-24,54,Female,Mumbai,Furniture,3,20107,10,288,10,54288.9,15482.57,5,1
SK103329,01-04-25,29,Male,Lucknow,Fashion,5,25262,15,573,8,107363.5,9290.18,4,1
SK103330,17-02-25,21,Female,Delhi,Electronics,2,33076,5,281,7,62844.4,13238.27,2,1
SK103331,12-10-24,26,Female,Chennai,Electronics,5,17750,10,436,3,79875,19705.47,5,1
SK103332,02-03-24,29,Female,Pune,Sports,4,34999,25,498,4,104997,29642.57,3,1
SK103333,06-08-24,27,Female,Mumbai,Grocery,2,39162,40,479,5,46994.4,6260.35,5,1
SK103334,11-10-24,36,Male,Hyderabad,Furniture,2,24999,0,167,6,49998,6451.19,3,1
SK103335,01-02-24,47,Female,Lucknow,Sports,3,34441,10,265,1,92990.7,22409.14,2,1
SK103336,06-06-25,35,Female,Bengaluru,Sports,5,3735,10,351,3,16807.5,3238.66,5,1
SK103337,08-10-24,62,Female,Lucknow,Electronics,3,14638,10,378,10,39522.6,10398.07,5,1
SK103338,05-02-24,57,Male,Hyderabad,Fashion,3,16527,40,67,2,29748.6,5051.06,1,1
SK103339,30-01-24,51,Male,Delhi,Furniture,4,28804,40,214,4,69129.6,20215.42,2,1
SK103340,07-05-24,63,Male,Pune,Fashion,1,30310,30,266,2,21217,1538.73,5,0
SK103341,10-05-24,61,Male,Bengaluru,Furniture,5,20207,10,521,8,90931.5,14767.66,5,1
SK103342,19-02-24,29,Female,Delhi,Beauty,2,34986,5,289,8,66473.4,19397.7,3,1
SK103343,25-12-24,30,Female,Chennai,Beauty,2,48645,25,56,4,72967.5,18167.25,5,1
SK103344,16-03-24,28,Male,Bengaluru,Electronics,2,15677,10,376,6,28218.6,5334.1,5,1
SK103345,24-03-24,40,Female,Lucknow,Sports,4,36603,15,172,4,124450.2,16964.54,2,1
SK103346,02-11-24,58,Male,Lucknow,Electronics,4,12362,40,409,5,29668.8,4592.61,4,1
SK103347,28-11-24,41,Female,Bengaluru,Fashion,5,49696,10,562,4,223632,55269.15,2,1
SK103348,15-08-24,28,Male,Hyderabad,Grocery,2,48136,5,452,7,91458.4,25787.51,3,1
SK103349,24-05-24,18,Female,Chennai,Grocery,1,43761,15,259,1,37196.85,7330.03,2,1
SK103350,14-06-24,63,Female,Lucknow,Electronics,1,42290,5,475,10,40175.5,9382.56,5,1
SK103351,27-08-24,24,Female,Hyderabad,Electronics,1,16157,20,350,2,12925.6,3404.69,5,1
SK103352,22-06-24,20,Male,Chennai,Electronics,5,2759,30,259,4,9656.5,264.9,3,0
SK103353,08-05-24,54,Male,Bengaluru,Furniture,5,462,25,179,5,1732.5,137.81,4,0
SK103354,28-11-24,21,Female,Mumbai,Furniture,1,14048,20,334,9,11238.4,1699.89,5,0
SK103355,13-02-24,30,Female,Mumbai,Furniture,1,12150,20,532,10,9720,2377.22,1,0
SK103356,10-04-24,50,Male,Chennai,Fashion,4,31940,40,96,2,76656,12361.72,4,1
SK103357,07-05-24,59,Female,Pune,Furniture,4,29418,0,466,3,117672,5471.48,2,1
SK103358,16-10-24,24,Male,Mumbai,Grocery,1,12237,30,521,2,8565.9,1496.93,3,0
SK103359,02-02-24,46,Female,Mumbai,Beauty,5,49247,10,197,9,221611.5,32118.16,4,1
SK103360,23-01-25,56,Female,Pune,Beauty,1,24303,0,171,10,24303,6786.84,5,1
SK103361,31-05-24,41,Male,Lucknow,Grocery,1,14499,30,574,3,10149.3,2424.44,5,0
SK103362,11-06-24,54,Male,Chennai,Fashion,5,25868,20,203,6,103472,13614.21,4,1
SK103363,30-05-24,65,Male,Pune,Furniture,2,4616,30,289,5,6462.4,1453.69,3,0
SK103364,14-07-24,25,Female,Bengaluru,Furniture,3,28927,0,515,3,86781,9845.38,1,1
SK103365,15-02-24,33,Female,Pune,Electronics,5,20262,0,326,8,101310,11809.97,2,1
SK103366,20-09-24,44,Female,Chennai,Grocery,4,30190,15,131,4,102646,5855.33,1,1
SK103367,22-07-24,36,Male,Jaipur,Beauty,1,30125,40,384,7,18075,4697.21,1,1
SK103368,15-03-25,23,Female,Hyderabad,Beauty,1,23667,10,427,7,21300.3,2330.88,2,0
SK103369,17-11-24,40,Male,Pune,Electronics,3,42792,5,186,4,121957.2,22922.46,2,1
SK103370,23-01-24,39,Female,Chennai,Grocery,5,27491,30,183,2,96218.5,17674.3,3,1
SK103371,30-10-24,46,Male,Hyderabad,Electronics,5,49186,15,94,5,209040.5,41761,5,1
SK103372,30-09-24,64,Female,Chennai,Sports,3,17337,25,517,10,39008.25,7105.41,3,1
SK103373,27-03-25,63,Female,Hyderabad,Fashion,3,42361,20,361,2,101666.4,28330.47,5,1
SK103374,13-07-24,25,Female,Delhi,Fashion,5,36828,25,90,6,138105,16863.05,3,1
SK103375,19-10-24,40,Female,Mumbai,Fashion,5,17975,25,271,1,67406.25,3670.46,1,1
SK103376,07-01-24,57,Female,Chennai,Fashion,3,22126,20,434,7,53102.4,7342.23,3,1
SK103377,11-02-24,38,Female,Hyderabad,Furniture,1,44090,20,289,1,35272,9485.74,1,1
SK103378,27-05-25,65,Female,Chennai,Electronics,2,42620,5,56,4,80978,15963,3,1
SK103379,31-10-24,60,Female,Delhi,Electronics,2,46564,20,550,10,74502.4,14625.66,4,1
SK103380,10-01-25,37,Female,Lucknow,Grocery,5,45917,15,571,1,195147.25,37027.55,3,1
SK103381,29-04-25,41,Female,Mumbai,Beauty,3,27178,15,466,10,69303.9,5984.78,2,1
SK103382,24-05-24,30,Female,Mumbai,Furniture,5,21449,20,229,8,85796,15935.54,2,1
SK103383,19-08-24,60,Male,Bengaluru,Electronics,5,7804,30,139,6,27314,5365.58,1,1
SK103384,11-02-24,35,Female,Lucknow,Furniture,3,44304,15,83,4,112975.2,33376.29,2,1
SK103385,09-01-24,32,Female,Mumbai,Furniture,3,5095,20,314,6,12228,318.93,1,0
SK103386,17-03-24,64,Male,Hyderabad,Beauty,4,18840,15,152,6,64056,16986.3,1,1
SK103387,28-03-24,39,Female,Pune,Sports,5,5292,5,196,3,25137,4587.76,1,1
SK103388,02-04-25,23,Male,Delhi,Electronics,1,32940,5,441,10,31293,6640.32,5,1
SK103389,21-04-24,18,Male,Lucknow,Furniture,4,27830,20,527,2,89056,10229.88,3,1
SK103390,18-04-25,60,Female,Bengaluru,Sports,2,47331,15,459,4,80462.7,23196.02,4,1
SK103391,26-04-25,43,Male,Delhi,Fashion,5,42438,10,261,8,190971,41671.77,1,1
SK103392,03-07-24,41,Female,Bengaluru,Electronics,1,1340,20,113,9,1072,175.61,1,0
SK103393,06-07-24,40,Female,Chennai,Grocery,2,37264,40,267,7,44716.8,12325.3,4,1
SK103394,14-11-24,48,Male,Pune,Electronics,5,39419,0,148,1,197095,46993.95,1,1
SK103395,03-05-25,41,Male,Lucknow,Fashion,5,37992,40,130,10,113976,32462.82,2,1
SK103396,27-03-25,37,Male,Lucknow,Furniture,1,25926,10,516,2,23333.4,3437.4,3,1
SK103397,28-02-24,23,Male,Mumbai,Beauty,2,17226,10,326,8,31006.8,3071.92,5,1
SK103398,28-02-24,31,Male,Mumbai,Grocery,1,46066,5,240,2,43762.7,2431.12,2,0
SK103399,26-08-24,37,Male,Lucknow,Electronics,4,42882,15,530,2,145798.8,30756.39,4,1
SK103400,19-11-24,53,Male,Hyderabad,Sports,2,7915,20,319,10,12664,3257.79,2,1
SK103401,24-02-24,57,Female,Lucknow,Grocery,3,38822,25,345,10,87349.5,4338.72,4,1
SK103402,04-08-24,65,Male,Pune,Beauty,1,11599,15,275,5,9859.15,2466,3,0
SK103403,02-03-24,55,Male,Pune,Furniture,2,15712,10,347,8,28281.6,2188.47,5,0
SK103404,05-02-25,65,Female,Bengaluru,Grocery,2,22290,25,144,10,33435,1641.78,1,0
SK103405,22-06-24,35,Female,Hyderabad,Beauty,3,18509,15,487,4,47197.95,2319.33,3,0
SK103406,11-02-25,27,Male,Bengaluru,Sports,2,10209,30,140,2,14292.6,1544.54,1,0
SK103407,10-01-25,61,Female,Mumbai,Sports,4,11014,30,408,3,30839.2,2318.22,4,0
SK103408,10-08-24,32,Female,Chennai,Electronics,4,43523,40,79,3,104455.2,6001.35,1,1
SK103409,18-08-24,51,Female,Hyderabad,Sports,4,21253,0,413,2,85012,10376.51,4,1
SK103410,14-01-24,41,Male,Delhi,Furniture,2,30710,40,448,4,36852,2725.02,3,0
SK103411,10-05-24,52,Female,Jaipur,Sports,5,28429,20,497,1,113716,6443.56,4,1
SK103412,02-11-24,54,Female,Delhi,Beauty,1,29750,15,514,3,25287.5,4738.66,4,1
SK103413,01-01-24,20,Female,Pune,Electronics,3,9995,0,427,10,29985,2437.63,3,0
SK103414,08-05-25,32,Female,Chennai,Sports,5,20351,5,342,3,96667.25,19073.32,5,1
SK103415,22-04-25,22,Male,Lucknow,Sports,5,46474,10,212,4,209133,26355.77,4,1
SK103416,17-03-25,54,Female,Mumbai,Beauty,1,33384,10,299,1,30045.6,8129.44,3,1
SK103417,30-11-24,44,Female,Jaipur,Electronics,5,16648,15,504,2,70754,4468.97,5,1
SK103418,29-08-24,58,Male,Lucknow,Electronics,3,33227,15,431,8,84728.85,10087.22,1,1
SK103419,01-03-25,22,Male,Jaipur,Sports,3,13007,15,191,5,33167.85,6177.91,3,1
SK103420,30-06-24,53,Male,Chennai,Beauty,3,24482,0,501,7,73446,9928.36,5,1
SK103421,13-09-24,24,Male,Jaipur,Grocery,1,29538,15,491,3,25107.3,4153.11,4,1
SK103422,29-05-25,37,Female,Chennai,Fashion,3,19365,15,422,2,49380.75,12682,1,1
SK103423,25-01-24,65,Male,Jaipur,Furniture,5,45510,15,478,1,193417.5,23369.68,1,1
SK103424,04-03-24,26,Female,Lucknow,Fashion,4,35763,15,559,5,121594.2,20293.06,4,1
SK103425,15-10-24,65,Female,Mumbai,Grocery,5,46436,20,228,7,185744,52848.91,2,1
SK103426,14-03-24,63,Male,Delhi,Fashion,3,33975,30,412,9,71347.5,7130.63,5,1
SK103427,03-09-24,47,Male,Mumbai,Furniture,3,14130,10,195,9,38151,3743.46,5,1
SK103428,04-04-24,29,Male,Delhi,Beauty,2,3477,30,212,10,4867.8,1112.71,3,0
SK103429,07-11-24,49,Male,Pune,Grocery,2,35028,5,256,9,66553.2,19278.36,2,1
SK103430,16-06-25,65,Female,Jaipur,Fashion,4,29494,0,229,6,117976,24838.11,5,1
SK103431,26-10-24,57,Male,Chennai,Sports,5,40376,5,124,10,191786,42495.77,2,1
SK103432,15-02-24,45,Female,Hyderabad,Sports,5,33107,30,429,8,115874.5,6330.51,5,1
SK103433,24-07-24,55,Male,Chennai,Electronics,5,42687,30,427,8,149404.5,16710.57,5,1
SK103434,08-04-25,50,Female,Lucknow,Sports,4,44878,40,368,6,107707.2,11252.94,3,1
SK103435,28-02-25,59,Female,Bengaluru,Grocery,4,22678,5,152,10,86176.4,16584.57,2,1
SK103436,11-06-24,48,Female,Lucknow,Sports,5,31000,15,53,3,131750,30725.23,1,1
SK103437,24-02-24,27,Female,Delhi,Sports,2,24907,5,567,7,47323.3,10273.61,5,1
SK103438,31-01-25,43,Male,Hyderabad,Grocery,3,14515,15,537,6,37013.25,7791.66,1,1
SK103439,20-02-24,35,Male,Delhi,Fashion,5,3599,15,491,3,15295.75,2217.03,5,0
SK103440,11-08-24,19,Female,Chennai,Grocery,5,47427,15,227,2,201564.75,56745.91,5,1
SK103441,15-04-24,63,Female,Jaipur,Electronics,1,3719,15,149,6,3161.15,390.97,5,0
SK103442,09-03-24,39,Male,Jaipur,Sports,4,39162,15,92,10,133150.8,27794.93,5,1
SK103443,05-03-24,49,Male,Mumbai,Grocery,1,21377,20,70,3,17101.6,4616.04,2,1
SK103444,10-04-24,30,Male,Hyderabad,Furniture,3,11957,25,65,4,26903.25,6458.13,4,1
SK103445,15-04-24,29,Male,Hyderabad,Furniture,1,819,0,533,10,819,-442.78,1,0
SK103446,14-01-24,27,Female,Chennai,Sports,4,40401,25,271,3,121203,20701.54,5,1
SK103447,08-09-24,32,Female,Mumbai,Beauty,2,16465,25,399,10,24697.5,2458.05,1,0
SK103448,04-10-24,56,Female,Chennai,Fashion,5,41884,30,183,8,146594,8929.18,4,1
SK103449,02-05-25,36,Male,Mumbai,Fashion,4,34197,5,285,6,129948.6,25942.96,3,1
SK103450,24-04-24,24,Male,Chennai,Sports,1,38922,0,195,1,38922,8379.93,2,1
SK103451,27-03-25,19,Female,Jaipur,Fashion,2,49382,30,575,2,69134.8,3877.22,5,1
SK103452,03-05-24,47,Female,Mumbai,Beauty,2,46302,20,551,8,74083.2,20583.03,2,1
SK103453,13-03-24,40,Male,Pune,Electronics,4,27304,30,135,10,76451.2,12970.29,1,1
SK103454,22-01-24,48,Female,Pune,Furniture,3,39251,10,102,5,105977.7,21237.86,3,1
SK103455,15-11-24,18,Male,Delhi,Fashion,5,13517,15,592,4,57447.25,10018.56,4,1
SK103456,20-10-24,43,Male,Lucknow,Furniture,2,37373,5,431,8,71008.7,16081.56,3,1
SK103457,24-01-25,31,Male,Lucknow,Electronics,5,43224,30,245,4,151284,7354.72,2,1
SK103458,22-11-24,39,Male,Lucknow,Sports,1,45628,15,476,10,38783.8,1857.84,4,0
SK103459,27-04-24,49,Female,Bengaluru,Furniture,2,23736,15,90,10,40351.2,8150.38,3,1
SK103460,18-03-24,56,Female,Delhi,Sports,5,23946,10,288,5,107757,11802.17,2,1
SK103461,14-02-25,26,Male,Bengaluru,Fashion,2,7323,15,272,3,12449.1,1038.12,4,0
SK103462,04-01-25,21,Female,Lucknow,Fashion,2,36931,10,351,3,66475.8,16912.78,4,1
SK103463,12-11-24,52,Male,Pune,Electronics,1,1767,25,499,8,1325.25,-353.66,2,0
SK103464,25-05-24,23,Male,Delhi,Grocery,3,15245,15,231,3,38874.75,4738.94,5,1
SK103465,20-12-24,20,Male,Delhi,Fashion,1,46686,30,390,2,32680.2,4850.81,5,1
SK103466,20-10-24,19,Male,Chennai,Grocery,2,37961,40,192,10,45553.2,8881,2,1
SK103467,25-02-24,37,Male,Delhi,Electronics,4,37238,5,108,8,141504.4,25313.55,3,1
SK103468,22-01-24,37,Female,Pune,Fashion,5,336,25,341,5,1260,-155.53,2,0
SK103469,29-03-24,24,Female,Chennai,Electronics,4,23670,40,63,1,56808,14640.84,5,1
SK103470,03-07-24,50,Male,Pune,Electronics,4,31415,15,126,4,106811,26138.27,1,1
SK103471,15-01-24,36,Female,Bengaluru,Fashion,5,13614,0,236,3,68070,18349.83,1,1
SK103472,08-06-24,47,Male,Delhi,Beauty,5,13763,5,251,4,65374.25,17267.87,3,1
SK103473,22-01-24,25,Female,Pune,Sports,3,3788,20,114,9,9091.2,1311.58,3,0
SK103474,24-12-24,29,Female,Lucknow,Beauty,1,48845,30,539,10,34191.5,8055.47,5,1
SK103475,01-01-25,25,Male,Lucknow,Beauty,2,44654,15,167,10,75911.8,16102.72,4,1
SK103476,29-03-24,26,Male,Bengaluru,Grocery,2,30797,20,530,7,49275.2,2724.82,1,0
SK103477,17-09-24,24,Female,Pune,Furniture,1,17892,5,57,8,16997.4,3036.53,2,1
SK103478,30-08-24,45,Female,Lucknow,Furniture,5,2125,20,98,1,8500,1853.55,2,0
SK103479,15-11-24,42,Female,Bengaluru,Beauty,4,30689,15,412,2,104342.6,6854.11,3,1
SK103480,11-08-24,63,Male,Delhi,Fashion,5,34806,15,143,5,147925.5,26183.31,1,1
SK103481,09-01-25,39,Female,Bengaluru,Sports,1,42996,0,307,7,42996,8490.74,1,1
SK103482,29-09-24,58,Female,Delhi,Furniture,5,23330,15,155,3,99152.5,18187.98,1,1
SK103483,18-04-25,30,Female,Lucknow,Furniture,5,18426,10,180,9,82917,15563.24,2,1
SK103484,07-08-24,43,Female,Delhi,Furniture,2,30464,5,403,8,57881.6,12380.31,1,1
SK103485,08-02-24,57,Male,Delhi,Fashion,3,43702,5,72,8,124550.7,15503.6,4,1
SK103486,15-02-24,34,Female,Chennai,Electronics,4,34615,20,525,1,110768,13106.45,1,1
SK103487,06-04-24,57,Male,Pune,Fashion,4,6546,5,414,3,24874.8,1978.81,2,0
SK103488,29-08-24,53,Male,Mumbai,Furniture,3,8430,15,349,1,21496.5,739.07,5,0
SK103489,10-08-24,48,Female,Pune,Sports,2,37071,40,411,10,44485.2,10252.19,5,1
SK103490,29-08-24,49,Female,Delhi,Sports,4,40589,0,246,9,162356,30017.89,5,1
SK103491,20-11-24,21,Female,Bengaluru,Grocery,2,33239,5,509,4,63154.1,7243.57,2,1
SK103492,22-06-24,65,Male,Lucknow,Sports,5,38100,15,147,7,161925,12245.62,4,1
SK103493,11-05-25,31,Male,Mumbai,Furniture,5,39135,0,374,5,195675,55554.2,5,1
SK103494,02-04-24,49,Male,Pune,Grocery,4,22408,10,227,9,80668.8,11689.41,3,1
SK103495,08-10-24,27,Female,Bengaluru,Electronics,4,47608,0,86,3,190432,48316.55,5,1
SK103496,06-02-25,50,Female,Delhi,Electronics,2,42978,25,288,5,64467,12223.34,3,1
SK103497,13-09-24,48,Male,Delhi,Electronics,1,48304,5,143,9,45888.8,9989.12,2,1
SK103498,22-04-24,22,Male,Mumbai,Grocery,1,36156,30,198,6,25309.2,4727.99,1,1
SK103499,21-03-24,25,Male,Jaipur,Electronics,5,49887,0,463,5,249435,21040.88,1,1
SK103500,17-07-24,47,Male,Bengaluru,Sports,3,49817,15,188,2,127033.35,22085.63,3,1
SK103501,10-05-25,51,Female,Lucknow,Furniture,4,34513,0,70,8,138052,34616.13,5,1
SK103502,23-04-25,25,Female,Pune,Fashion,3,45244,20,357,4,108585.6,11779.21,3,1
SK103503,11-12-24,30,Male,Mumbai,Fashion,2,45130,30,227,8,63182,5813.2,5,1
SK103504,12-03-24,63,Female,Bengaluru,Furniture,5,33747,30,210,6,118114.5,21549.8,3,1
SK103505,30-04-24,24,Male,Bengaluru,Grocery,2,36552,0,585,10,73104,7181.35,1,1
SK103506,29-05-25,26,Male,Pune,Fashion,4,29104,15,208,4,98953.6,6769.44,3,1
SK103507,14-04-25,45,Male,Hyderabad,Beauty,5,3497,15,78,9,14862.25,1434.68,2,0
SK103508,21-03-25,37,Female,Hyderabad,Electronics,1,32533,30,264,7,22773.1,2635.77,1,0
SK103509,30-03-24,60,Female,Pune,Sports,4,34337,30,243,9,96143.6,18934.06,1,1
SK103510,17-01-24,55,Female,Delhi,Furniture,5,5627,10,229,7,25321.5,3856.16,4,1
SK103511,10-01-24,21,Male,Bengaluru,Fashion,3,31854,30,72,8,66893.4,6707.7,3,1
SK103512,11-08-24,33,Male,Bengaluru,Fashion,1,44501,0,402,4,44501,11604.12,4,1
SK103513,20-06-25,26,Female,Chennai,Furniture,3,38144,25,416,10,85824,5696.22,5,1
SK103514,28-08-24,53,Male,Lucknow,Electronics,3,39254,25,370,4,88321.5,19684.5,4,1
SK103515,04-04-24,65,Male,Bengaluru,Beauty,4,4032,40,103,9,9676.8,523.39,2,0
SK103516,02-01-25,24,Female,Hyderabad,Fashion,2,21697,20,287,2,34715.2,8552.32,1,1
SK103517,30-11-24,44,Female,Delhi,Grocery,3,41390,40,528,10,74502,13219.09,1,1
SK103518,13-02-24,47,Male,Hyderabad,Fashion,4,3377,30,353,3,9455.6,797.31,5,0
SK103519,12-07-24,35,Female,Bengaluru,Fashion,5,6698,15,422,3,28466.5,2806.52,5,0
SK103520,11-06-24,47,Male,Delhi,Electronics,4,18210,30,220,4,50988,12777.98,1,1
SK103521,10-04-25,21,Male,Bengaluru,Fashion,4,11105,15,309,3,37757,6898.06,3,1
SK103522,21-06-24,45,Female,Delhi,Sports,2,17877,0,524,5,35754,5106.09,5,1
SK103523,25-07-24,60,Male,Chennai,Sports,1,16886,15,73,1,14353.1,1911.69,5,0
SK103524,17-02-24,31,Male,Hyderabad,Grocery,3,17187,40,122,8,30936.6,4556.01,4,1
SK103525,02-02-25,53,Male,Jaipur,Electronics,3,43882,25,287,8,98734.5,21865.64,2,1
SK103526,27-04-24,37,Female,Chennai,Fashion,4,17119,30,221,9,47933.2,12675.76,2,1
SK103527,26-11-24,25,Male,Bengaluru,Beauty,5,32636,25,300,1,122385,22190.49,4,1
SK103528,18-01-24,37,Male,Pune,Beauty,1,25246,25,484,3,18934.5,2972.52,1,0
SK103529,03-05-24,32,Male,Jaipur,Fashion,4,45895,30,482,2,128506,23034.79,1,1
SK103530,11-02-25,26,Female,Pune,Grocery,5,5800,15,260,7,24650,1727.79,5,0
SK103531,11-03-25,55,Male,Mumbai,Beauty,3,305,30,315,5,640.5,-272.77,5,0
SK103532,21-04-24,41,Female,Delhi,Grocery,5,25711,5,146,6,122127.25,16185.76,1,1
SK103533,20-04-24,58,Female,Bengaluru,Electronics,1,49268,25,353,10,36951,8216.5,1,1
SK103534,15-05-25,21,Female,Jaipur,Grocery,1,29166,10,188,5,26249.4,4279.71,2,1
SK103535,02-06-24,32,Male,Hyderabad,Fashion,4,38933,40,461,4,93439.2,11750.18,3,1
SK103536,03-09-24,33,Male,Delhi,Beauty,4,28022,30,78,10,78461.6,19375.6,5,1
SK103537,05-03-25,40,Male,Chennai,Sports,5,2884,40,145,9,8652,2234.49,4,0
SK103538,23-03-25,48,Female,Jaipur,Grocery,3,2386,15,497,5,6084.3,1159.57,3,0
SK103539,19-11-24,32,Female,Chennai,Sports,1,48047,5,210,6,45644.65,9004.43,2,1
SK103540,12-02-25,25,Female,Lucknow,Beauty,1,28367,30,116,10,19856.9,2718.38,5,0
SK103541,03-12-24,24,Female,Delhi,Electronics,2,18203,40,547,7,21843.6,832.95,2,0
SK103542,02-05-25,45,Female,Delhi,Furniture,5,35532,15,580,8,151011,40273.91,5,1
SK103543,10-04-25,28,Male,Jaipur,Sports,1,18856,15,391,1,16027.6,883.12,5,0
SK103544,06-06-24,19,Male,Hyderabad,Beauty,2,25607,0,64,3,51214,10962.88,1,1
SK103545,04-04-24,62,Male,Chennai,Furniture,4,41145,40,575,9,98748,9083.62,1,1
SK103546,27-01-25,57,Female,Pune,Furniture,4,26475,15,220,1,90015,16246.31,1,1
SK103547,21-05-24,39,Male,Delhi,Fashion,1,30876,10,226,7,27788.4,5149.19,1,1
SK103548,16-02-25,20,Male,Delhi,Grocery,4,33437,10,126,10,120373.2,20237.23,5,1
SK103549,21-02-24,45,Male,Lucknow,Fashion,3,21155,10,218,8,57118.5,11391.46,4,1
SK103550,29-10-24,52,Male,Chennai,Fashion,5,4539,0,363,7,22695,2494.74,2,0
SK103551,05-09-24,48,Male,Jaipur,Electronics,1,38427,30,57,10,26898.9,6375.18,1,1
SK103552,15-09-24,38,Male,Chennai,Electronics,5,27345,40,86,3,82035,10937.56,2,1
SK103553,09-02-24,24,Female,Delhi,Sports,4,20207,40,104,9,48496.8,2358.54,5,0
SK103554,29-05-24,65,Female,Jaipur,Fashion,1,17270,15,455,3,14679.5,2732.19,4,0
SK103555,04-05-25,63,Female,Bengaluru,Furniture,5,19805,5,284,4,94073.75,8599.39,5,1
SK103556,02-01-25,56,Female,Pune,Beauty,3,35021,5,576,3,99809.85,17190.24,3,1
SK103557,02-02-25,55,Male,Chennai,Sports,4,23121,15,179,3,78611.4,16703.81,3,1
SK103558,16-05-25,36,Female,Jaipur,Grocery,1,27441,40,334,7,16464.6,3374.22,2,1
SK103559,02-04-25,48,Female,Chennai,Grocery,4,16851,40,162,2,40442.4,9678.64,3,1
SK103560,07-06-24,27,Female,Mumbai,Furniture,1,28300,5,252,7,26885,1927.39,4,0
SK103561,22-01-25,56,Male,Mumbai,Fashion,1,36315,30,70,5,25420.5,1297.23,3,0
SK103562,30-04-24,45,Male,Chennai,Grocery,5,42309,25,78,6,158658.75,34080,4,1
SK103563,16-03-24,59,Male,Pune,Grocery,4,41264,0,520,10,165056,46903.69,3,1
SK103564,17-03-24,42,Female,Chennai,Fashion,5,6983,20,359,1,27932,3657.14,3,1
SK103565,23-02-24,31,Male,Hyderabad,Beauty,1,18300,25,347,1,13725,3609.83,4,1
SK103566,09-07-24,47,Male,Mumbai,Furniture,5,42625,40,528,1,127875,17673.56,5,1
SK103567,14-01-24,65,Female,Mumbai,Grocery,5,23338,5,542,8,110855.5,21508.5,2,1
SK103568,21-03-25,65,Male,Lucknow,Grocery,1,43950,15,367,6,37357.5,9606.12,3,1
SK103569,15-05-24,42,Female,Jaipur,Sports,1,24200,20,562,2,19360,571.28,1,0
SK103570,05-11-24,59,Male,Bengaluru,Furniture,4,49860,30,487,9,139608,31058.76,1,1
SK103571,06-10-24,35,Female,Chennai,Beauty,2,25277,5,473,4,48026.3,5961.67,4,1
SK103572,10-04-24,63,Male,Bengaluru,Grocery,4,32239,5,214,2,122508.2,29859.26,1,1
SK103573,24-12-24,27,Female,Jaipur,Beauty,4,9927,0,364,3,39708,2368.61,5,0
SK103574,13-06-24,35,Female,Delhi,Beauty,5,37140,25,455,5,139275,18643.81,4,1
SK103575,22-06-25,53,Female,Jaipur,Furniture,3,48773,0,520,8,146319,19052,3,1
SK103576,14-11-24,50,Male,Jaipur,Beauty,1,46427,15,560,4,39462.95,7738.24,1,1
SK103577,01-08-24,40,Female,Bengaluru,Beauty,3,9419,20,314,4,22605.6,4188.26,5,1
SK103578,20-02-25,64,Female,Chennai,Beauty,2,35752,0,59,10,71504,6289.89,1,1
SK103579,09-04-24,27,Female,Jaipur,Electronics,2,21283,15,71,3,36181.1,9133.35,4,1
SK103580,10-02-25,27,Female,Chennai,Sports,1,24348,25,287,2,18261,3301.44,3,1
SK103581,22-11-24,43,Male,Lucknow,Beauty,4,48128,25,422,8,144384,14983,4,1
SK103582,08-10-24,44,Male,Pune,Grocery,4,39240,15,220,3,133416,10265,4,1
SK103583,31-08-24,46,Male,Lucknow,Grocery,2,1579,15,598,8,2684.3,-328.41,5,0
SK103584,19-06-24,52,Male,Delhi,Grocery,5,36642,5,345,7,174049.5,14245.93,3,1
SK103585,23-11-24,20,Female,Hyderabad,Grocery,1,46513,20,188,10,37210.4,9247.56,1,1
SK103586,29-01-25,32,Female,Jaipur,Beauty,5,20569,20,449,7,82276,11611.38,5,1
SK103587,31-03-25,43,Female,Bengaluru,Fashion,3,30117,20,372,2,72280.8,17966.14,2,1
SK103588,05-06-25,30,Female,Bengaluru,Electronics,2,46429,40,123,6,55714.8,2830.68,3,0
SK103589,16-06-24,55,Female,Hyderabad,Grocery,3,18763,30,305,6,39402.3,3780.9,3,1
SK103590,24-03-25,55,Female,Jaipur,Electronics,5,45590,30,99,6,159565,17181.25,5,1
SK103591,22-09-24,21,Female,Jaipur,Electronics,2,35888,40,82,6,43065.6,9759.97,1,1
SK103592,06-02-25,47,Female,Lucknow,Grocery,4,48951,10,562,4,176223.6,19492.35,5,1
SK103593,14-01-24,36,Female,Lucknow,Furniture,4,45763,25,250,1,137289,40801.76,1,1
SK103594,03-04-24,45,Male,Delhi,Fashion,1,36429,25,221,3,27321.75,4011.3,4,1
SK103595,06-03-24,54,Female,Pune,Sports,3,33761,15,349,8,86090.55,13717.58,2,1
SK103596,05-01-24,48,Female,Mumbai,Sports,5,18180,15,132,1,77265,18079.8,3,1
SK103597,21-07-24,64,Male,Lucknow,Electronics,3,4023,10,91,1,10862.1,557.18,3,0
SK103598,16-07-24,36,Male,Chennai,Grocery,4,9973,20,304,6,31913.6,4787.15,3,1
SK103599,07-01-25,30,Male,Jaipur,Fashion,3,26575,15,130,5,67766.25,14323.66,2,1
SK103600,06-04-25,19,Male,Lucknow,Electronics,5,20229,40,337,3,60687,10032.21,1,1
SK103601,09-04-25,51,Male,Pune,Sports,3,7703,40,516,7,13865.4,221.38,2,0
SK103602,01-02-25,49,Male,Chennai,Fashion,1,20286,15,529,3,17243.1,3337.4,3,1
SK103603,08-01-25,55,Female,Lucknow,Grocery,4,34145,25,151,2,102435,16671,4,1
SK103604,18-02-24,46,Male,Chennai,Furniture,1,49206,0,79,2,49206,12169.62,2,1
SK103605,28-08-24,42,Male,Delhi,Grocery,5,31841,25,263,1,119403.75,11784.65,3,1
SK103606,29-04-25,41,Male,Bengaluru,Sports,2,24935,15,314,7,42389.5,11500.92,4,1
SK103607,30-01-24,49,Female,Mumbai,Electronics,1,28912,25,58,9,21684,2874.87,2,0
SK103608,25-01-25,55,Female,Hyderabad,Electronics,2,8310,5,480,7,15789,1951.67,5,0
SK103609,31-01-24,18,Female,Mumbai,Grocery,5,3826,40,320,3,11478,718.79,1,0
SK103610,08-10-24,50,Male,Bengaluru,Fashion,5,14033,20,116,1,56132,12507,2,1
SK103611,26-12-24,64,Male,Mumbai,Furniture,1,10170,20,51,7,8136,2039.25,1,0
SK103612,12-03-25,42,Male,Chennai,Furniture,1,26965,0,530,3,26965,4217.01,2,1
SK103613,07-05-24,21,Female,Mumbai,Furniture,3,48292,5,546,10,137632.2,7035.68,3,1
SK103614,26-12-24,32,Female,Mumbai,Beauty,1,15247,20,184,7,12197.6,1133.54,1,0
SK103615,02-06-25,60,Female,Hyderabad,Fashion,1,44646,0,510,5,44646,10539.88,5,1
SK103616,23-01-25,44,Male,Pune,Beauty,1,43424,25,470,2,32568,1632.9,4,0
SK103617,15-06-24,18,Male,Delhi,Electronics,2,49785,15,380,1,84634.5,13475.91,1,1
SK103618,28-07-24,44,Male,Delhi,Beauty,5,19297,20,364,4,77188,4248.88,5,1
SK103619,15-04-25,25,Male,Delhi,Fashion,5,9261,15,480,10,39359.25,9167.67,4,1
SK103620,12-07-24,60,Female,Mumbai,Grocery,3,27772,20,304,1,66652.8,15753.9,5,1
SK103621,14-01-25,42,Male,Delhi,Sports,3,26664,15,477,9,67993.2,6959.92,5,1
SK103622,09-04-25,49,Female,Mumbai,Furniture,4,30009,10,249,10,108032.4,9371.21,3,1
SK103623,10-08-24,59,Male,Delhi,Furniture,1,31227,5,235,2,29665.65,3143.44,5,1
SK103624,14-02-25,52,Female,Delhi,Beauty,4,33315,40,344,1,79956,15789.51,4,1
SK103625,15-07-24,22,Male,Delhi,Fashion,5,6185,5,593,3,29378.75,7923.59,1,1
SK103626,16-02-24,37,Male,Jaipur,Electronics,1,5989,15,463,7,5090.65,50.05,2,0
SK103627,13-12-24,62,Male,Delhi,Furniture,4,38286,40,396,1,91886.4,19645,4,1
SK103628,12-06-24,30,Female,Jaipur,Sports,1,17245,40,325,7,10347,1478.76,2,0
SK103629,27-03-25,29,Male,Hyderabad,Furniture,5,38688,25,184,8,145080,33290.69,1,1
SK103630,30-09-24,33,Male,Jaipur,Grocery,5,12404,25,451,4,46515,4860.77,4,1
SK103631,16-04-24,53,Female,Lucknow,Sports,2,36333,0,80,2,72666,13263.39,4,1
SK103632,14-05-24,60,Male,Jaipur,Grocery,3,12421,15,489,2,31673.55,5147.21,4,1
SK103633,14-03-24,51,Female,Delhi,Grocery,2,38813,10,317,5,69863.4,7371.24,1,1
SK103634,17-04-25,38,Male,Delhi,Sports,3,15357,10,303,7,41463.9,9232.56,1,1
SK103635,10-02-25,22,Male,Chennai,Furniture,3,35278,10,112,2,95250.6,28147.69,5,1
SK103636,26-05-24,40,Male,Lucknow,Grocery,1,44128,10,247,6,39715.2,7211.51,4,1
SK103637,22-10-24,26,Male,Pune,Beauty,2,40245,40,328,10,48294,6683.1,3,1
SK103638,10-10-24,56,Female,Pune,Electronics,2,41325,25,301,2,61987.5,7815.91,4,1
SK103639,06-04-25,26,Male,Pune,Electronics,5,8135,5,475,1,38641.25,8198.22,5,1
SK103640,13-04-25,53,Male,Lucknow,Sports,3,40179,15,187,3,102456.45,13913.81,4,1
SK103641,15-08-24,34,Male,Jaipur,Beauty,1,31947,5,545,9,30349.65,6651.22,3,1
SK103642,07-03-25,61,Male,Chennai,Sports,4,43656,0,168,7,174624,51693.07,4,1
SK103643,17-03-24,18,Female,Bengaluru,Sports,5,19846,10,60,6,89307,7274.93,2,1
SK103644,08-04-25,56,Female,Hyderabad,Beauty,5,19494,30,134,6,68229,9106.73,2,1
SK103645,01-06-24,40,Female,Delhi,Furniture,2,25973,15,164,2,44154.1,5050.16,3,1
SK103646,28-04-25,38,Female,Hyderabad,Grocery,1,46093,10,530,2,41483.7,4772.91,4,1
SK103647,14-04-24,49,Male,Chennai,Beauty,4,45511,25,454,4,136533,10472.8,1,1
SK103648,17-08-24,23,Female,Delhi,Grocery,4,48057,15,66,5,163393.8,12375.57,2,1
SK103649,17-09-24,46,Male,Hyderabad,Grocery,4,25121,25,348,2,75363,10298.56,1,1
SK103650,15-07-24,60,Male,Pune,Sports,3,20115,5,481,8,57327.75,16041.99,3,1
SK103651,30-05-25,56,Female,Delhi,Sports,4,41568,20,347,2,133017.6,20649.04,1,1
SK103652,07-12-24,34,Female,Delhi,Fashion,2,5594,10,375,3,10069.2,2005.31,2,0
SK103653,05-01-25,40,Male,Mumbai,Furniture,3,40429,25,459,3,90965.25,26444.64,3,1
SK103654,04-10-24,38,Female,Pune,Beauty,5,31955,5,580,1,151786.25,8531.37,3,1
SK103655,08-04-25,49,Female,Bengaluru,Furniture,3,38127,30,475,2,80066.7,11547.19,1,1
SK103656,12-04-24,32,Female,Jaipur,Grocery,4,8706,30,527,5,24376.8,3517.92,5,1
SK103657,22-07-24,41,Female,Chennai,Fashion,1,46597,5,98,5,44267.15,10356.51,4,1
SK103658,23-04-24,36,Male,Lucknow,Grocery,4,45960,25,315,9,137880,37666.06,2,1
SK103659,27-11-24,34,Male,Pune,Sports,1,45647,5,469,9,43364.65,11542.15,5,1
SK103660,26-12-24,31,Female,Jaipur,Sports,1,4707,10,240,8,4236.3,751.64,2,0
SK103661,05-05-25,18,Male,Pune,Sports,5,14076,25,399,1,52785,2548.56,5,0
SK103662,21-09-24,44,Female,Bengaluru,Fashion,4,43619,30,541,3,122133.2,30829.07,4,1
SK103663,18-12-24,18,Male,Pune,Furniture,2,35880,10,441,8,64584,17125.88,2,1
SK103664,10-08-24,58,Male,Lucknow,Beauty,1,9802,40,298,2,5881.2,917.11,2,0
SK103665,16-09-24,42,Male,Bengaluru,Sports,3,13622,25,387,10,30649.5,4506.88,5,1
SK103666,10-04-25,43,Male,Jaipur,Furniture,1,7810,15,161,2,6638.5,849.77,4,0
SK103667,04-05-24,55,Female,Delhi,Furniture,1,6666,5,583,3,6332.7,860.66,3,0
SK103668,23-08-24,57,Male,Bengaluru,Sports,5,9651,30,400,10,33778.5,1708.37,2,0
SK103669,03-01-24,18,Female,Mumbai,Sports,2,12679,5,255,5,24090.1,6537.39,4,1
SK103670,31-12-24,37,Female,Jaipur,Sports,3,15983,5,132,8,45551.55,10040.83,5,1
SK103671,28-01-24,23,Female,Hyderabad,Sports,4,10560,15,480,10,35904,2491.71,1,0
SK103672,03-07-24,61,Male,Chennai,Electronics,3,26902,15,542,2,68600.1,18662.83,1,1
SK103673,29-01-24,53,Male,Jaipur,Beauty,3,44263,0,210,7,132789,24165.1,3,1
SK103674,21-03-25,20,Male,Jaipur,Fashion,1,19503,5,153,9,18527.85,3340.35,2,1
SK103675,18-04-25,29,Male,Hyderabad,Beauty,4,36762,15,324,3,124990.8,31444.25,1,1
SK103676,06-02-25,28,Male,Delhi,Fashion,2,19089,5,149,6,36269.1,9569.43,5,1
SK103677,15-02-25,62,Male,Chennai,Grocery,2,21699,30,176,1,30378.6,5123.59,2,1
SK103678,25-11-24,62,Male,Hyderabad,Sports,4,34656,30,366,3,97036.8,11037.2,1,1
SK103679,10-01-25,45,Male,Chennai,Electronics,4,10047,25,146,4,30141,3620.08,4,1
SK103680,20-01-25,61,Male,Lucknow,Sports,1,24323,30,308,2,17026.1,2563.53,4,0
SK103681,19-05-24,32,Male,Delhi,Beauty,1,22054,20,541,10,17643.2,2268.01,5,0
SK103682,02-10-24,20,Female,Delhi,Grocery,2,37141,40,256,4,44569.2,10097.76,4,1
SK103683,16-03-24,63,Female,Bengaluru,Electronics,2,8441,0,57,3,16882,3242.63,4,1
SK103684,13-03-24,52,Male,Chennai,Grocery,1,31287,25,100,9,23465.25,6733.23,2,1
SK103685,22-08-24,29,Male,Chennai,Sports,5,33995,15,301,4,144478.75,30806.04,2,1
SK103686,05-10-24,31,Female,Jaipur,Sports,3,8763,20,439,6,21031.2,1260.4,4,0
SK103687,07-09-24,20,Female,Delhi,Furniture,4,46301,15,572,2,157423.4,38787.64,4,1
SK103688,20-09-24,26,Male,Jaipur,Fashion,4,48027,30,127,7,134475.6,39539.45,4,1
SK103689,30-09-24,20,Male,Hyderabad,Beauty,1,1229,25,205,1,921.75,-73.39,1,0
SK103690,18-03-24,32,Female,Delhi,Sports,3,47326,10,397,6,127780.2,14141.59,3,1
SK103691,17-10-24,24,Male,Bengaluru,Sports,4,28706,0,245,7,114824,20912.58,2,1
SK103692,10-03-25,61,Female,Delhi,Furniture,4,14301,30,209,5,40042.8,5731.42,4,1
SK103693,06-10-24,31,Male,Hyderabad,Electronics,1,25255,25,165,3,18941.25,1132.55,5,0
SK103694,13-01-25,23,Male,Chennai,Electronics,4,35862,5,526,8,136275.6,15944.58,1,1
SK103695,13-06-25,24,Female,Chennai,Furniture,4,11105,15,144,2,37757,7593,1,1
SK103696,14-01-25,31,Male,Hyderabad,Electronics,1,38654,20,395,2,30923.2,3753.67,3,1
SK103697,10-05-24,57,Male,Mumbai,Electronics,2,25309,0,111,7,50618,10556.28,4,1
SK103698,16-04-24,43,Male,Chennai,Fashion,2,33166,0,416,10,66332,15190.72,2,1
SK103699,22-05-25,53,Male,Bengaluru,Fashion,3,28196,5,183,4,80358.6,10836.71,1,1
SK103700,13-10-24,22,Male,Mumbai,Beauty,4,47336,15,76,4,160942.4,46830.63,2,1
SK103701,10-06-24,49,Female,Pune,Beauty,1,36536,10,516,4,32882.4,4874.77,4,1
SK103702,05-02-24,44,Female,Hyderabad,Furniture,4,5160,40,81,7,12384,1940.93,1,0
SK103703,09-01-24,54,Male,Jaipur,Furniture,1,28312,15,244,3,24065.2,1931.84,1,0
SK103704,02-06-24,60,Male,Bengaluru,Beauty,1,30748,10,567,8,27673.2,2414.22,3,0
SK103705,18-07-24,63,Female,Bengaluru,Beauty,3,15465,40,131,4,27837,8131.79,1,1
SK103706,12-05-24,56,Male,Jaipur,Beauty,5,43741,0,97,10,218705,62541.45,1,1
SK103707,31-12-24,63,Male,Jaipur,Beauty,2,7568,25,74,5,11352,2059.14,5,0
SK103708,09-03-24,32,Female,Pune,Beauty,3,31819,0,584,5,95457,27621.34,1,1
SK103709,15-01-24,52,Female,Jaipur,Grocery,3,39502,15,387,3,100730.1,19345.75,3,1
SK103710,21-06-25,44,Female,Mumbai,Furniture,2,19757,40,568,8,23708.4,5029.26,5,1
SK103711,22-05-25,61,Male,Bengaluru,Furniture,1,48098,40,143,8,28858.8,1505.54,1,0
SK103712,28-12-24,42,Male,Jaipur,Beauty,4,43248,25,339,3,129744,12456,5,1
SK103713,18-04-24,32,Male,Jaipur,Electronics,3,37645,10,466,10,101641.5,25190.92,4,1
SK103714,14-05-25,38,Female,Mumbai,Fashion,5,13030,0,57,9,65150,9962.36,1,1
SK103715,03-01-25,50,Male,Delhi,Grocery,3,36951,10,130,7,99767.7,17998.19,4,1
SK103716,05-11-24,36,Female,Hyderabad,Furniture,4,48254,20,51,6,154412.8,30870.03,1,1
SK103717,24-03-25,63,Female,Jaipur,Fashion,2,37908,5,576,8,72025.2,16480.41,1,1
SK103718,21-03-24,47,Female,Chennai,Fashion,4,20187,25,141,6,60561,4187.55,3,1
SK103719,02-07-24,35,Female,Jaipur,Beauty,1,47792,15,471,6,40623.2,6628.98,2,1
SK103720,11-01-25,47,Male,Pune,Beauty,2,34073,10,312,4,61331.4,14237.54,5,1
SK103721,19-09-24,56,Male,Jaipur,Fashion,1,13752,0,472,4,13752,2304.25,4,0
SK103722,28-02-25,37,Female,Hyderabad,Beauty,2,21464,30,296,3,30049.6,7802.47,5,1
SK103723,30-04-25,43,Male,Chennai,Fashion,2,23008,30,100,3,32211.2,7671.23,1,1
SK103724,27-01-25,52,Female,Hyderabad,Furniture,3,14477,25,503,10,32573.25,7836.96,2,1
SK103725,23-07-24,32,Female,Bengaluru,Beauty,4,13284,25,110,4,39852,5629.17,1,1
SK103726,01-12-24,38,Male,Jaipur,Sports,2,49431,5,53,5,93918.9,6679.63,4,1
SK103727,10-10-24,44,Male,Lucknow,Sports,3,44817,0,378,9,134451,14006.81,2,1
SK103728,15-05-25,18,Male,Delhi,Beauty,1,4177,40,528,1,2506.2,167.46,3,0
SK103729,08-06-24,39,Male,Pune,Grocery,5,9622,40,588,5,28866,6149.02,1,1
SK103730,28-07-24,52,Male,Lucknow,Furniture,4,12615,20,552,2,40368,4586.38,5,1
SK103731,11-02-24,21,Female,Lucknow,Fashion,3,37887,25,322,2,85245.75,14006.41,1,1
SK103732,18-02-24,30,Female,Mumbai,Furniture,1,20667,5,450,6,19633.65,3034.41,5,1
SK103733,19-03-24,27,Female,Mumbai,Grocery,5,45867,5,52,7,217868.25,23648.36,1,1
SK103734,04-10-24,27,Male,Jaipur,Electronics,3,38755,15,199,4,98825.25,21194.23,2,1
SK103735,10-02-25,28,Female,Chennai,Sports,5,32211,30,481,7,112738.5,15069.65,2,1
SK103736,02-08-24,19,Female,Mumbai,Sports,3,33714,0,125,3,101142,17956.63,4,1
SK103737,14-12-24,27,Male,Delhi,Furniture,5,47579,20,84,8,190316,41822.25,5,1
SK103738,14-09-24,56,Male,Pune,Electronics,3,10693,10,253,5,28871.1,1431.4,5,0
SK103739,20-02-24,31,Male,Jaipur,Electronics,5,37282,30,260,5,130487,16637.44,1,1
SK103740,07-02-24,39,Female,Mumbai,Beauty,3,49219,15,441,4,125508.45,28326.99,1,1
SK103741,16-04-25,25,Female,Bengaluru,Grocery,2,469,30,124,4,656.6,-37.71,4,0
SK103742,10-05-24,22,Female,Lucknow,Grocery,2,16807,5,90,3,31933.3,2350.96,2,0
SK103743,03-09-24,33,Female,Pune,Sports,5,6712,15,156,2,28526,4190.56,3,1
SK103744,10-01-24,46,Male,Chennai,Sports,5,35406,20,84,9,141624,36867.38,5,1
SK103745,11-06-24,53,Female,Jaipur,Beauty,3,7435,15,459,8,18959.25,2730.65,1,0
SK103746,23-12-24,34,Male,Delhi,Beauty,2,47306,10,579,1,85150.8,9414.09,3,1
SK103747,27-05-24,36,Female,Bengaluru,Electronics,1,44091,15,315,5,37477.35,10435.77,4,1
SK103748,22-08-24,40,Female,Mumbai,Electronics,3,19411,20,578,8,46586.4,5715.51,5,1
SK103749,11-11-24,55,Male,Jaipur,Beauty,5,13619,15,399,1,57880.75,2501.67,2,0
SK103750,29-08-24,22,Male,Pune,Beauty,1,7026,15,551,7,5972.1,-131.24,4,0
SK103751,23-02-24,18,Male,Chennai,Beauty,5,46611,40,423,6,139833,24656.72,2,1
SK103752,17-10-24,61,Female,Mumbai,Furniture,1,11627,15,538,4,9882.95,2377.06,3,0
SK103753,11-06-24,32,Female,Pune,Grocery,4,41111,15,536,6,139777.4,10483.37,2,1
SK103754,09-05-25,39,Male,Hyderabad,Beauty,4,11129,25,497,2,33387,6268.1,5,1
SK103755,31-07-24,50,Male,Pune,Beauty,3,43567,20,120,4,104560.8,15706.43,3,1
SK103756,03-02-24,53,Female,Jaipur,Fashion,5,31497,5,244,7,149610.75,38477.29,2,1
SK103757,12-07-24,37,Male,Mumbai,Furniture,5,45736,0,432,5,228680,67375.3,5,1
SK103758,26-05-25,26,Female,Lucknow,Beauty,2,44269,30,54,2,61976.6,9669.28,3,1
SK103759,14-06-24,53,Female,Delhi,Beauty,5,28624,40,506,7,85872,7237.89,3,1
SK103760,22-07-24,26,Female,Hyderabad,Sports,3,6525,30,454,10,13702.5,2723.94,4,0
SK103761,25-05-25,33,Female,Lucknow,Grocery,2,42182,40,458,9,50618.4,13347.98,1,1
SK103762,19-06-24,48,Female,Delhi,Sports,3,31625,10,548,5,85387.5,5680.92,2,1
SK103763,28-09-24,26,Male,Pune,Electronics,4,20947,0,430,2,83788,14652.83,2,1
SK103764,04-09-24,32,Female,Lucknow,Electronics,3,47409,25,385,2,106670.25,7299.83,3,1
SK103765,15-03-25,28,Male,Mumbai,Electronics,3,1885,25,279,2,4241.25,200.23,4,0
SK103766,13-10-24,25,Male,Bengaluru,Electronics,2,39356,30,598,9,55098.4,15428.78,3,1
SK103767,20-06-24,42,Female,Mumbai,Beauty,2,11069,20,123,1,17710.4,4274.54,5,1
SK103768,14-02-24,31,Female,Pune,Sports,2,13299,10,288,3,23938.2,1060.57,4,0
SK103769,13-02-25,38,Female,Lucknow,Furniture,2,24284,20,313,10,38854.4,4335.22,2,1
SK103770,06-02-24,54,Female,Delhi,Furniture,3,40528,5,293,6,115504.8,10358.8,2,1
SK103771,27-10-24,45,Female,Jaipur,Furniture,5,11082,15,60,8,47098.5,3130.11,1,1
SK103772,27-03-25,43,Female,Mumbai,Sports,3,5974,10,296,6,16129.8,3582.03,3,1
SK103773,24-03-24,60,Male,Mumbai,Beauty,1,21980,40,469,7,13188,798.86,2,0
SK103774,21-07-24,64,Female,Delhi,Electronics,1,6862,15,412,7,5832.7,-6.49,2,0
SK103775,25-04-24,23,Female,Lucknow,Furniture,5,25222,10,146,4,113499,15420.64,3,1
SK103776,03-02-24,30,Female,Bengaluru,Furniture,3,19127,25,566,2,43035.75,11293.07,1,1
SK103777,16-03-24,50,Female,Jaipur,Furniture,2,3775,5,363,4,7172.5,312.37,2,0
SK103778,07-03-25,31,Female,Mumbai,Furniture,2,8201,25,167,3,12301.5,2480.19,3,0
SK103779,23-07-24,47,Female,Hyderabad,Sports,1,32996,40,461,9,19797.6,2906.29,4,0
SK103780,05-04-24,61,Male,Pune,Electronics,5,6439,0,88,2,32195,2566.32,5,0
SK103781,21-06-25,24,Female,Pune,Sports,3,46538,0,190,8,139614,29264.13,3,1
SK103782,26-08-24,47,Female,Lucknow,Electronics,5,38664,5,308,4,183654,22819.49,1,1
SK103783,14-09-24,19,Male,Mumbai,Furniture,1,29480,0,500,6,29480,7650.03,1,1
SK103784,31-08-24,18,Female,Hyderabad,Sports,1,35643,15,376,9,30296.55,3343.1,5,1
SK103785,16-05-24,48,Male,Pune,Sports,4,40437,15,253,10,137485.8,19944.29,5,1
SK103786,29-09-24,30,Female,Delhi,Beauty,5,10386,20,168,5,41544,7638.96,2,1
SK103787,04-03-24,19,Female,Mumbai,Grocery,5,17978,20,260,7,71912,15108.24,2,1
SK103788,22-05-24,61,Female,Lucknow,Furniture,5,26737,0,251,6,133685,38327.08,3,1
SK103789,19-09-24,27,Female,Mumbai,Sports,1,16426,20,423,1,13140.8,305.36,3,0
SK103790,28-01-25,21,Female,Bengaluru,Beauty,2,39796,25,174,6,59694,11823.43,4,1
SK103791,01-04-25,51,Female,Hyderabad,Furniture,4,26780,30,503,1,74984,15154.37,4,1
SK103792,17-02-25,30,Female,Lucknow,Grocery,5,1104,15,575,3,4692,-245.57,2,0
SK103793,04-11-24,23,Female,Chennai,Fashion,1,47703,10,308,8,42932.7,8918.05,4,1
SK103794,29-04-24,55,Female,Chennai,Fashion,4,32008,10,100,1,115228.8,23649.62,2,1
SK103795,20-11-24,37,Female,Pune,Grocery,3,27109,20,455,8,65061.6,17221.02,1,1
SK103796,02-07-24,57,Female,Bengaluru,Fashion,4,7777,25,132,8,23331,1046.25,5,0
SK103797,27-04-24,51,Male,Mumbai,Beauty,3,11354,25,359,2,25546.5,4292.97,1,1
SK103798,26-06-24,64,Male,Bengaluru,Sports,3,10515,15,410,7,26813.25,6833.71,1,1
SK103799,14-03-25,65,Female,Delhi,Electronics,4,47934,20,115,9,153388.8,34195.14,1,1
SK103800,08-06-24,25,Female,Pune,Electronics,3,743,0,580,8,2229,-19.67,5,0
SK103801,22-10-24,35,Male,Chennai,Fashion,1,43718,20,490,1,34974.4,3331.9,1,1
SK103802,11-04-25,40,Female,Delhi,Sports,5,45882,40,429,9,137646,21898.62,3,1
SK103803,01-12-24,53,Male,Chennai,Beauty,2,29919,30,335,8,41886.6,10438.04,3,1
SK103804,11-06-25,54,Male,Mumbai,Sports,4,38766,10,312,5,139557.6,9740.74,3,1
SK103805,03-05-25,61,Male,Delhi,Furniture,1,24459,15,60,6,20790.15,5868.31,4,1
SK103806,22-01-25,59,Male,Jaipur,Sports,2,13997,0,549,1,27994,6945.62,5,1
SK103807,21-01-25,43,Female,Chennai,Sports,2,44366,10,418,2,79858.8,9784.37,1,1
SK103808,26-08-24,34,Female,Pune,Grocery,2,15985,15,155,6,27174.5,7553.09,3,1
SK103809,24-07-24,62,Female,Jaipur,Beauty,1,30503,15,217,2,25927.55,1645.89,4,0
SK103810,19-04-24,29,Male,Delhi,Fashion,4,26715,5,89,10,101517,26088.6,4,1
SK103811,26-03-25,35,Female,Lucknow,Electronics,3,10343,15,196,10,26374.65,7223.37,4,1
SK103812,14-10-24,62,Male,Lucknow,Sports,3,18976,0,70,2,56928,7925.01,4,1
SK103813,01-09-24,44,Female,Pune,Fashion,2,7247,20,321,7,11595.2,2896.3,1,0
SK103814,01-03-24,23,Female,Bengaluru,Grocery,2,25436,20,106,2,40697.6,9782.99,3,1
SK103815,23-09-24,65,Male,Delhi,Beauty,4,2605,25,481,7,7815,61.67,3,0
SK103816,02-07-24,59,Male,Mumbai,Sports,3,22157,10,585,5,59823.9,8565.42,4,1
SK103817,17-04-25,42,Female,Delhi,Electronics,3,13924,0,318,8,41772,7298.07,1,1
SK103818,04-03-25,20,Male,Delhi,Sports,1,6808,15,58,2,5786.8,433.38,2,0
SK103819,15-03-24,34,Male,Lucknow,Beauty,3,23642,10,344,8,63833.4,17187.54,5,1
SK103820,30-04-25,25,Female,Hyderabad,Sports,4,44271,10,368,6,159375.6,47088.7,5,1
SK103821,19-02-24,54,Female,Chennai,Electronics,1,8421,15,341,1,7157.85,339.87,2,0
SK103822,28-09-24,57,Male,Chennai,Sports,1,16066,30,258,9,11246.2,2220.13,5,0
SK103823,26-08-24,55,Female,Delhi,Sports,2,15469,0,219,1,30938,7672.87,4,1
SK103824,23-05-25,28,Male,Bengaluru,Electronics,1,30630,30,390,5,21441,4323.64,3,1
SK103825,28-07-24,65,Female,Hyderabad,Sports,4,21159,25,586,7,63477,17511.31,3,1
SK103826,11-04-25,57,Male,Hyderabad,Sports,2,4468,15,421,6,7595.6,1758.01,2,0
SK103827,06-09-24,57,Male,Delhi,Electronics,3,40897,10,119,5,110421.9,25611.27,3,1
SK103828,26-05-24,25,Female,Lucknow,Electronics,1,44609,20,101,7,35687.2,5376.62,2,1
SK103829,31-10-24,55,Female,Lucknow,Grocery,1,48366,15,64,1,41111.1,10224.75,2,1
SK103830,23-06-24,28,Male,Chennai,Furniture,3,40850,10,588,6,110295,7636.54,1,1
SK103831,17-01-25,22,Female,Chennai,Furniture,1,47332,0,503,3,47332,11777.97,4,1
SK103832,14-02-24,22,Female,Jaipur,Sports,2,7346,5,212,8,13957.4,1476.98,1,0
SK103833,04-05-24,48,Male,Lucknow,Electronics,1,8294,10,219,6,7464.6,176.71,3,0
SK103834,21-12-24,40,Female,Pune,Sports,1,18707,40,297,1,11224.2,2954.45,5,0
SK103835,08-08-24,43,Male,Bengaluru,Furniture,2,46151,5,372,5,87686.9,15269.39,2,1
SK103836,28-04-25,21,Male,Hyderabad,Beauty,5,2025,40,471,1,6075,-118.3,1,0
SK103837,18-03-25,20,Female,Hyderabad,Electronics,3,3190,20,437,2,7656,860.79,4,0
SK103838,16-05-25,30,Male,Bengaluru,Fashion,3,27987,25,392,8,62970.75,6133.69,1,1
SK103839,28-01-25,41,Male,Mumbai,Sports,5,23954,30,320,5,83839,14498.08,3,1
SK103840,15-05-24,27,Female,Hyderabad,Grocery,2,13137,5,55,8,24960.3,3493.3,3,1
SK103841,03-03-24,21,Male,Bengaluru,Sports,4,37151,25,98,7,111453,22763.27,4,1
SK103842,16-03-24,44,Female,Jaipur,Electronics,5,27926,10,198,7,125667,35854.52,1,1
SK103843,14-09-24,45,Male,Pune,Fashion,5,7182,20,187,10,28728,2434.47,5,0
SK103844,28-01-25,26,Female,Mumbai,Furniture,1,34137,30,197,1,23895.9,1347.4,5,0
SK103845,14-02-25,49,Male,Jaipur,Beauty,4,11950,20,526,4,38240,7000.17,1,1
SK103846,17-05-24,54,Female,Chennai,Beauty,3,35642,5,345,1,101579.7,15060.22,3,1
SK103847,14-03-24,43,Male,Bengaluru,Electronics,2,21818,0,407,5,43636,6203.42,1,1
SK103848,02-03-25,37,Male,Mumbai,Grocery,3,42697,30,292,7,89663.7,15640.24,1,1
SK103849,15-08-24,39,Male,Jaipur,Fashion,5,26653,40,403,9,79959,13025.15,1,1
SK103850,11-04-24,45,Female,Mumbai,Sports,3,15284,5,198,2,43559.4,4949.7,1,1
SK103851,13-02-24,37,Male,Pune,Sports,4,17418,15,462,4,59221.2,5983.01,4,1
SK103852,11-09-24,18,Male,Bengaluru,Furniture,2,4607,5,574,8,8753.3,950.24,4,0
SK103853,01-06-25,51,Male,Pune,Beauty,2,28020,25,275,2,42030,3394.54,3,1
SK103854,18-11-24,39,Female,Bengaluru,Grocery,1,36936,10,132,3,33242.4,5109.82,5,1
SK103855,31-05-25,20,Female,Pune,Furniture,2,15953,0,580,10,31906,3960.76,5,1
SK103856,27-04-24,52,Male,Lucknow,Electronics,2,27754,0,82,9,55508,3283.4,5,1
SK103857,24-06-24,57,Male,Jaipur,Electronics,4,7185,15,57,7,24429,5641.98,4,1
SK103858,21-01-25,30,Female,Lucknow,Furniture,1,23245,10,361,5,20920.5,1559.61,3,0
SK103859,15-04-24,57,Male,Pune,Grocery,2,39515,10,291,7,71127,11363.69,2,1
SK103860,03-12-24,45,Male,Mumbai,Fashion,2,10434,40,125,2,12520.8,3090.39,4,1
SK103861,18-03-25,22,Male,Bengaluru,Grocery,2,40101,30,472,2,56141.4,5641.97,5,1
SK103862,15-02-25,28,Female,Mumbai,Electronics,5,40981,30,512,6,143433.5,22794.18,4,1
SK103863,04-06-24,45,Male,Bengaluru,Electronics,4,10433,5,508,2,39645.4,5329.43,5,1
SK103864,29-07-24,26,Female,Bengaluru,Grocery,2,35072,0,457,6,70144,10817.99,3,1
SK103865,06-06-25,50,Female,Mumbai,Electronics,5,18315,0,178,6,91575,18623.21,2,1
SK103866,28-03-24,40,Male,Bengaluru,Grocery,4,29949,20,466,9,95836.8,15376.87,1,1
SK103867,27-04-24,35,Female,Bengaluru,Furniture,3,18003,40,112,5,32405.4,3418.17,4,1
SK103868,17-11-24,31,Male,Hyderabad,Electronics,3,24131,30,168,5,50675.1,10308.17,2,1
SK103869,04-02-25,51,Female,Lucknow,Electronics,2,35152,30,135,3,49212.8,9014.37,2,1
SK103870,12-02-24,63,Female,Mumbai,Beauty,2,19881,30,468,5,27833.4,7409.83,1,1
SK103871,24-04-24,54,Female,Jaipur,Furniture,5,38002,5,383,5,180509.5,50492.12,4,1
SK103872,12-10-24,44,Female,Lucknow,Sports,5,5192,15,409,9,22066,3329.8,2,1
SK103873,31-05-25,65,Male,Delhi,Grocery,5,32434,10,244,7,145953,10070.66,3,1
SK103874,15-05-25,49,Male,Mumbai,Electronics,5,21970,5,409,10,104357.5,11604.4,5,1
SK103875,10-02-25,35,Male,Mumbai,Sports,1,24066,20,572,9,19252.8,4998.55,3,1
SK103876,31-10-24,60,Female,Chennai,Fashion,4,1508,15,147,1,5127.2,1008.85,5,0
SK103877,22-05-25,46,Female,Mumbai,Sports,5,33883,25,259,7,127061.25,12447.65,3,1
SK103878,26-03-24,33,Female,Chennai,Fashion,2,325,5,82,10,617.5,40.1,2,0
SK103879,08-08-24,51,Male,Chennai,Grocery,1,43602,5,100,9,41421.9,6381.5,4,1
SK103880,05-03-25,27,Male,Mumbai,Sports,1,2539,15,508,7,2158.15,38.94,5,0
SK103881,24-09-24,31,Male,Bengaluru,Electronics,5,28638,0,236,9,143190,13948.82,4,1
SK103882,15-03-25,34,Male,Mumbai,Beauty,1,18860,40,216,2,11316,1993.94,1,0
SK103883,06-06-25,59,Male,Jaipur,Electronics,3,44107,10,297,7,119088.9,21607.68,2,1
SK103884,17-11-24,25,Male,Bengaluru,Beauty,1,4358,20,313,10,3486.4,640.61,5,0
SK103885,08-05-25,30,Female,Mumbai,Electronics,5,24815,5,464,9,117871.25,23642.86,1,1
SK103886,06-09-24,26,Male,Hyderabad,Beauty,5,9938,20,538,4,39752,2420.87,4,0
SK103887,20-01-24,43,Female,Mumbai,Fashion,1,23351,20,437,3,18680.8,3512.49,3,1
SK103888,11-03-25,59,Female,Pune,Electronics,4,24564,25,475,9,73692,8775.72,5,1
SK103889,18-01-25,57,Male,Mumbai,Fashion,3,20631,0,405,4,61893,14396.47,3,1
SK103890,13-02-25,64,Female,Mumbai,Sports,5,10901,20,351,9,43604,11924.05,2,1
SK103891,05-12-24,23,Female,Lucknow,Fashion,2,14873,25,91,2,22309.5,2026.85,4,0
SK103892,15-04-25,53,Male,Jaipur,Electronics,1,5254,5,379,6,4991.3,49.14,4,0
SK103893,26-03-25,52,Female,Mumbai,Fashion,5,14291,15,172,8,60736.75,6402.05,1,1
SK103894,29-01-24,35,Male,Chennai,Sports,2,1813,30,325,6,2538.2,4.33,4,0
SK103895,25-01-24,28,Female,Lucknow,Grocery,4,8093,20,58,6,25897.6,7158.64,1,1
SK103896,30-09-24,39,Female,Hyderabad,Sports,5,45246,25,488,1,169672.5,27943.34,2,1
SK103897,28-04-25,43,Male,Lucknow,Furniture,1,36405,20,472,8,29124,1366.72,4,0
SK103898,05-03-24,61,Female,Delhi,Sports,4,26873,0,354,5,107492,25599.35,3,1
SK103899,30-09-24,55,Male,Hyderabad,Fashion,5,45407,25,563,9,170276.25,41504.64,4,1
SK103900,01-03-24,50,Female,Hyderabad,Sports,2,1589,0,253,8,3178,591.94,2,0
SK103901,19-04-24,29,Male,Hyderabad,Furniture,1,35786,5,536,8,33996.7,3259.1,3,1
SK103902,24-03-24,36,Female,Chennai,Electronics,4,14395,40,321,4,34548,9844.42,2,1
SK103903,12-03-24,29,Female,Pune,Beauty,1,21077,15,585,1,17915.45,1852.7,4,0
SK103904,26-10-24,34,Male,Bengaluru,Beauty,5,27776,0,232,9,138880,27331.14,1,1
SK103905,09-07-24,47,Female,Lucknow,Fashion,2,38060,15,384,10,64702,15991.19,1,1
SK103906,07-01-24,25,Male,Pune,Furniture,4,47959,10,513,9,172652.4,8426.27,5,1
SK103907,25-12-24,35,Male,Hyderabad,Electronics,2,10274,25,490,7,15411,2368.92,2,0
SK103908,06-06-25,65,Male,Hyderabad,Grocery,4,39319,25,590,6,117957,20015,2,1
SK103909,13-06-24,30,Male,Hyderabad,Grocery,2,2429,40,219,2,2914.8,561.96,1,0
SK103910,23-01-24,40,Male,Mumbai,Electronics,4,49149,15,205,7,167106.6,41378.38,5,1
SK103911,31-03-24,27,Female,Delhi,Furniture,1,41692,40,556,3,25015.2,5979.63,1,1
SK103912,12-12-24,47,Female,Bengaluru,Electronics,4,2182,15,473,10,7418.8,1262.06,5,0
SK103913,22-06-24,23,Female,Mumbai,Furniture,2,19235,15,537,10,32699.5,6664.69,2,1
SK103914,01-02-24,61,Female,Delhi,Beauty,5,17145,15,119,5,72866.25,13057.83,2,1
SK103915,22-05-24,50,Female,Mumbai,Grocery,5,22226,5,476,2,105573.5,23338.4,3,1
SK103916,03-03-25,38,Male,Hyderabad,Grocery,3,30977,20,290,2,74344.8,12793.18,5,1
SK103917,13-02-25,59,Male,Hyderabad,Fashion,5,9039,0,262,8,45195,8232.89,2,1
SK103918,26-06-24,61,Female,Pune,Electronics,2,41081,5,537,2,78053.9,15513.71,5,1
SK103919,30-03-25,41,Female,Hyderabad,Sports,2,38046,10,549,8,68482.8,16840.69,3,1
SK103920,30-04-25,39,Male,Jaipur,Beauty,4,45192,25,398,4,135576,31233.9,5,1
SK103921,14-10-24,21,Male,Pune,Furniture,3,2444,20,115,5,5865.6,1448.83,3,0
SK103922,16-02-24,56,Male,Mumbai,Beauty,1,34232,0,592,7,34232,3680.39,3,1
SK103923,11-02-24,59,Male,Lucknow,Fashion,1,41531,10,118,9,37377.9,7571.25,1,1
SK103924,26-06-24,51,Female,Bengaluru,Beauty,1,18948,30,162,1,13263.6,3433.8,5,1
SK103925,14-05-25,49,Female,Chennai,Grocery,1,28874,0,263,9,28874,3580.59,5,1
SK103926,08-08-24,50,Male,Jaipur,Sports,4,32999,5,66,7,125396.2,21608.67,1,1
SK103927,22-06-25,60,Female,Pune,Beauty,4,28236,5,51,6,107296.8,15306.8,3,1
SK103928,30-01-25,31,Male,Bengaluru,Beauty,5,48610,15,235,10,206592.5,14498.66,3,1
SK103929,03-05-24,45,Male,Chennai,Beauty,1,2822,40,212,10,1693.2,-121.07,3,0
SK103930,11-02-24,28,Female,Bengaluru,Electronics,5,43954,30,353,5,153839,37127.09,1,1
SK103931,01-06-24,38,Male,Pune,Sports,4,45817,10,528,6,164941.2,16918.6,2,1
SK103932,08-12-24,48,Female,Mumbai,Furniture,2,20664,5,78,3,39261.6,7668.63,3,1
SK103933,02-04-24,60,Female,Jaipur,Sports,5,44361,15,222,1,188534.25,40592.16,1,1
SK103934,31-12-24,35,Female,Lucknow,Fashion,4,21146,0,412,4,84584,14255.16,2,1
SK103935,26-01-24,52,Male,Hyderabad,Beauty,2,23606,5,223,10,44851.4,6847.35,3,1
SK103936,10-07-24,23,Female,Lucknow,Grocery,4,48585,5,361,2,184623,15677.68,4,1
SK103937,13-03-25,30,Male,Lucknow,Grocery,2,46831,30,334,7,65563.4,6291.91,5,1
SK103938,20-03-24,31,Male,Pune,Beauty,5,32657,40,318,8,97971,16679.94,2,1
SK103939,11-10-24,39,Male,Bengaluru,Furniture,3,49101,20,373,9,117842.4,17032.07,5,1
SK103940,04-03-24,24,Female,Hyderabad,Furniture,3,27234,25,426,2,61276.5,3250.74,2,1
SK103941,29-04-24,18,Male,Jaipur,Sports,5,2626,5,64,5,12473.5,2480.08,2,0
SK103942,04-06-25,65,Female,Bengaluru,Furniture,2,43822,25,273,10,65733,11643.41,2,1
SK103943,13-01-25,56,Male,Bengaluru,Beauty,3,2593,40,443,4,4667.4,-137.65,3,0
SK103944,16-03-24,47,Male,Mumbai,Electronics,5,7868,10,343,2,35406,9782.23,2,1
SK103945,25-09-24,26,Male,Mumbai,Beauty,4,7802,40,130,7,18724.8,2750.71,3,0
SK103946,09-06-24,44,Female,Hyderabad,Sports,3,11628,30,110,6,24418.8,7135.99,5,1
SK103947,11-02-24,57,Female,Hyderabad,Grocery,1,7625,40,231,7,4575,843.01,3,0
SK103948,13-12-24,44,Male,Hyderabad,Furniture,4,8786,15,136,1,29872.4,5756.55,5,1
SK103949,10-08-24,63,Male,Delhi,Beauty,3,8104,40,469,10,14587.2,984.2,3,0
SK103950,23-10-24,26,Female,Hyderabad,Electronics,1,3344,20,170,10,2675.2,54.78,3,0
SK103951,14-05-25,24,Female,Hyderabad,Electronics,3,3158,20,422,7,7579.2,605.41,2,0
SK103952,01-03-24,27,Female,Mumbai,Sports,5,46680,10,572,1,210060,54790.37,4,1
SK103953,06-04-25,58,Male,Pune,Sports,3,27898,20,481,1,66955.2,7775.89,1,1
SK103954,01-04-24,23,Female,Delhi,Beauty,1,13250,15,150,10,11262.5,547.95,3,0
SK103955,13-02-24,46,Female,Pune,Beauty,2,37409,40,407,5,44890.8,5681.88,5,1
SK103956,05-01-25,49,Female,Chennai,Fashion,3,28908,20,255,3,69379.2,15856.81,1,1
SK103957,26-07-24,37,Male,Chennai,Sports,5,26168,20,401,2,104672,14779.31,4,1
SK103958,28-10-24,25,Female,Jaipur,Furniture,2,22197,20,283,3,35515.2,8823.27,3,1
SK103959,27-03-25,49,Male,Hyderabad,Fashion,2,17713,5,271,6,33654.7,1570.17,3,0
SK103960,19-11-24,43,Male,Hyderabad,Fashion,1,15280,20,519,2,12224,923.25,5,0
SK103961,03-12-24,41,Male,Jaipur,Furniture,2,29015,0,533,2,58030,11915.65,2,1
SK103962,13-05-25,46,Female,Hyderabad,Sports,4,7316,20,493,6,23411.2,1110.99,2,0
SK103963,05-07-24,26,Male,Delhi,Sports,3,32011,40,501,6,57619.8,10738.37,4,1
SK103964,12-02-24,49,Female,Hyderabad,Furniture,5,42391,40,211,6,127173,19630.97,2,1
SK103965,17-11-24,41,Female,Mumbai,Fashion,5,45658,40,488,7,136974,35750.6,2,1
SK103966,20-03-24,60,Female,Bengaluru,Fashion,1,14300,15,73,6,12155,1204.58,1,0
SK103967,31-01-24,36,Female,Jaipur,Beauty,2,22086,25,109,8,33129,2609.59,2,0
SK103968,25-12-24,27,Male,Bengaluru,Beauty,4,46798,15,105,8,159113.2,35836.56,2,1
SK103969,17-07-24,60,Male,Delhi,Grocery,1,17743,5,255,5,16855.85,3007.73,3,1
SK103970,16-01-24,62,Male,Hyderabad,Grocery,5,48795,30,154,1,170782.5,26601.75,3,1
SK103971,21-05-24,41,Male,Bengaluru,Electronics,1,20282,5,355,9,19267.9,2786.18,1,0
SK103972,30-09-24,42,Male,Chennai,Grocery,4,21067,10,541,3,75841.2,7034.74,2,1
SK103973,15-01-24,34,Male,Pune,Fashion,3,1050,10,524,3,2835,-27.37,5,0
SK103974,13-02-24,29,Male,Lucknow,Electronics,4,36544,0,458,1,146176,17930.04,3,1
SK103975,28-12-24,60,Male,Bengaluru,Sports,5,925,30,578,7,3237.5,-91.81,1,0
SK103976,21-12-24,42,Female,Jaipur,Grocery,4,18836,30,107,6,52740.8,12967.99,2,1
SK103977,08-03-24,54,Male,Delhi,Beauty,5,29772,5,217,8,141417,23951.61,4,1
SK103978,11-12-24,46,Female,Lucknow,Beauty,2,11938,0,86,6,23876,3147.12,3,1
SK103979,26-05-24,41,Female,Delhi,Electronics,1,15110,40,104,10,9066,1647.94,5,0
SK103980,04-09-24,33,Female,Jaipur,Furniture,3,17028,0,439,6,51084,5557.63,5,1
SK103981,18-04-24,46,Male,Pune,Sports,5,48811,10,79,10,219649.5,45783.68,2,1
SK103982,05-04-24,53,Male,Delhi,Sports,3,8903,25,263,7,20031.75,4513.16,4,1
SK103983,23-02-24,54,Male,Bengaluru,Fashion,1,47631,40,214,5,28578.6,4757.24,1,1
SK103984,04-09-24,29,Male,Hyderabad,Sports,1,12779,5,179,10,12140.05,1637.03,1,0
SK103985,21-10-24,24,Male,Mumbai,Furniture,4,31996,20,171,4,102387.2,21516.13,4,1
SK103986,04-04-24,31,Male,Bengaluru,Fashion,5,14645,15,433,9,62241.25,7339.8,1,1
SK103987,26-09-24,41,Female,Bengaluru,Fashion,4,2759,0,599,8,11036,1657.25,1,0
SK103988,21-01-24,64,Male,Delhi,Fashion,3,7257,20,69,7,17416.8,1509.91,1,0
SK103989,28-08-24,31,Male,Chennai,Electronics,3,33321,15,568,7,84968.55,6823.79,5,1
SK103990,27-03-24,40,Female,Mumbai,Sports,2,10821,20,344,6,17313.6,3505.97,4,1
SK103991,11-09-24,59,Male,Jaipur,Beauty,5,42430,5,571,5,201542.5,15690.05,3,1
SK103992,27-10-24,49,Male,Lucknow,Fashion,3,4352,25,544,8,9792,1642.76,3,0
SK103993,24-08-24,44,Female,Hyderabad,Electronics,4,16644,40,377,4,39945.6,9040.86,1,1
SK103994,17-09-24,46,Male,Chennai,Grocery,3,34019,40,353,6,61234.2,2783.86,2,0
SK103995,18-08-24,56,Male,Jaipur,Fashion,2,4777,25,205,2,7165.5,1835.88,5,0
SK103996,22-11-24,23,Female,Pune,Furniture,5,42589,15,83,7,181003.25,53583.96,1,1
SK103997,05-02-24,61,Female,Chennai,Beauty,4,12296,10,361,8,44265.6,8650.05,5,1
SK103998,02-01-24,57,Female,Chennai,Grocery,5,13848,25,456,9,51930,9517.08,1,1
SK103999,07-02-24,64,Female,Lucknow,Electronics,2,13813,10,317,3,24863.4,1221.33,3,0
SK104000,18-03-25,55,Male,Pune,Beauty,5,22253,30,400,10,77885.5,16884.63,3,1
SK104001,16-09-24,30,Female,Chennai,Electronics,4,25250,40,355,6,60600,12098.72,3,1
SK104002,27-08-24,60,Male,Chennai,Furniture,1,3645,40,468,7,2187,-320.43,5,0
SK104003,05-01-24,38,Female,Chennai,Grocery,1,7938,20,331,6,6350.4,407.66,4,0
SK104004,23-05-25,59,Male,Mumbai,Furniture,4,45848,30,241,6,128374.4,30339.87,3,1
SK104005,22-04-25,21,Female,Delhi,Beauty,5,17808,25,76,1,66780,13005.31,2,1
SK104006,12-04-24,24,Male,Delhi,Sports,4,39968,10,480,6,143884.8,8087.07,3,1
SK104007,02-05-25,27,Male,Chennai,Fashion,2,37334,10,148,1,67201.2,12647.42,2,1
SK104008,11-02-24,48,Male,Delhi,Fashion,1,43976,30,281,3,30783.2,7834.68,1,1
SK104009,06-02-25,60,Female,Delhi,Furniture,2,21928,15,261,10,37277.6,7195.51,3,1
SK104010,13-08-24,27,Female,Chennai,Grocery,1,24392,15,83,4,20733.2,1249.58,1,0
SK104011,17-03-25,32,Female,Mumbai,Furniture,5,7928,30,286,6,27748,6921.13,5,1
SK104012,01-02-25,43,Female,Delhi,Beauty,1,1207,30,178,9,844.9,10.71,2,0
SK104013,23-10-24,33,Male,Bengaluru,Fashion,5,36250,20,591,10,145000,31526.67,2,1
SK104014,13-06-24,57,Male,Delhi,Sports,1,21847,40,455,3,13108.2,2673.17,1,0
SK104015,21-05-24,34,Female,Bengaluru,Sports,1,17980,0,311,1,17980,1558.43,3,0
SK104016,29-04-25,22,Female,Chennai,Grocery,3,6485,15,586,2,16536.75,840.33,1,0
SK104017,10-02-25,42,Male,Chennai,Fashion,3,35875,5,203,10,102243.75,14193.06,5,1
SK104018,30-04-25,59,Male,Bengaluru,Sports,4,20260,40,255,5,48624,13033.86,5,1
SK104019,15-05-25,53,Male,Pune,Furniture,1,36485,20,379,2,29188,3460.67,2,1
SK104020,09-04-25,52,Male,Bengaluru,Grocery,5,41651,30,174,10,145778.5,22508.46,3,1
SK104021,02-01-24,60,Female,Lucknow,Furniture,4,10874,30,493,3,30447.2,7360.34,2,1
SK104022,02-01-24,45,Male,Chennai,Electronics,2,20799,10,311,5,37438.2,7763.45,5,1
SK104023,18-02-25,36,Male,Delhi,Fashion,4,45309,5,298,9,172174.2,32933.55,2,1
SK104024,19-08-24,64,Female,Jaipur,Fashion,2,21865,20,586,9,34984,2350.98,2,0
SK104025,07-01-25,41,Female,Bengaluru,Furniture,4,24838,30,133,2,69546.4,20498.68,1,1
SK104026,05-12-24,23,Male,Jaipur,Sports,3,31392,15,293,1,80049.6,15638.59,2,1
SK104027,03-10-24,19,Male,Hyderabad,Electronics,2,2813,40,67,5,3375.6,472.16,2,0
SK104028,15-06-25,36,Male,Bengaluru,Grocery,2,5038,30,187,10,7053.2,1557.33,5,0
SK104029,01-10-24,50,Female,Bengaluru,Fashion,5,45928,10,358,7,206676,54782.35,4,1
SK104030,31-08-24,62,Female,Delhi,Fashion,1,38963,30,556,10,27274.1,2263.03,3,0
SK104031,26-06-24,42,Female,Mumbai,Grocery,4,30438,10,528,7,109576.8,20635.81,4,1
SK104032,04-06-25,56,Female,Jaipur,Electronics,4,32725,25,473,6,98175,25990.57,1,1
SK104033,11-05-24,64,Male,Hyderabad,Grocery,3,47401,10,376,2,127982.7,10120.77,2,1
SK104034,20-05-25,63,Male,Jaipur,Sports,2,39261,40,344,1,47113.2,3534.24,2,1
SK104035,19-12-24,47,Male,Hyderabad,Electronics,4,40775,10,204,2,146790,39626.43,2,1
SK104036,20-03-25,24,Male,Bengaluru,Fashion,2,13506,0,507,5,27012,4206.16,4,1
SK104037,02-10-24,25,Male,Bengaluru,Sports,2,16168,15,516,4,27485.6,2321.41,1,0
SK104038,01-09-24,45,Female,Delhi,Grocery,5,25875,0,377,5,129375,20065.56,2,1
SK104039,08-06-25,61,Female,Hyderabad,Fashion,4,13296,15,444,7,45206.4,13104.71,1,1
SK104040,28-12-24,30,Female,Mumbai,Beauty,5,31903,10,542,6,143563.5,32153.41,3,1
SK104041,05-10-24,53,Male,Delhi,Beauty,2,3832,10,562,10,6897.6,155.35,3,0
SK104042,13-03-25,48,Female,Mumbai,Sports,5,20952,30,362,8,73332,19842.06,4,1
SK104043,09-05-24,22,Male,Jaipur,Electronics,2,36553,0,425,3,73106,10603.3,1,1
SK104044,25-06-24,61,Male,Chennai,Beauty,5,48161,0,581,4,240805,60805.59,2,1
SK104045,18-06-24,49,Male,Jaipur,Grocery,5,38244,20,353,4,152976,33030.63,2,1
SK104046,18-10-24,65,Male,Hyderabad,Furniture,1,15608,15,209,7,13266.8,3642.48,2,1
SK104047,15-05-25,28,Female,Chennai,Sports,3,19140,20,212,7,45936,3368.19,5,1
SK104048,18-04-25,31,Male,Chennai,Electronics,5,895,15,265,8,3803.75,-1.67,5,0
SK104049,14-07-24,63,Female,Mumbai,Fashion,4,42326,20,306,2,135443.2,27115.6,4,1
SK104050,04-05-24,63,Female,Jaipur,Grocery,4,19303,10,64,6,69490.8,19893.94,2,1
SK104051,01-03-25,19,Female,Bengaluru,Furniture,5,18133,25,227,7,67998.75,17276.71,5,1
SK104052,12-08-24,64,Male,Chennai,Grocery,3,19316,0,407,8,57948,14852.58,2,1
SK104053,04-01-25,33,Female,Delhi,Fashion,1,48477,15,473,1,41205.45,2460.57,3,0
SK104054,04-02-25,48,Male,Jaipur,Grocery,1,39950,25,437,3,29962.5,7062.05,5,1
SK104055,12-05-24,46,Male,Mumbai,Beauty,5,33138,5,556,4,157405.5,7802.51,5,1
SK104056,27-02-25,27,Male,Hyderabad,Furniture,1,39197,5,170,8,37237.15,4451.79,2,1
SK104057,21-08-24,51,Male,Chennai,Sports,1,12774,10,559,3,11496.6,2298.41,5,0
SK104058,12-02-24,43,Male,Bengaluru,Electronics,1,47299,5,247,7,44934.05,4600.66,1,1
SK104059,26-12-24,39,Female,Hyderabad,Electronics,3,12446,30,592,6,26136.6,3837.92,2,1
SK104060,20-03-24,42,Male,Lucknow,Beauty,3,1777,25,289,7,3998.25,595.45,1,0
SK104061,03-02-24,65,Female,Mumbai,Beauty,4,45198,15,496,3,153673.2,44903.81,3,1
SK104062,17-05-24,22,Male,Jaipur,Furniture,4,25047,20,267,3,80150.4,16603.38,4,1
SK104063,30-03-24,32,Male,Chennai,Furniture,3,47719,10,465,2,128841.3,20328.52,1,1
SK104064,05-05-25,41,Male,Bengaluru,Grocery,5,49277,30,394,10,172469.5,32670.36,5,1
SK104065,07-10-24,52,Female,Bengaluru,Fashion,1,28002,30,347,1,19601.4,1333.7,4,0
SK104066,03-02-24,58,Male,Lucknow,Fashion,2,11085,10,420,2,19953,5174.07,3,1
SK104067,31-10-24,64,Female,Chennai,Grocery,5,18156,20,343,5,72624,15515.24,5,1
SK104068,12-11-24,64,Male,Delhi,Sports,1,36611,20,417,6,29288.8,2135.72,5,0
SK104069,01-01-25,23,Female,Hyderabad,Furniture,3,21926,10,532,8,59200.2,13104.95,4,1
SK104070,06-06-25,23,Female,Delhi,Fashion,4,33085,30,303,10,92638,18393.31,5,1
SK104071,06-02-24,32,Female,Delhi,Grocery,5,29583,5,528,9,140519.25,39070.25,4,1
SK104072,13-04-25,32,Male,Pune,Grocery,5,21945,25,138,6,82293.75,18453.7,4,1
SK104073,12-10-24,24,Female,Jaipur,Fashion,2,21551,10,291,9,38791.8,3074.91,3,1
SK104074,24-04-24,46,Male,Jaipur,Furniture,4,2108,20,393,7,6745.6,425.19,2,0
SK104075,24-08-24,36,Male,Hyderabad,Sports,3,2214,20,311,10,5313.6,199.62,2,0
SK104076,09-07-24,49,Male,Jaipur,Fashion,3,1395,0,307,6,4185,93.89,4,0
SK104077,11-12-24,52,Male,Pune,Beauty,2,2844,10,538,4,5119.2,225.46,5,0
SK104078,02-06-24,40,Female,Lucknow,Sports,4,43434,20,579,5,138988.8,25703.58,2,1
SK104079,04-08-24,19,Female,Chennai,Furniture,5,1850,15,146,5,7862.5,1972.36,4,0
SK104080,24-09-24,18,Female,Pune,Beauty,3,40618,15,574,10,103575.9,26893.84,5,1
SK104081,30-04-24,52,Female,Bengaluru,Furniture,4,14227,30,430,6,39835.6,9627.55,3,1
SK104082,18-06-24,58,Female,Hyderabad,Furniture,5,28238,25,296,6,105892.5,17454.78,4,1
SK104083,01-07-24,42,Male,Lucknow,Furniture,2,39495,20,255,1,63192,7218.38,2,1
SK104084,24-01-24,23,Female,Mumbai,Sports,1,33081,0,243,2,33081,8368.91,5,1
SK104085,08-07-24,30,Male,Mumbai,Electronics,4,30942,0,315,4,123768,26594.62,5,1
SK104086,23-04-24,33,Female,Jaipur,Fashion,3,7245,15,357,5,18474.75,1760.83,5,0
SK104087,07-06-24,41,Female,Chennai,Sports,4,10681,30,346,2,29906.8,1926.99,1,0
SK104088,04-09-24,54,Male,Hyderabad,Beauty,4,5810,5,372,10,22078,3495.59,3,1
SK104089,11-10-24,47,Male,Pune,Grocery,4,18708,10,420,1,67348.8,8074.88,1,1
SK104090,06-03-25,31,Female,Bengaluru,Fashion,2,25927,30,415,2,36297.8,9892.34,3,1
SK104091,19-06-25,43,Female,Pune,Furniture,4,32419,40,437,2,77805.6,17342.11,5,1
SK104092,08-09-24,52,Male,Bengaluru,Furniture,4,22452,20,375,10,71846.4,15967.14,2,1
SK104093,14-08-24,25,Male,Mumbai,Sports,5,43447,10,413,1,195511.5,32968.96,4,1
SK104094,06-03-25,40,Male,Pune,Beauty,3,43421,10,319,4,117236.7,21526.44,1,1
SK104095,17-02-25,33,Female,Jaipur,Sports,5,19787,40,257,4,59361,7640.98,4,1
SK104096,31-10-24,34,Female,Bengaluru,Sports,3,48293,20,200,8,115903.2,12877.02,2,1
SK104097,30-01-25,29,Male,Mumbai,Beauty,5,17262,40,439,2,51786,6714.69,1,1
SK104098,06-01-24,57,Female,Hyderabad,Beauty,5,42776,20,153,10,171104,31145.83,5,1
SK104099,04-12-24,26,Female,Hyderabad,Grocery,3,47893,5,200,4,136495.05,28358.19,3,1
SK104100,13-05-25,18,Female,Delhi,Beauty,3,15665,5,206,8,44645.25,12908.49,4,1
SK104101,29-04-25,64,Female,Jaipur,Fashion,2,31780,30,162,2,44492,10561.51,3,1
SK104102,29-02-24,62,Male,Lucknow,Grocery,4,41325,0,512,2,165300,48544.75,1,1
SK104103,10-04-25,41,Female,Delhi,Fashion,1,35419,10,413,5,31877.1,6101.12,4,1
SK104104,02-03-25,25,Female,Pune,Beauty,1,39112,0,600,1,39112,2732.52,1,0
SK104105,04-06-24,52,Female,Bengaluru,Fashion,2,33513,30,222,6,46918.2,5828.29,4,1
SK104106,28-12-24,45,Male,Lucknow,Sports,3,49664,20,148,3,119193.6,22302.25,2,1
SK104107,07-01-24,51,Female,Lucknow,Beauty,3,30724,40,522,6,55303.2,4654.73,3,1
SK104108,02-06-25,48,Male,Hyderabad,Beauty,2,24692,10,571,8,44445.6,6750.35,2,1
SK104109,12-02-24,51,Female,Jaipur,Furniture,3,48125,15,444,3,122718.75,30390.95,5,1
SK104110,15-11-24,53,Male,Mumbai,Beauty,3,12841,10,379,2,34670.7,1664.61,2,0
SK104111,13-05-25,63,Male,Bengaluru,Fashion,2,792,25,482,1,1188,-318.32,2,0
SK104112,24-11-24,39,Female,Hyderabad,Sports,1,49313,15,184,9,41916.05,5289.8,4,1
SK104113,12-06-25,51,Male,Bengaluru,Grocery,4,41466,25,520,9,124398,5857.55,5,1
SK104114,04-05-25,60,Female,Jaipur,Furniture,5,48948,25,408,4,183555,25183.69,1,1
SK104115,31-05-25,60,Female,Chennai,Fashion,1,10307,30,136,9,7214.9,1628.96,5,0
SK104116,27-04-25,25,Female,Jaipur,Fashion,4,13033,10,296,10,46918.8,3842.55,5,1
SK104117,19-01-24,45,Female,Pune,Sports,2,46026,15,302,1,78244.2,21606.65,5,1
SK104118,27-02-24,31,Female,Pune,Electronics,4,5286,5,212,10,20086.8,3274.55,1,1
SK104119,30-05-24,54,Female,Bengaluru,Furniture,5,7908,30,536,1,27678,2217.6,2,0
SK104120,15-06-24,45,Male,Mumbai,Sports,1,33455,40,518,4,20073,5298.7,1,1
SK104121,26-04-24,59,Female,Mumbai,Grocery,1,44317,25,384,3,33237.75,6741.33,3,1
SK104122,24-09-24,40,Male,Lucknow,Sports,5,41348,30,142,2,144718,14631.14,5,1
SK104123,26-03-24,32,Female,Delhi,Sports,4,45633,10,432,9,164278.8,42088.76,3,1
SK104124,10-09-24,45,Male,Hyderabad,Fashion,4,24189,25,273,1,72567,8976.3,1,1
SK104125,28-07-24,47,Female,Mumbai,Beauty,3,18248,40,483,2,32846.4,8979.35,3,1
SK104126,13-01-25,44,Male,Chennai,Sports,3,38147,30,90,3,80108.7,6162.41,1,1
SK104127,29-04-25,25,Female,Chennai,Grocery,1,31465,5,256,9,29891.75,6540.53,3,1
SK104128,20-06-24,63,Male,Bengaluru,Electronics,2,5547,20,526,2,8875.2,1342.68,5,0
SK104129,01-11-24,40,Male,Mumbai,Electronics,2,30519,10,282,6,54934.2,12185.22,1,1
SK104130,20-08-24,19,Female,Chennai,Grocery,4,3220,30,64,10,9016,758.37,1,0
SK104131,01-05-25,48,Male,Chennai,Fashion,1,30230,40,275,4,18138,1055.3,3,0
SK104132,21-10-24,51,Male,Hyderabad,Sports,4,13995,0,128,7,55980,10783.99,1,1
SK104133,28-06-24,24,Female,Jaipur,Furniture,5,28772,20,93,6,115088,17492.54,3,1
SK104134,23-01-25,34,Female,Hyderabad,Electronics,1,48329,15,56,1,41079.65,9375.62,2,1
SK104135,13-03-24,37,Male,Bengaluru,Furniture,1,463,40,410,7,277.8,-393.23,2,0
SK104136,01-10-24,19,Female,Pune,Electronics,4,47013,25,289,10,141039,8960.53,4,1
SK104137,06-05-24,42,Male,Hyderabad,Sports,4,38103,30,95,2,106688.4,19187.08,2,1
SK104138,28-10-24,36,Male,Jaipur,Beauty,2,16543,0,480,9,33086,3926.38,1,1
SK104139,07-06-25,64,Male,Pune,Sports,5,39181,15,356,10,166519.25,33064.4,1,1
SK104140,16-04-25,50,Female,Pune,Electronics,3,26592,20,501,8,63820.8,13954.39,3,1
SK104141,03-01-25,27,Female,Delhi,Furniture,2,35945,20,573,10,57512,13829.74,3,1
SK104142,14-05-24,44,Male,Delhi,Fashion,2,17508,10,576,9,31514.4,5500.58,4,1
SK104143,03-07-24,55,Female,Hyderabad,Sports,5,15175,30,107,5,53112.5,5939.35,2,1
SK104144,25-03-24,29,Female,Hyderabad,Fashion,2,29108,30,128,9,40751.2,6402.87,3,1
SK104145,18-02-25,33,Male,Lucknow,Beauty,3,36849,40,408,3,66328.2,18155.49,3,1
SK104146,12-12-24,40,Female,Pune,Fashion,5,18018,25,349,10,67567.5,7990.17,5,1
SK104147,07-05-24,64,Male,Delhi,Grocery,1,368,25,487,2,276,-438.05,2,0
SK104148,09-12-24,38,Male,Bengaluru,Fashion,3,18886,30,155,7,39660.6,11577.81,4,1
SK104149,10-08-24,39,Female,Lucknow,Furniture,4,28858,10,564,5,103888.8,28798.21,5,1
SK104150,12-12-24,47,Male,Lucknow,Beauty,2,16792,10,358,5,30225.6,2435.14,3,0
SK104151,18-05-24,46,Female,Pune,Sports,5,37870,5,434,9,179882.5,39393.77,4,1
SK104152,14-07-24,59,Female,Chennai,Beauty,4,44004,5,318,1,167215.2,30993.97,2,1
SK104153,17-10-24,27,Male,Pune,Beauty,3,5590,25,270,9,12577.5,1262.25,2,0
SK104154,10-09-24,39,Male,Hyderabad,Furniture,2,12113,15,156,4,20592.1,5688.11,5,1
SK104155,23-10-24,54,Male,Bengaluru,Furniture,3,7089,10,145,8,19140.3,4976.65,2,1
SK104156,04-12-24,33,Male,Delhi,Beauty,2,13329,20,482,8,21326.4,2673.32,3,0
SK104157,25-06-24,26,Female,Lucknow,Grocery,4,303,20,243,7,969.6,26.53,4,0
SK104158,16-04-24,18,Female,Chennai,Beauty,3,35335,5,517,10,100704.75,17803.76,3,1
SK104159,01-06-24,60,Female,Hyderabad,Fashion,3,14601,40,568,10,26281.8,4859.1,2,1
SK104160,30-07-24,57,Female,Mumbai,Electronics,5,23749,5,389,7,112807.75,7437.9,4,1
SK104161,20-05-24,47,Male,Chennai,Fashion,2,4573,10,89,4,8231.4,1324.36,2,0
SK104162,12-08-24,42,Female,Jaipur,Electronics,3,13915,5,123,10,39657.75,9153.04,3,1
SK104163,27-03-24,44,Male,Bengaluru,Grocery,2,4155,0,398,3,8310,916.36,1,0
SK104164,29-07-24,40,Male,Mumbai,Beauty,5,25653,0,430,5,128265,32260.61,4,1
SK104165,23-09-24,59,Male,Jaipur,Grocery,4,7045,20,406,7,22544,2189.21,3,0
SK104166,11-03-24,53,Male,Hyderabad,Grocery,5,10863,20,209,4,43452,3621.54,2,1
SK104167,24-06-25,30,Male,Chennai,Sports,3,1609,30,358,3,3378.9,159.93,1,0
SK104168,08-06-24,48,Male,Bengaluru,Fashion,1,2185,10,500,4,1966.5,-354.19,3,0
SK104169,21-06-25,21,Female,Lucknow,Electronics,3,44619,15,470,2,113778.45,5984.55,4,1
SK104170,02-09-24,52,Male,Mumbai,Fashion,4,42767,25,335,5,128301,37035.46,4,1
SK104171,22-07-24,45,Male,Pune,Sports,2,10412,30,529,6,14576.8,1343.74,4,0
SK104172,15-04-25,63,Male,Mumbai,Beauty,3,13280,40,275,5,23904,5361.49,1,1
SK104173,03-02-24,31,Female,Mumbai,Sports,1,38676,15,531,8,32874.6,2486.82,5,0
SK104174,09-04-24,30,Male,Delhi,Furniture,1,19015,20,558,7,15212,1932.2,5,0
SK104175,29-05-24,30,Female,Lucknow,Furniture,3,23597,30,218,6,49553.7,13572.52,1,1
SK104176,29-03-25,29,Female,Delhi,Furniture,5,19422,40,118,6,58266,11774.08,4,1
SK104177,22-09-24,30,Male,Chennai,Electronics,1,20724,5,559,3,19687.8,3199.12,2,1
SK104178,06-02-24,24,Male,Chennai,Electronics,3,16261,15,386,7,41465.55,11541.84,2,1
SK104179,10-02-24,33,Female,Delhi,Grocery,3,12297,5,178,9,35046.45,4076.56,2,1
SK104180,26-03-25,51,Female,Mumbai,Furniture,4,27034,5,353,10,102729.2,11041.15,1,1
SK104181,10-02-24,61,Male,Jaipur,Furniture,1,22827,5,542,1,21685.65,1086.98,5,0
SK104182,09-06-24,62,Female,Mumbai,Grocery,4,36534,30,281,10,102295.2,6181.88,5,1
SK104183,13-12-24,29,Female,Lucknow,Sports,1,11315,10,357,8,10183.5,1322.04,1,0
SK104184,15-06-24,45,Male,Bengaluru,Electronics,3,13881,20,554,9,33314.4,8152.52,2,1
SK104185,18-06-24,58,Female,Mumbai,Grocery,5,36175,15,305,5,153743.75,10668.62,5,1
SK104186,10-10-24,50,Male,Hyderabad,Beauty,3,8763,25,219,6,19716.75,5067.79,3,1
SK104187,22-03-25,18,Male,Hyderabad,Furniture,4,42826,5,350,8,162738.8,13302.31,1,1
SK104188,25-08-24,23,Male,Bengaluru,Fashion,3,20579,30,501,2,43215.9,9041.88,3,1
SK104189,10-06-24,24,Male,Jaipur,Electronics,3,46093,25,292,10,103709.25,25047.25,3,1
SK104190,24-01-25,25,Female,Jaipur,Electronics,3,44199,15,324,10,112707.45,27993.42,5,1
SK104191,09-04-25,35,Female,Pune,Beauty,4,25522,5,256,2,96983.6,25446.62,4,1
SK104192,08-03-24,38,Female,Delhi,Electronics,4,20078,15,380,10,68265.2,17287.26,1,1
SK104193,07-05-25,64,Female,Chennai,Electronics,4,9966,10,576,7,35877.6,2433.06,5,0
SK104194,11-04-24,38,Female,Mumbai,Beauty,1,44486,40,461,10,26691.6,2773.18,4,0
SK104195,13-11-24,26,Male,Hyderabad,Furniture,3,19667,30,124,2,41300.7,5027.27,4,1
SK104196,23-03-24,50,Male,Mumbai,Beauty,3,10574,30,589,6,22205.4,5826.79,5,1
SK104197,26-06-24,18,Female,Delhi,Furniture,2,34458,20,291,1,55132.8,3215.88,3,1
SK104198,14-04-24,36,Male,Lucknow,Grocery,2,25563,20,53,8,40900.8,11157.57,1,1
SK104199,04-04-25,65,Female,Lucknow,Furniture,3,13256,30,280,7,27837.6,2900.69,3,0
SK104200,19-07-24,50,Male,Mumbai,Fashion,3,31676,10,284,3,85525.2,21045.1,5,1
SK104201,10-11-24,56,Female,Bengaluru,Electronics,3,44895,15,525,8,114482.25,27512.42,4,1
SK104202,15-10-24,37,Male,Chennai,Electronics,1,5609,15,205,3,4767.65,652.39,3,0
SK104203,25-02-25,53,Male,Mumbai,Beauty,5,20057,20,203,8,80228,9762.42,1,1
SK104204,05-03-24,30,Male,Hyderabad,Fashion,4,49884,15,313,7,169605.6,44484.62,4,1
SK104205,17-04-25,64,Male,Mumbai,Grocery,3,7662,20,369,8,18388.8,4754.57,4,1
SK104206,21-06-25,26,Female,Lucknow,Electronics,4,17226,15,105,6,58568.4,14174.74,1,1
SK104207,26-05-25,60,Male,Mumbai,Grocery,2,48518,20,499,8,77628.8,6123.69,1,1
SK104208,29-02-24,24,Female,Chennai,Fashion,5,7039,0,445,6,35195,4975.37,3,1
SK104209,09-10-24,44,Female,Hyderabad,Beauty,1,20807,40,303,2,12484.2,666.52,3,0
SK104210,12-04-24,52,Male,Hyderabad,Furniture,3,14188,25,349,5,31923,7360.6,5,1
SK104211,24-05-25,24,Female,Hyderabad,Grocery,3,18294,40,596,4,32929.2,7731.84,2,1
SK104212,01-04-25,48,Female,Chennai,Grocery,4,17613,10,111,4,63406.8,16368.91,3,1
SK104213,18-01-24,21,Female,Hyderabad,Grocery,1,20502,20,272,3,16401.6,4256.66,1,1
SK104214,01-10-24,65,Female,Jaipur,Grocery,5,3534,10,254,8,15903,1737.83,4,0
SK104215,22-04-25,18,Male,Chennai,Fashion,3,6601,40,169,7,11881.8,3189.39,5,1
SK104216,11-04-24,51,Female,Pune,Grocery,1,22104,0,183,3,22104,3031.66,3,1
SK104217,08-09-24,48,Male,Bengaluru,Electronics,2,43712,0,496,3,87424,4084.2,5,1
SK104218,29-05-25,50,Female,Pune,Fashion,5,34584,25,216,2,129690,23747.97,4,1
SK104219,12-02-24,54,Male,Pune,Sports,1,39764,40,78,7,23858.4,3208.11,4,1
SK104220,18-01-25,52,Female,Pune,Furniture,2,7428,20,266,3,11884.8,1041.02,3,0
SK104221,20-04-24,18,Male,Jaipur,Sports,1,28403,25,149,8,21302.25,2126.62,2,0
SK104222,07-06-24,44,Female,Delhi,Fashion,3,25121,20,216,1,60290.4,12372.43,1,1
SK104223,23-05-25,47,Male,Jaipur,Fashion,3,6062,20,229,6,14548.8,3203.83,3,1
SK104224,26-03-25,48,Male,Jaipur,Furniture,4,40105,20,299,7,128336,32887.26,2,1
SK104225,21-01-24,64,Male,Mumbai,Sports,2,13741,20,57,3,21985.6,4451.57,5,1
SK104226,18-07-24,42,Female,Lucknow,Electronics,1,17983,10,249,9,16184.7,1176.04,5,0
SK104227,21-05-25,55,Male,Bengaluru,Grocery,3,21641,30,489,4,45446.1,8423.51,5,1
SK104228,03-01-25,30,Female,Chennai,Sports,1,41426,25,388,10,31069.5,1862.64,4,0
SK104229,29-05-25,64,Male,Mumbai,Fashion,5,38999,25,304,1,146246.25,15670.16,4,1
SK104230,19-02-24,60,Male,Jaipur,Electronics,4,45692,0,207,10,182768,42878.12,3,1
SK104231,31-12-24,20,Female,Jaipur,Beauty,1,35386,40,329,3,21231.6,4325.89,5,1
SK104232,06-11-24,39,Female,Lucknow,Furniture,3,8863,5,131,5,25259.55,6541.25,5,1
SK104233,01-04-24,63,Female,Lucknow,Beauty,2,6495,20,298,2,10392,485.01,2,0
SK104234,21-06-25,23,Male,Chennai,Electronics,5,45848,40,244,7,137544,12447.4,3,1
SK104235,07-02-24,52,Female,Pune,Grocery,4,35084,15,75,10,119285.6,31164.03,3,1
SK104236,08-01-25,48,Male,Hyderabad,Furniture,5,11306,10,498,8,50877,14751.33,3,1
SK104237,14-05-24,50,Female,Mumbai,Beauty,5,45584,40,229,5,136752,19604.75,5,1
SK104238,24-02-24,22,Male,Lucknow,Beauty,5,31222,15,221,7,132693.5,20794.62,3,1
SK104239,12-05-25,47,Male,Jaipur,Electronics,5,7158,5,277,9,34000.5,7505.39,5,1
SK104240,16-01-25,65,Male,Chennai,Furniture,5,16105,20,457,8,64420,6029.35,3,1
SK104241,01-10-24,18,Male,Chennai,Furniture,5,39678,30,79,10,138873,28440.51,3,1
SK104242,09-08-24,56,Male,Delhi,Beauty,4,10666,0,453,3,42664,9740.08,1,1
SK104243,14-11-24,18,Male,Lucknow,Electronics,3,30147,30,402,2,63308.7,17216.78,2,1
SK104244,16-01-24,21,Male,Lucknow,Grocery,3,15392,5,428,4,43867.2,5474.03,5,1
SK104245,31-10-24,46,Male,Mumbai,Grocery,4,42988,30,552,3,120366.4,28134.78,5,1
SK104246,20-06-25,62,Female,Bengaluru,Furniture,1,44824,5,121,1,42582.8,12280.77,4,1
SK104247,21-01-25,45,Female,Lucknow,Sports,3,43536,25,415,3,97956,11463.22,5,1
SK104248,05-08-24,48,Female,Chennai,Electronics,5,2955,15,266,8,12558.75,2053.74,5,0
SK104249,19-03-24,51,Male,Hyderabad,Electronics,4,23046,0,109,4,92184,10096.33,5,1
SK104250,09-05-25,25,Female,Mumbai,Furniture,2,32768,40,387,3,39321.6,10089.39,3,1
SK104251,10-01-24,56,Female,Hyderabad,Fashion,5,6446,25,547,3,24172.5,4076.76,3,1
SK104252,29-08-24,29,Female,Lucknow,Grocery,2,43136,25,397,2,64704,15596.6,2,1
SK104253,28-02-25,42,Female,Lucknow,Grocery,4,19614,40,134,4,47073.6,11145.09,4,1
SK104254,28-05-24,29,Male,Mumbai,Beauty,2,9634,25,594,3,14451,660.47,1,0
SK104255,28-09-24,56,Female,Lucknow,Sports,4,9760,0,582,4,39040,6560.69,5,1
SK104256,08-06-24,64,Male,Lucknow,Furniture,4,44691,5,355,10,169825.8,37026.79,1,1
SK104257,28-02-24,29,Male,Chennai,Grocery,5,44893,15,141,3,190795.25,53680.44,4,1
SK104258,10-05-25,28,Male,Jaipur,Beauty,3,2289,15,99,6,5836.95,1585.37,4,0
SK104259,15-03-25,31,Male,Pune,Fashion,3,15464,25,348,7,34794,8808.84,5,1
SK104260,14-03-24,51,Male,Jaipur,Furniture,1,43150,0,518,1,43150,3604.76,3,1
SK104261,09-05-25,47,Female,Lucknow,Beauty,2,2787,0,168,3,5574,308.71,3,0
SK104262,19-04-24,28,Female,Jaipur,Fashion,5,16114,25,156,2,60427.5,12421.21,4,1
SK104263,12-04-24,28,Male,Bengaluru,Sports,1,20017,15,194,9,17014.45,3523.76,1,1
SK104264,02-02-25,56,Female,Lucknow,Fashion,3,31717,10,512,4,85635.9,17282.42,1,1
SK104265,16-06-24,27,Male,Jaipur,Furniture,1,2103,40,394,8,1261.8,-81.49,1,0
SK104266,14-07-24,64,Male,Bengaluru,Grocery,2,9056,0,271,1,18112,5068.19,1,1
SK104267,27-08-24,29,Male,Lucknow,Sports,5,19584,20,288,2,78336,22785.34,5,1
SK104268,22-05-24,34,Female,Delhi,Beauty,1,12587,15,216,2,10698.95,331.35,3,0
SK104269,08-01-24,34,Male,Mumbai,Sports,2,18397,0,205,6,36794,6706.6,5,1
SK104270,25-04-24,63,Male,Pune,Fashion,1,40672,25,122,6,30504,6503.43,4,1
SK104271,02-02-25,27,Female,Jaipur,Beauty,5,19317,0,315,7,96585,20012.19,2,1
SK104272,04-06-25,47,Male,Chennai,Electronics,5,32288,40,227,5,96864,21287.35,5,1
SK104273,08-11-24,34,Female,Pune,Fashion,3,47492,25,413,4,106857,29499.39,3,1
SK104274,15-05-24,52,Female,Hyderabad,Electronics,1,45471,5,542,4,43197.45,8753.89,5,1
SK104275,13-04-25,22,Female,Lucknow,Sports,4,17986,30,371,9,50360.8,3447.25,4,1
SK104276,23-01-24,51,Female,Delhi,Furniture,4,10234,20,509,10,32748.8,6248.36,2,1
SK104277,27-07-24,27,Male,Pune,Fashion,3,24974,5,142,8,71175.9,8583.64,1,1
SK104278,20-02-24,24,Female,Lucknow,Electronics,2,4435,0,62,2,8870,1737.74,4,0
SK104279,31-05-25,56,Male,Jaipur,Beauty,2,17221,0,284,3,34442,6371.89,4,1
SK104280,29-03-24,38,Female,Hyderabad,Sports,4,11209,5,280,10,42594.2,7998.54,1,1
SK104281,19-06-25,33,Female,Hyderabad,Furniture,5,27035,0,532,6,135175,21600.36,1,1
SK104282,31-10-24,65,Female,Pune,Sports,1,6074,10,216,4,5466.6,492.42,2,0
SK104283,29-01-25,44,Male,Mumbai,Sports,1,42378,25,87,10,31783.5,8916.22,1,1
SK104284,02-01-25,18,Female,Pune,Sports,3,30922,20,431,9,74212.8,15511.91,4,1
SK104285,29-05-25,19,Male,Hyderabad,Beauty,3,9820,30,166,8,20622,4589.06,2,1
SK104286,21-04-24,49,Female,Pune,Sports,2,29045,40,429,2,34854,4743.79,4,1
SK104287,07-04-25,56,Female,Pune,Sports,5,16193,10,581,1,72868.5,19989.15,4,1
SK104288,19-02-24,58,Female,Mumbai,Beauty,5,12866,0,131,6,64330,6702.39,3,1
SK104289,16-11-24,26,Female,Pune,Beauty,4,13592,15,231,4,46212.8,3503.18,3,1
SK104290,13-07-24,47,Male,Delhi,Grocery,2,8265,10,371,2,14877,2700.59,5,0
SK104291,08-10-24,18,Male,Delhi,Electronics,3,30007,25,118,9,67515.75,19199.26,1,1
SK104292,09-12-24,40,Male,Jaipur,Grocery,2,7346,30,560,4,10284.4,331.15,2,0
SK104293,14-01-25,60,Female,Delhi,Sports,1,9404,40,225,3,5642.4,207.45,3,0
SK104294,01-02-25,33,Female,Lucknow,Electronics,3,43705,40,577,3,78669,13118.39,3,1
SK104295,08-11-24,45,Female,Bengaluru,Beauty,5,46649,5,594,5,221582.75,61762.08,1,1
SK104296,21-05-25,27,Female,Pune,Electronics,1,28019,15,391,10,23816.15,2063.52,3,0
SK104297,17-03-25,43,Female,Pune,Beauty,4,29150,40,231,6,69960,16547.9,5,1
SK104298,05-05-24,50,Female,Bengaluru,Furniture,4,24336,25,442,6,73008,12546.11,5,1
SK104299,21-03-25,29,Male,Hyderabad,Furniture,2,6135,30,95,6,8589,779.07,5,0
SK104300,08-11-24,24,Female,Hyderabad,Electronics,5,38606,30,275,8,135121,30829.24,2,1
SK104301,31-05-25,24,Male,Delhi,Electronics,4,28689,40,291,2,68853.6,7898.6,1,1
SK104302,10-09-24,37,Female,Hyderabad,Sports,1,18082,15,362,6,15369.7,2104.66,2,0
SK104303,04-05-24,42,Male,Pune,Grocery,5,49438,15,184,9,210111.5,62802.38,4,1
SK104304,17-07-24,22,Male,Delhi,Grocery,1,10069,5,276,7,9565.55,636.31,3,0
SK104305,13-09-24,34,Female,Pune,Beauty,4,34260,25,372,7,102780,8195.87,1,1
SK104306,21-01-25,58,Male,Hyderabad,Electronics,5,31006,0,208,8,155030,18388.84,3,1
SK104307,03-02-24,46,Female,Chennai,Furniture,3,27369,20,151,1,65685.6,8780.09,1,1
SK104308,02-07-24,29,Female,Bengaluru,Grocery,2,15773,20,265,3,25236.8,5473.01,1,1
SK104309,25-01-25,36,Male,Delhi,Beauty,5,44752,15,519,4,190196,40225.59,1,1
SK104310,05-05-24,27,Female,Pune,Beauty,2,20327,20,152,9,32523.2,5727.94,3,1
SK104311,31-08-24,38,Female,Jaipur,Electronics,3,27840,0,110,3,83520,10424.32,5,1
SK104312,22-02-25,60,Male,Bengaluru,Furniture,3,19181,10,388,9,51788.7,11212.9,5,1
SK104313,01-11-24,58,Male,Delhi,Beauty,4,7284,5,413,10,27679.2,1094.01,1,0
SK104314,03-09-24,56,Female,Chennai,Fashion,4,21842,40,411,9,52420.8,3744.95,2,1
SK104315,03-08-24,51,Male,Chennai,Electronics,2,36824,25,235,8,55236,10255.04,4,1
SK104316,02-11-24,25,Male,Lucknow,Fashion,1,36024,25,483,4,27018,3128.17,3,1
SK104317,27-07-24,36,Female,Bengaluru,Fashion,5,3362,25,561,3,12607.5,843.14,4,0
SK104318,19-12-24,36,Female,Lucknow,Grocery,3,43841,30,122,1,92066.1,17034.69,4,1
SK104319,31-10-24,48,Female,Bengaluru,Electronics,4,43264,30,465,4,121139.2,15939.85,1,1
SK104320,13-02-25,61,Female,Lucknow,Beauty,5,10247,25,346,2,38426.25,9207.7,1,1
SK104321,26-05-25,39,Male,Chennai,Grocery,1,17202,10,128,6,15481.8,2567.54,3,0
SK104322,27-10-24,50,Male,Jaipur,Fashion,5,35462,40,421,6,106386,25140.73,5,1
SK104323,28-07-24,56,Male,Delhi,Sports,5,17244,0,171,3,86220,10920.96,3,1
SK104324,30-01-25,24,Male,Pune,Furniture,3,26000,40,328,4,46800,2661.19,1,0
SK104325,02-12-24,30,Female,Bengaluru,Fashion,3,34649,40,90,10,62368.2,15935.81,1,1
SK104326,21-02-25,59,Female,Pune,Grocery,4,9138,40,168,6,21931.2,1834.69,3,0
SK104327,08-09-24,43,Male,Jaipur,Electronics,5,4788,30,155,10,16758,4737.3,5,1
SK104328,20-06-25,21,Male,Hyderabad,Beauty,1,14864,30,230,3,10404.8,2068.95,2,0
SK104329,17-11-24,59,Male,Chennai,Beauty,2,29789,10,193,3,53620.2,13587.94,3,1
SK104330,13-05-24,46,Male,Pune,Electronics,1,11029,20,599,1,8823.2,1371.53,2,0
SK104331,16-01-25,32,Female,Jaipur,Grocery,4,34469,30,265,7,96513.2,18857.87,3,1
SK104332,22-05-24,57,Female,Hyderabad,Electronics,3,47473,25,81,9,106814.25,29242.1,1,1
SK104333,16-05-25,47,Male,Delhi,Grocery,5,47628,10,593,1,214326,37191.66,3,1
SK104334,05-08-24,54,Female,Bengaluru,Beauty,2,11509,30,226,9,16112.6,4101.06,1,1
SK104335,22-12-24,55,Female,Jaipur,Electronics,5,18360,30,582,7,64260,18279.96,2,1
SK104336,17-02-25,32,Male,Jaipur,Electronics,3,10753,40,498,9,19355.4,1870.7,5,0
SK104337,11-12-24,42,Male,Lucknow,Beauty,1,38911,10,554,9,35019.9,9678.32,3,1
SK104338,04-01-24,28,Female,Lucknow,Beauty,1,4338,40,458,7,2602.8,-260.1,1,0
SK104339,10-10-24,53,Female,Hyderabad,Furniture,3,41026,15,588,6,104616.3,30537.64,2,1
SK104340,19-05-24,39,Female,Mumbai,Grocery,4,49076,0,227,2,196304,48212.39,4,1
SK104341,06-06-24,57,Female,Jaipur,Beauty,4,45793,25,526,9,137379,13359.59,2,1
SK104342,23-01-24,62,Female,Bengaluru,Fashion,1,5635,15,482,4,4789.75,274.81,4,0
SK104343,19-02-24,50,Male,Mumbai,Sports,3,33629,15,415,6,85753.95,6931.1,1,1
SK104344,31-07-24,25,Female,Delhi,Furniture,1,7432,0,526,1,7432,55.86,4,0
SK104345,07-01-24,29,Male,Pune,Grocery,2,10193,20,320,4,16308.8,3041.31,2,1
SK104346,03-10-24,26,Male,Mumbai,Furniture,2,43413,40,550,10,52095.6,13598.28,4,1
SK104347,06-09-24,52,Male,Chennai,Electronics,3,43961,10,264,4,118694.7,8848.82,3,1
SK104348,19-09-24,54,Female,Mumbai,Sports,5,42141,40,191,8,126423,13235.25,3,1
SK104349,05-07-24,64,Female,Pune,Grocery,1,10763,40,115,4,6457.8,345.44,4,0
SK104350,30-05-25,62,Female,Chennai,Furniture,5,32944,20,414,1,131776,14102.65,2,1
SK104351,15-11-24,27,Female,Delhi,Beauty,4,18094,15,220,10,61519.6,13599.63,3,1
SK104352,11-06-24,51,Female,Hyderabad,Fashion,3,41091,15,67,2,104782.05,21539.69,2,1
SK104353,24-03-25,50,Male,Bengaluru,Fashion,5,43999,5,334,9,208995.25,27231.61,2,1
SK104354,23-06-25,23,Female,Mumbai,Furniture,1,36564,5,51,6,34735.8,9026.67,4,1
SK104355,15-08-24,41,Male,Jaipur,Electronics,4,8116,15,254,4,27594.4,5498.62,4,1
SK104356,13-12-24,38,Male,Lucknow,Fashion,2,25077,20,83,10,40123.2,3509.79,5,1
SK104357,05-06-24,28,Male,Hyderabad,Beauty,5,34541,10,502,4,155434.5,32038.75,5,1
SK104358,26-04-24,42,Male,Chennai,Furniture,2,33210,40,263,8,39852,5975.6,3,1
SK104359,20-10-24,65,Female,Jaipur,Sports,3,41890,30,182,3,87969,22069.55,3,1
SK104360,07-01-25,61,Female,Pune,Beauty,1,43111,30,292,8,30177.7,6800.4,2,1
SK104361,05-09-24,56,Male,Hyderabad,Fashion,2,12064,20,585,4,19302.4,4044.84,3,1
SK104362,06-02-25,32,Male,Hyderabad,Beauty,2,18042,5,123,3,34279.8,5671.64,4,1
SK104363,24-02-25,38,Female,Mumbai,Electronics,4,26569,30,301,1,74393.2,9912.79,4,1
SK104364,09-12-24,57,Male,Bengaluru,Grocery,3,41641,10,507,9,112430.7,17711.58,1,1
SK104365,09-04-25,64,Male,Delhi,Beauty,5,31583,30,481,7,110540.5,31615.35,3,1
SK104366,31-12-24,30,Female,Chennai,Sports,1,45126,40,567,7,27075.6,1362.19,2,0
SK104367,02-01-25,31,Male,Mumbai,Grocery,1,32371,30,532,1,22659.7,5517.98,5,1
SK104368,31-03-25,55,Female,Hyderabad,Fashion,1,11305,25,554,2,8478.75,478.51,5,0
SK104369,17-06-24,61,Male,Hyderabad,Electronics,4,11810,40,171,2,28344,8064.33,2,1
SK104370,27-04-25,39,Female,Lucknow,Electronics,4,44145,25,550,6,132435,10848.06,5,1
SK104371,25-03-25,37,Female,Jaipur,Furniture,5,11675,15,372,4,49618.75,10808.14,1,1
SK104372,14-06-24,35,Female,Chennai,Beauty,5,29525,15,75,3,125481.25,33768.41,1,1
SK104373,29-05-25,25,Female,Pune,Beauty,3,34065,20,574,10,81756,20961.42,4,1
SK104374,17-01-24,63,Male,Bengaluru,Grocery,1,33691,0,517,10,33691,7881.43,2,1
SK104375,30-03-25,48,Male,Chennai,Grocery,1,1648,5,323,2,1565.6,-161.56,3,0
SK104376,29-01-25,48,Female,Lucknow,Furniture,5,43993,25,194,4,164973.75,29737.22,3,1
SK104377,28-10-24,32,Female,Pune,Grocery,5,39427,5,272,3,187278.25,45657.86,4,1
SK104378,26-07-24,49,Male,Delhi,Fashion,4,36184,40,394,3,86841.6,16501.41,3,1
SK104379,04-05-25,47,Male,Delhi,Furniture,5,42168,30,245,3,147588,36616.67,1,1
SK104380,09-10-24,52,Female,Hyderabad,Fashion,1,24616,0,240,7,24616,6613.87,4,1
SK104381,02-10-24,28,Female,Jaipur,Beauty,2,19134,40,302,6,22960.8,1407.13,1,0
SK104382,09-03-25,22,Male,Hyderabad,Grocery,1,29130,40,500,10,17478,2734.26,1,0
SK104383,25-01-25,63,Female,Bengaluru,Furniture,2,525,15,127,8,892.5,47.8,1,0
SK104384,01-06-25,45,Male,Mumbai,Fashion,3,10219,0,286,4,30657,3110.82,3,1
SK104385,17-05-25,36,Male,Mumbai,Electronics,5,37406,0,491,4,187030,9185.28,2,1
SK104386,25-03-24,41,Male,Jaipur,Furniture,5,41575,30,186,9,145512.5,21944,4,1
SK104387,21-01-25,47,Female,Chennai,Furniture,5,24895,40,340,7,74685,8627.58,2,1
SK104388,17-11-24,61,Male,Mumbai,Beauty,4,24979,40,451,9,59949.6,9570.77,2,1
SK104389,24-02-25,35,Male,Hyderabad,Fashion,5,39992,5,600,7,189962,42990.52,5,1
SK104390,08-09-24,32,Female,Delhi,Furniture,4,47642,25,379,5,142926,38465.63,3,1
SK104391,24-06-25,51,Male,Chennai,Electronics,1,33096,15,482,1,28131.6,4387.18,4,1
SK104392,10-05-24,40,Female,Bengaluru,Grocery,4,6474,40,286,10,15537.6,986.65,4,0
SK104393,13-02-24,39,Male,Delhi,Furniture,2,45300,25,52,2,67950,15307.66,4,1
SK104394,21-08-24,21,Female,Delhi,Sports,5,5360,25,101,10,20100,3079.79,3,1
SK104395,11-04-25,55,Female,Jaipur,Electronics,5,34046,10,201,2,153207,8424.48,3,1
SK104396,29-08-24,47,Male,Pune,Electronics,4,34562,25,71,4,103686,9374.46,4,1
SK104397,14-01-24,48,Female,Hyderabad,Sports,4,3743,0,354,2,14972,2012.4,5,0
SK104398,30-11-24,19,Female,Bengaluru,Furniture,3,46631,25,328,2,104919.75,16778.16,1,1
SK104399,19-05-25,61,Male,Lucknow,Sports,3,39908,5,112,1,113737.8,18460.37,1,1
SK104400,27-04-24,31,Male,Chennai,Electronics,4,27504,5,381,9,104515.2,11525.39,4,1
SK104401,17-12-24,35,Female,Hyderabad,Fashion,1,4360,5,344,5,4142,118.29,4,0
SK104402,29-01-25,53,Female,Mumbai,Grocery,5,30749,20,565,1,122996,30713.38,5,1
SK104403,09-04-25,63,Male,Bengaluru,Sports,1,6601,25,466,3,4950.75,843.17,4,0
SK104404,21-07-24,32,Male,Chennai,Electronics,1,41160,40,223,2,24696,1246.85,5,0
SK104405,08-06-24,21,Male,Jaipur,Sports,2,1360,20,507,8,2176,-16.62,4,0
SK104406,12-08-24,18,Male,Jaipur,Sports,1,27280,20,101,5,21824,6179.91,3,1
SK104407,21-04-25,20,Male,Hyderabad,Fashion,2,38637,0,519,1,77274,14897.71,1,1
SK104408,14-01-25,56,Female,Jaipur,Furniture,5,36375,15,227,7,154593.75,38056.39,5,1
SK104409,01-06-25,29,Male,Bengaluru,Sports,3,11604,10,570,5,31330.8,4202.97,5,1
SK104410,21-04-25,54,Female,Lucknow,Grocery,5,2518,20,99,2,10072,2365.16,5,0
SK104411,16-09-24,40,Female,Bengaluru,Fashion,1,23253,30,152,10,16277.1,3331.16,3,1
SK104412,23-11-24,25,Male,Hyderabad,Fashion,1,31266,5,465,9,29702.7,6406.41,5,1
SK104413,12-06-24,41,Male,Pune,Grocery,1,14100,40,79,8,8460,1859.78,1,0
SK104414,21-05-24,46,Male,Hyderabad,Grocery,2,47076,30,360,3,65906.4,9750.92,1,1
SK104415,04-06-25,35,Male,Hyderabad,Grocery,1,18864,10,107,5,16977.6,4184.14,2,1
SK104416,02-02-24,37,Female,Delhi,Fashion,5,6902,10,295,7,31059,1585.99,5,0
SK104417,25-06-24,47,Female,Delhi,Electronics,4,33915,40,126,3,81396,20051.89,4,1
SK104418,19-04-24,28,Female,Jaipur,Grocery,3,3682,40,180,5,6627.6,980.99,1,0
SK104419,02-01-25,23,Male,Bengaluru,Grocery,1,35865,40,558,9,21519,3647,5,1
SK104420,17-02-25,37,Male,Mumbai,Sports,1,43583,5,209,7,41403.85,11862.48,5,1
SK104421,28-10-24,22,Female,Chennai,Grocery,3,11084,10,561,9,29926.8,3967.76,2,1
SK104422,25-02-24,64,Male,Jaipur,Fashion,5,22346,15,120,3,94970.5,20126.45,4,1
SK104423,01-01-24,23,Male,Hyderabad,Fashion,4,18616,0,590,8,74464,19581.22,5,1
SK104424,17-08-24,65,Female,Jaipur,Beauty,1,32111,10,589,4,28899.9,3577.4,5,1
SK104425,26-07-24,62,Male,Bengaluru,Grocery,2,37019,15,513,7,62932.3,11312.25,4,1
SK104426,21-12-24,47,Male,Mumbai,Fashion,2,42223,10,333,6,76001.4,3805.44,4,1
SK104427,19-04-24,65,Female,Lucknow,Sports,4,32639,25,158,4,97917,17826.74,2,1
SK104428,31-01-25,29,Male,Jaipur,Fashion,2,14887,5,589,3,28285.3,4936.36,3,1
SK104429,02-03-25,36,Male,Delhi,Fashion,4,24383,40,74,1,58519.2,15849.71,1,1
SK104430,07-03-25,29,Female,Hyderabad,Fashion,2,42672,40,532,2,51206.4,5111.67,3,1
SK104431,09-05-24,32,Female,Jaipur,Electronics,4,42548,10,350,6,153172.8,32157.14,2,1
SK104432,20-06-25,26,Male,Mumbai,Grocery,3,38541,10,315,10,104060.7,12099.42,4,1
SK104433,13-07-24,35,Female,Pune,Electronics,2,40063,40,198,5,48075.6,3671.3,5,1
SK104434,12-05-24,21,Female,Pune,Fashion,3,37605,5,225,9,107174.25,18420.63,5,1
SK104435,05-10-24,50,Female,Bengaluru,Grocery,4,24955,40,434,4,59892,8389.45,2,1
SK104436,24-02-24,59,Male,Pune,Fashion,3,45231,30,357,6,94985.1,7407.82,4,1
SK104437,25-07-24,54,Male,Pune,Fashion,5,39045,5,383,10,185463.75,35309.75,4,1
SK104438,24-03-24,27,Male,Jaipur,Sports,3,29592,10,263,4,79898.4,14481.14,2,1
SK104439,07-05-25,26,Male,Jaipur,Fashion,5,47904,25,416,8,179640,20210.48,1,1
SK104440,22-07-24,38,Male,Delhi,Furniture,4,38758,20,159,6,124025.6,12070.26,1,1
SK104441,21-08-24,25,Male,Pune,Beauty,4,49773,0,141,1,199092,42767.07,2,1
SK104442,16-05-24,53,Male,Delhi,Grocery,3,16001,0,83,2,48003,3106.7,3,1
SK104443,14-07-24,43,Female,Delhi,Beauty,2,45739,40,526,3,54886.8,9521.47,2,1
SK104444,10-01-25,61,Male,Bengaluru,Grocery,4,36229,15,334,3,123178.6,15439.97,2,1
SK104445,06-08-24,34,Male,Hyderabad,Sports,4,48301,5,272,7,183543.8,39912.84,2,1
SK104446,27-10-24,52,Male,Hyderabad,Electronics,4,4516,30,329,3,12644.8,1169.5,3,0
SK104447,02-10-24,19,Female,Mumbai,Fashion,1,31386,25,203,6,23539.5,2569.09,3,0
SK104448,17-03-25,31,Female,Chennai,Fashion,3,40375,40,233,9,72675,18792.29,1,1
SK104449,22-09-24,38,Male,Jaipur,Beauty,5,31173,40,226,10,93519,18839.26,4,1
SK104450,01-12-24,30,Female,Bengaluru,Fashion,2,12606,40,221,7,15127.2,2328.31,1,0
SK104451,14-01-25,45,Female,Mumbai,Fashion,3,3698,20,183,9,8875.2,1895.27,4,0
SK104452,31-08-24,60,Male,Jaipur,Furniture,4,34788,30,127,4,97406.4,28128.89,1,1
SK104453,21-03-25,33,Female,Mumbai,Fashion,2,28924,10,220,3,52063.2,5205.28,4,1
SK104454,24-05-25,59,Female,Jaipur,Sports,1,12381,0,52,9,12381,1035.77,3,0
SK104455,09-02-25,58,Female,Bengaluru,Furniture,5,41677,25,591,6,156288.75,34165.82,2,1
SK104456,02-04-25,48,Female,Jaipur,Fashion,5,49579,25,569,2,185921.25,33719.87,1,1
SK104457,29-01-25,39,Male,Mumbai,Electronics,1,3325,10,477,10,2992.5,-93.21,5,0
SK104458,04-07-24,30,Female,Lucknow,Electronics,3,8311,25,587,10,18699.75,4874.65,2,1
SK104459,10-08-24,38,Female,Pune,Electronics,2,5452,20,51,4,8723.2,972.21,5,0
SK104460,02-11-24,48,Male,Jaipur,Sports,2,12527,40,119,9,15032.4,973.62,3,0
SK104461,01-02-24,47,Male,Lucknow,Furniture,2,39901,40,262,8,47881.2,13663.86,5,1
SK104462,24-02-25,42,Female,Delhi,Sports,4,35844,0,67,5,143376,23506.65,5,1
SK104463,15-06-25,19,Female,Hyderabad,Sports,1,25698,20,170,2,20558.4,2543.23,4,0
SK104464,26-04-25,30,Male,Delhi,Grocery,3,6642,20,282,6,15940.8,1301.73,3,0
SK104465,05-05-25,19,Male,Chennai,Beauty,4,21900,15,306,9,74460,10505.64,5,1
SK104466,06-09-24,57,Male,Mumbai,Sports,4,42129,10,355,1,151664.4,24596.21,4,1
SK104467,09-10-24,51,Male,Chennai,Beauty,4,45098,10,357,3,162352.8,19835.29,4,1
SK104468,29-01-25,55,Female,Jaipur,Furniture,3,1660,0,257,6,4980,1157.97,4,0
SK104469,10-03-24,20,Female,Bengaluru,Furniture,2,45543,40,120,1,54651.6,10922.09,1,1
SK104470,06-05-25,65,Female,Lucknow,Fashion,4,6971,5,294,3,26489.8,3516.57,4,1
SK104471,09-06-25,53,Female,Hyderabad,Beauty,3,16652,15,351,5,42462.6,4760.43,5,1
SK104472,26-01-24,44,Female,Mumbai,Sports,5,12496,10,226,7,56232,15247.26,1,1
SK104473,22-01-25,33,Female,Hyderabad,Grocery,3,23179,0,114,10,69537,19496.34,2,1
SK104474,06-06-24,27,Female,Hyderabad,Beauty,3,35989,10,586,6,97170.3,9361.32,1,1
SK104475,25-11-24,19,Female,Mumbai,Fashion,2,23181,15,358,10,39407.7,8668.57,2,1
SK104476,14-05-25,46,Female,Mumbai,Fashion,5,38849,5,124,4,184532.75,38496.67,5,1
SK104477,14-01-25,58,Male,Delhi,Grocery,3,15597,15,234,4,39772.35,3151.98,5,1
SK104478,14-05-24,30,Female,Bengaluru,Electronics,2,20325,30,400,4,28455,4773.27,5,1
SK104479,26-04-25,65,Male,Lucknow,Furniture,5,18304,30,275,7,64064,14061.25,2,1
SK104480,31-03-24,22,Female,Jaipur,Furniture,2,7918,10,495,2,14252.4,951.67,3,0
SK104481,19-05-25,41,Male,Lucknow,Fashion,4,33542,10,547,1,120751.2,6892.88,2,1
SK104482,07-03-25,36,Female,Pune,Grocery,4,16306,10,129,9,58701.6,13698.18,1,1
SK104483,24-05-24,49,Male,Chennai,Sports,5,4893,5,237,7,23241.75,6500.75,5,1
SK104484,10-04-25,60,Male,Jaipur,Electronics,2,8221,5,392,10,15619.9,787.65,5,0
SK104485,18-05-24,41,Male,Pune,Sports,5,21190,10,516,2,95355,26925.94,4,1
SK104486,26-09-24,36,Female,Lucknow,Electronics,2,9116,30,587,6,12762.4,299.96,3,0
SK104487,20-06-25,50,Male,Jaipur,Grocery,5,21753,40,316,4,65259,14733.46,1,1
SK104488,18-05-25,58,Female,Pune,Fashion,5,27884,10,510,3,125478,35744.17,2,1
SK104489,15-03-24,57,Male,Delhi,Sports,1,535,0,271,6,535,-145.12,4,0
SK104490,23-02-25,50,Male,Delhi,Beauty,5,36145,10,236,1,162652.5,24393.19,5,1
SK104491,06-05-24,55,Female,Hyderabad,Electronics,1,20979,25,318,4,15734.25,1587.76,3,0
SK104492,20-12-24,39,Male,Hyderabad,Beauty,2,7962,0,100,3,15924,4352.58,5,1
SK104493,22-11-24,62,Male,Pune,Beauty,5,20611,15,112,3,87596.75,8778.08,4,1
SK104494,11-02-25,32,Female,Lucknow,Electronics,5,32161,20,83,6,128644,16253.12,5,1
SK104495,25-12-24,56,Female,Chennai,Fashion,5,30916,5,179,4,146851,28604.87,1,1
SK104496,04-02-24,58,Male,Hyderabad,Sports,1,43343,10,256,4,39008.7,5342.42,4,1
SK104497,30-12-24,30,Female,Pune,Furniture,2,49893,25,302,1,74839.5,21172.06,4,1
SK104498,06-10-24,22,Male,Pune,Fashion,2,22690,5,373,6,43111,2210.45,5,0
SK104499,25-08-24,21,Male,Chennai,Beauty,4,27394,10,480,10,98618.4,28835.58,4,1
SK104500,21-10-24,33,Female,Lucknow,Sports,2,48928,30,468,7,68499.2,16110.86,1,1
SK104501,13-10-24,58,Female,Delhi,Electronics,1,23205,0,79,3,23205,5814.86,5,1
SK104502,16-11-24,28,Female,Jaipur,Grocery,5,13364,5,486,3,63479,7677.72,1,1
SK104503,08-10-24,55,Male,Pune,Sports,3,42836,30,236,5,89955.6,11232.03,5,1
SK104504,27-07-24,64,Male,Hyderabad,Grocery,3,5501,40,286,4,9901.8,851.88,4,0
SK104505,27-05-24,52,Female,Pune,Beauty,2,25554,15,196,6,43441.8,4710.34,3,1
SK104506,18-08-24,57,Male,Pune,Electronics,2,20653,30,395,6,28914.2,4059.93,3,1
SK104507,31-05-25,65,Male,Pune,Beauty,3,44393,5,113,9,126520.05,33884.65,1,1
SK104508,27-05-25,30,Male,Bengaluru,Grocery,5,42171,5,404,6,200312.25,37566.63,1,1
SK104509,27-04-24,61,Male,Delhi,Furniture,3,5319,30,100,3,11169.9,1506.97,4,0
SK104510,09-05-24,30,Male,Chennai,Furniture,5,38268,0,343,5,191340,22725.38,5,1
SK104511,04-06-25,42,Male,Jaipur,Sports,1,2223,0,244,8,2223,337.09,3,0
SK104512,03-04-25,25,Female,Delhi,Sports,5,32668,0,289,1,163340,28379.14,1,1
SK104513,12-04-25,51,Female,Pune,Grocery,5,45247,15,594,1,192299.75,35347.01,5,1
SK104514,23-06-25,23,Male,Chennai,Grocery,5,30060,30,84,4,105210,10235.68,5,1
SK104515,05-07-24,30,Male,Mumbai,Beauty,3,5115,15,555,4,13043.25,1482.54,1,0
SK104516,30-07-24,32,Male,Bengaluru,Beauty,4,12214,20,70,9,39084.8,9779.46,2,1
SK104517,03-04-24,62,Female,Hyderabad,Grocery,5,10863,15,141,9,46167.75,8442.98,3,1
SK104518,19-08-24,56,Female,Mumbai,Beauty,5,11546,0,181,6,57730,15891.72,5,1
SK104519,02-01-25,55,Female,Jaipur,Grocery,4,43384,5,227,1,164859.2,42068.7,3,1
SK104520,12-08-24,60,Male,Chennai,Furniture,3,8380,30,108,4,17598,1110.57,2,0
SK104521,13-11-24,63,Male,Mumbai,Fashion,4,20303,25,146,7,60909,7317.19,4,1
SK104522,02-04-25,46,Female,Bengaluru,Sports,3,13189,40,50,10,23740.2,4557.9,5,1
SK104523,18-04-24,50,Male,Mumbai,Grocery,3,27009,40,574,2,48616.2,12406.08,5,1
SK104524,13-07-24,57,Female,Chennai,Grocery,4,18431,25,158,3,55293,4148.4,2,1
SK104525,06-12-24,56,Female,Hyderabad,Grocery,2,48078,5,89,10,91348.2,4761.25,3,1
SK104526,17-01-25,27,Male,Bengaluru,Sports,3,2613,0,243,9,7839,1317.61,1,0
SK104527,04-09-24,21,Male,Lucknow,Sports,4,18507,10,399,4,66625.2,10750.03,1,1
SK104528,08-07-24,50,Female,Delhi,Grocery,4,15792,0,123,6,63168,13207.3,4,1
SK104529,06-01-25,34,Male,Bengaluru,Beauty,5,13248,40,326,2,39744,10844.96,2,1
SK104530,31-12-24,22,Male,Jaipur,Electronics,2,9434,30,114,7,13207.6,750.29,1,0
SK104531,08-12-24,28,Male,Chennai,Sports,2,32275,30,274,8,45185,4184.34,5,1
SK104532,26-12-24,49,Female,Chennai,Grocery,3,42661,5,378,7,121583.85,30782.28,3,1
SK104533,22-09-24,61,Male,Bengaluru,Sports,4,12413,5,277,8,47169.4,5608.13,4,1
SK104534,24-01-24,37,Female,Hyderabad,Fashion,3,32724,40,96,6,58903.2,16199.25,4,1
SK104535,31-08-24,28,Male,Bengaluru,Electronics,3,34791,0,338,8,104373,12564.04,5,1
SK104536,26-05-24,28,Female,Pune,Grocery,3,3593,10,128,9,9701.1,444,1,0
SK104537,29-01-24,22,Male,Delhi,Sports,4,7236,5,139,8,27496.8,6991.7,1,1
SK104538,23-02-25,58,Female,Hyderabad,Grocery,3,42872,15,514,6,109323.6,8684.34,2,1
SK104539,19-01-24,35,Male,Jaipur,Fashion,1,14191,20,128,2,11352.8,873.3,4,0
SK104540,10-01-24,44,Female,Bengaluru,Beauty,3,11966,5,241,9,34103.1,5134.38,5,1
SK104541,08-05-25,50,Male,Mumbai,Sports,4,18171,40,286,2,43610.4,10399.4,3,1
SK104542,11-06-25,56,Male,Mumbai,Sports,3,22383,20,100,9,53719.2,7861.5,3,1
SK104543,18-06-24,33,Female,Chennai,Fashion,5,5304,15,311,1,22542,2786.3,2,0
SK104544,17-04-24,43,Female,Chennai,Furniture,1,21996,0,406,10,21996,2587.69,5,0
SK104545,25-05-24,20,Female,Bengaluru,Fashion,5,41264,5,124,7,196004,26705.36,3,1
SK104546,08-06-24,24,Male,Mumbai,Sports,5,47103,10,177,10,211963.5,20228.87,2,1
SK104547,10-04-25,62,Male,Lucknow,Electronics,2,34304,30,448,9,48025.6,12981.13,4,1
SK104548,09-03-24,49,Male,Delhi,Fashion,3,24084,25,157,1,54189,8330.56,1,1
SK104549,02-12-24,59,Female,Bengaluru,Furniture,3,42541,0,145,4,127623,24963.47,3,1
SK104550,02-03-24,52,Female,Lucknow,Sports,2,25505,25,94,5,38257.5,4719.12,2,1
SK104551,16-12-24,47,Male,Mumbai,Beauty,3,14397,0,244,7,43191,4289.5,5,1
SK104552,24-02-25,38,Male,Lucknow,Fashion,3,22205,25,119,10,49961.25,13215.98,1,1
SK104553,01-11-24,60,Female,Delhi,Furniture,2,17088,25,355,8,25632,1494.48,2,0
SK104554,27-06-24,40,Female,Chennai,Grocery,3,43405,5,408,6,123704.25,23170.41,3,1
SK104555,21-06-24,24,Female,Jaipur,Sports,3,12046,25,190,6,27103.5,5854.78,3,1
SK104556,04-10-24,28,Male,Mumbai,Sports,5,34736,25,52,6,130260,20282.01,4,1
SK104557,18-12-24,43,Male,Delhi,Furniture,4,41936,15,163,7,142582.4,38392.08,2,1
SK104558,18-04-25,41,Male,Lucknow,Fashion,2,30764,5,593,9,58451.6,5689.5,4,1
SK104559,06-10-24,53,Female,Bengaluru,Furniture,5,35434,25,244,8,132877.5,33433.65,5,1
SK104560,22-04-25,33,Female,Lucknow,Sports,3,20328,30,347,6,42688.8,9292.84,4,1
SK104561,09-06-24,54,Female,Chennai,Grocery,3,530,20,341,9,1272,-216.46,3,0
SK104562,17-01-24,51,Male,Bengaluru,Sports,3,45256,25,164,9,101826,23419.13,1,1
SK104563,28-12-24,43,Female,Pune,Furniture,4,22835,30,252,2,63938,18072.89,5,1
SK104564,19-03-25,29,Male,Chennai,Electronics,5,5338,5,333,4,25355.5,6083.99,2,1
SK104565,18-06-24,55,Female,Lucknow,Furniture,2,22876,10,567,4,41176.8,5355.95,5,1
SK104566,24-11-24,32,Female,Chennai,Sports,3,35840,15,571,3,91392,17758.41,2,1
SK104567,16-01-25,39,Female,Mumbai,Grocery,2,31895,25,548,2,47842.5,5876.77,4,1
SK104568,09-03-24,50,Female,Delhi,Fashion,3,41528,0,290,6,124584,7826.87,3,1
SK104569,09-05-25,23,Female,Mumbai,Beauty,3,41823,20,473,5,100375.2,22807.21,3,1
SK104570,27-04-25,50,Male,Lucknow,Furniture,5,4576,15,412,1,19448,4862.71,4,1
SK104571,10-06-25,22,Female,Pune,Furniture,1,5259,25,347,5,3944.25,806.13,2,0
SK104572,23-09-24,43,Female,Bengaluru,Grocery,1,3874,40,247,1,2324.4,263.63,4,0
SK104573,20-07-24,53,Female,Delhi,Fashion,3,43876,30,507,1,92139.6,20984.07,4,1
SK104574,27-10-24,50,Male,Bengaluru,Sports,4,8999,0,104,9,35996,3624.24,5,1
SK104575,30-12-24,58,Female,Hyderabad,Beauty,3,32389,5,528,4,92308.65,20380.28,5,1
SK104576,29-03-25,29,Male,Chennai,Grocery,3,37378,0,304,6,112134,10821.21,4,1
SK104577,21-01-24,44,Male,Pune,Sports,4,15489,30,393,6,43369.2,12071.94,5,1
SK104578,27-02-24,19,Female,Hyderabad,Sports,2,48131,15,353,6,81822.7,17025.44,2,1
SK104579,12-03-24,37,Female,Mumbai,Fashion,4,43278,30,113,3,121178.4,16694.11,1,1
SK104580,12-12-24,53,Female,Chennai,Electronics,4,19887,40,357,5,47728.8,13763.63,5,1
SK104581,08-11-24,20,Male,Delhi,Grocery,4,42383,40,395,9,101719.2,20982.43,2,1
SK104582,16-11-24,21,Female,Jaipur,Fashion,3,4079,15,422,8,10401.45,146.29,4,0
SK104583,03-01-24,29,Female,Jaipur,Furniture,1,418,15,258,1,355.3,-189.73,4,0
SK104584,28-04-24,58,Male,Hyderabad,Sports,5,47920,25,352,8,179700,14411.02,1,1
SK104585,24-01-24,29,Female,Chennai,Beauty,1,20779,15,309,8,17662.15,3757.98,1,1
SK104586,03-10-24,43,Male,Pune,Fashion,2,9364,20,236,8,14982.4,4240.83,1,1
SK104587,01-02-25,39,Male,Lucknow,Fashion,5,32785,15,379,4,139336.25,33468.64,2,1
SK104588,16-10-24,44,Male,Bengaluru,Grocery,3,4406,25,359,4,9913.5,2555.39,5,0
SK104589,27-03-25,28,Female,Lucknow,Beauty,4,4120,5,595,2,15656,2910.75,5,0
SK104590,20-01-24,61,Male,Hyderabad,Sports,1,4856,15,238,2,4127.6,456.5,3,0
SK104591,07-01-24,56,Male,Chennai,Fashion,3,33780,40,137,3,60804,9244.54,1,1
SK104592,12-05-24,35,Male,Chennai,Sports,2,6017,10,342,5,10830.6,1775.7,2,0
SK104593,13-11-24,49,Male,Mumbai,Fashion,2,31292,0,529,4,62584,12580.38,5,1
SK104594,03-02-24,27,Male,Bengaluru,Sports,1,12082,10,135,8,10873.8,1335.5,2,0
SK104595,24-04-25,50,Female,Mumbai,Fashion,2,31629,15,219,2,53769.3,15556.06,1,1
SK104596,26-04-24,40,Female,Hyderabad,Electronics,2,7127,20,224,5,11403.2,933.89,2,0
SK104597,15-11-24,37,Male,Delhi,Electronics,4,36384,25,289,8,109152,27763.05,3,1
SK104598,17-08-24,55,Male,Hyderabad,Electronics,4,30634,20,514,6,98028.8,18035.88,2,1
SK104599,27-01-24,64,Female,Pune,Fashion,3,27623,15,316,6,70438.65,16963.27,5,1
SK104600,06-02-25,55,Female,Mumbai,Grocery,3,13324,15,590,8,33976.2,8154.8,4,1
SK104601,29-01-25,57,Male,Chennai,Sports,2,15329,20,204,6,24526.4,4786.52,1,1
SK104602,22-01-25,46,Female,Hyderabad,Furniture,4,30456,0,93,10,121824,20093.59,1,1
SK104603,07-02-25,22,Male,Jaipur,Furniture,5,8757,15,78,6,37217.25,5262.54,3,1
SK104604,10-09-24,27,Male,Bengaluru,Fashion,3,10071,10,195,8,27191.7,2052.51,2,0
SK104605,15-05-25,36,Male,Lucknow,Furniture,5,22473,40,97,4,67419,8742.97,4,1
SK104606,22-01-24,40,Female,Chennai,Electronics,2,25783,30,132,2,36096.2,10262.37,1,1
SK104607,16-12-24,59,Male,Pune,Grocery,2,1106,15,264,9,1880.2,209.36,1,0
SK104608,18-03-25,54,Male,Hyderabad,Beauty,1,14961,40,580,5,8976.6,896.5,5,0
SK104609,28-10-24,39,Female,Hyderabad,Grocery,4,12166,5,360,1,46230.8,9822.51,4,1
SK104610,04-01-24,42,Female,Pune,Electronics,3,3032,5,245,8,8641.2,1520.26,5,0
SK104611,09-03-25,30,Male,Hyderabad,Fashion,4,20545,40,149,10,49308,10705.89,2,1
SK104612,23-06-24,42,Male,Lucknow,Electronics,4,27745,5,298,1,105431,24815.63,4,1
SK104613,13-11-24,42,Female,Hyderabad,Fashion,3,35620,5,219,9,101517,16795.1,1,1
SK104614,16-09-24,51,Female,Bengaluru,Grocery,5,38459,0,194,5,192295,16626.73,1,1
SK104615,18-11-24,39,Female,Jaipur,Fashion,4,1924,30,70,4,5387.2,766.96,3,0
SK104616,02-09-24,53,Female,Jaipur,Furniture,4,44737,20,68,7,143158.4,22237.05,1,1
SK104617,30-12-24,21,Female,Mumbai,Grocery,1,41599,0,534,8,41599,5062.93,4,1
SK104618,03-01-25,43,Male,Delhi,Furniture,1,37845,25,352,8,28383.75,3594.8,4,1
SK104619,11-02-24,32,Male,Pune,Fashion,4,25389,30,277,3,71089.2,10626.63,3,1
SK104620,10-08-24,43,Male,Bengaluru,Grocery,2,44818,30,408,10,62745.2,16262.32,1,1
SK104621,21-07-24,34,Male,Lucknow,Sports,3,28739,10,405,6,77595.3,7955.91,4,1
SK104622,26-04-25,25,Male,Lucknow,Fashion,3,34507,15,154,9,87992.85,25151.07,5,1
SK104623,01-01-25,58,Female,Lucknow,Grocery,2,29260,15,281,6,49742,5391.35,4,1
SK104624,03-04-25,51,Male,Jaipur,Fashion,2,38326,5,576,6,72819.4,12694.33,3,1
SK104625,16-05-24,55,Female,Chennai,Beauty,2,40183,10,204,7,72329.4,10495.5,1,1
SK104626,12-05-24,39,Male,Mumbai,Sports,5,4619,5,420,7,21940.25,1250.65,2,0
SK104627,04-11-24,39,Female,Chennai,Electronics,3,45365,15,252,8,115680.75,7365.84,3,1
SK104628,02-08-24,18,Female,Lucknow,Electronics,5,41340,5,499,6,196365,43670.88,1,1
SK104629,15-09-24,42,Female,Hyderabad,Fashion,3,15239,25,277,7,34287.75,3517.85,2,1
SK104630,10-11-24,61,Male,Chennai,Grocery,1,34100,25,225,8,25575,3882.07,4,1
SK104631,17-03-25,33,Male,Pune,Furniture,3,24894,25,172,9,56011.5,14257.4,2,1
SK104632,26-04-25,22,Female,Jaipur,Grocery,1,321,25,514,6,240.75,-442.42,2,0
SK104633,27-01-25,51,Female,Pune,Electronics,4,26229,15,556,9,89178.6,19974.15,1,1
SK104634,19-02-24,64,Female,Lucknow,Sports,3,32656,15,72,4,83272.8,14633.49,4,1
SK104635,24-01-24,52,Female,Jaipur,Furniture,3,42665,40,480,5,76797,13256.37,2,1
SK104636,01-08-24,61,Female,Jaipur,Sports,2,10296,0,206,8,20592,3378.58,2,1
SK104637,27-08-24,47,Female,Pune,Furniture,5,7866,25,476,3,29497.5,5527.84,5,1
SK104638,09-12-24,49,Male,Bengaluru,Sports,5,27612,0,408,10,138060,21849.62,3,1
SK104639,26-01-25,63,Male,Hyderabad,Fashion,1,1507,20,389,9,1205.6,-275.08,5,0
SK104640,14-03-24,24,Female,Delhi,Furniture,5,33416,5,51,2,158726,18018.51,4,1
SK104641,27-10-24,46,Female,Pune,Grocery,2,26060,20,100,9,41696,8532.2,3,1
SK104642,05-08-24,57,Female,Hyderabad,Furniture,2,36165,25,473,3,54247.5,8052.26,1,1
SK104643,22-05-24,18,Female,Chennai,Grocery,1,7643,20,266,8,6114.4,682.36,5,0
SK104644,13-05-25,48,Female,Bengaluru,Fashion,3,24999,30,384,10,52497.9,8410.22,5,1
SK104645,20-01-24,61,Male,Delhi,Beauty,5,16825,5,345,5,79918.75,20162.53,2,1
SK104646,06-01-25,19,Male,Delhi,Sports,5,10185,40,420,2,30555,7578.35,1,1
SK104647,08-12-24,44,Female,Mumbai,Beauty,4,13140,25,390,10,39420,6402.66,2,1
SK104648,28-02-24,58,Male,Delhi,Sports,2,37968,20,400,10,60748.8,4068.09,3,1
SK104649,22-06-24,48,Male,Chennai,Grocery,3,12194,5,85,1,34752.9,3728.75,1,1
SK104650,30-03-24,65,Female,Mumbai,Grocery,3,13998,30,275,4,29395.8,4284.02,2,1
SK104651,03-03-25,28,Female,Pune,Sports,3,2020,5,90,4,5757,1286.19,4,0
SK104652,02-09-24,34,Female,Jaipur,Sports,1,34387,10,479,1,30948.3,8568.48,2,1
SK104653,15-04-25,46,Male,Delhi,Furniture,5,22371,20,261,4,89484,8722.21,1,1
SK104654,12-03-24,38,Female,Lucknow,Furniture,2,14621,20,262,1,23393.6,3342.63,4,1
SK104655,21-01-24,26,Male,Bengaluru,Fashion,3,11154,15,448,5,28442.7,4138.88,2,1
SK104656,12-07-24,29,Female,Delhi,Furniture,1,6589,5,263,1,6259.55,840.89,3,0
SK104657,20-06-24,24,Female,Pune,Furniture,4,46548,0,202,3,186192,46915.58,4,1
SK104658,05-02-24,42,Female,Bengaluru,Beauty,3,393,10,306,9,1061.1,-55.68,1,0
SK104659,10-06-24,48,Female,Delhi,Sports,3,28040,5,209,1,79914,4783.45,2,1
SK104660,06-10-24,41,Male,Bengaluru,Beauty,4,32652,10,301,10,117547.2,6495.3,2,1
SK104661,27-04-24,54,Male,Bengaluru,Beauty,4,36113,30,278,8,101116.4,13795.67,1,1
SK104662,24-05-24,55,Female,Pune,Fashion,4,29520,15,121,3,100368,14441.7,1,1
SK104663,21-03-25,37,Male,Jaipur,Fashion,4,37294,0,554,6,149176,42586.49,1,1
SK104664,04-01-25,64,Female,Chennai,Electronics,2,16006,25,373,3,24009,2595.31,5,0
SK104665,22-07-24,50,Female,Hyderabad,Electronics,2,20947,10,102,1,37704.6,6009.23,2,1
SK104666,05-02-25,50,Male,Jaipur,Furniture,3,33364,10,410,6,90082.8,25770.03,5,1
SK104667,07-12-24,53,Female,Mumbai,Beauty,1,45514,0,89,2,45514,10955.57,1,1
SK104668,12-01-24,61,Female,Pune,Electronics,3,6255,30,452,1,13135.5,970.89,5,0
SK104669,20-04-24,53,Female,Lucknow,Furniture,5,30114,25,304,4,112927.5,30953.23,2,1
SK104670,14-05-25,22,Male,Hyderabad,Sports,2,16787,10,565,5,30216.6,7799.05,1,1
SK104671,08-12-24,63,Female,Bengaluru,Grocery,1,11873,20,139,3,9498.4,930.05,5,0
SK104672,23-04-25,33,Male,Lucknow,Furniture,3,13338,5,249,1,38013.3,6915.48,4,1
SK104673,12-06-25,59,Female,Pune,Furniture,5,35258,30,451,8,123403,33606.51,2,1
SK104674,15-11-24,19,Female,Bengaluru,Fashion,4,4948,10,541,4,17812.8,1326.26,1,0
SK104675,14-04-24,63,Male,Chennai,Electronics,5,38734,10,248,5,174303,28818,3,1
SK104676,22-08-24,22,Female,Mumbai,Grocery,2,10994,5,53,10,20888.6,4422.4,3,1
SK104677,31-07-24,54,Female,Bengaluru,Grocery,3,35747,30,147,5,75068.7,5286.28,1,1
SK104678,07-05-25,38,Female,Mumbai,Beauty,5,2364,0,84,8,11820,1634.24,3,0
SK104679,23-07-24,45,Female,Delhi,Electronics,4,44785,15,96,4,152269,26207.9,4,1
SK104680,27-10-24,40,Female,Jaipur,Electronics,5,22946,30,122,3,80311,12723.49,5,1
SK104681,27-02-25,27,Male,Delhi,Beauty,3,18939,15,505,7,48294.45,12227.01,2,1
SK104682,09-04-24,24,Male,Lucknow,Sports,5,21856,20,472,7,87424,20765.53,2,1
SK104683,20-05-24,41,Male,Pune,Sports,2,9546,20,388,8,15273.6,2327.21,3,0
SK104684,31-01-24,64,Male,Lucknow,Furniture,5,34452,15,378,8,146421,24524.98,5,1
SK104685,09-03-24,63,Male,Pune,Furniture,3,40043,40,110,9,72077.4,6794.58,1,1
SK104686,22-12-24,18,Male,Bengaluru,Furniture,4,33023,5,446,6,125487.4,30820.01,2,1
SK104687,04-05-25,37,Female,Hyderabad,Sports,4,5839,20,274,2,18684.8,732.18,1,0
SK104688,14-09-24,30,Male,Hyderabad,Electronics,1,42884,0,197,10,42884,12239.78,4,1
SK104689,06-06-25,63,Female,Delhi,Beauty,1,47056,0,599,10,47056,9183.09,4,1
SK104690,14-04-25,33,Male,Mumbai,Beauty,3,2298,25,245,4,5170.5,832.77,2,0
SK104691,01-03-24,32,Female,Jaipur,Sports,5,6293,30,54,10,22025.5,4931.39,1,1
SK104692,01-08-24,20,Female,Lucknow,Fashion,4,24084,40,592,7,57801.6,8932.58,4,1
SK104693,25-02-24,25,Male,Pune,Sports,5,43635,0,512,1,218175,26080.63,2,1
SK104694,24-04-25,34,Male,Pune,Sports,5,17135,10,593,4,77107.5,17387.04,3,1
SK104695,08-07-24,28,Male,Delhi,Fashion,2,14222,20,327,5,22755.2,5398.62,1,1
SK104696,16-04-24,48,Female,Lucknow,Furniture,3,19429,25,213,1,43715.25,12679.72,3,1
SK104697,16-02-25,44,Female,Chennai,Sports,1,10665,5,286,3,10131.75,2454.51,2,0
SK104698,17-09-24,63,Female,Bengaluru,Furniture,1,45455,10,584,2,40909.5,5999.4,1,1
SK104699,31-03-24,41,Female,Mumbai,Beauty,3,14909,40,148,6,26836.2,5292.22,2,1
SK104700,08-12-24,63,Male,Bengaluru,Beauty,3,41812,30,482,8,87805.2,20675.84,2,1
SK104701,10-04-24,20,Female,Lucknow,Beauty,2,47371,10,154,3,85267.8,18336.34,5,1
SK104702,07-01-25,38,Female,Bengaluru,Beauty,5,25621,5,229,3,121699.75,34430.47,3,1
SK104703,18-09-24,56,Male,Jaipur,Furniture,3,4505,0,593,1,13515,3170.85,1,1
SK104704,07-07-24,62,Male,Hyderabad,Grocery,4,7670,40,85,8,18408,3887.47,4,1
SK104705,10-05-25,34,Female,Hyderabad,Sports,1,26228,30,80,2,18359.6,3769.71,2,1
SK104706,13-06-24,45,Male,Mumbai,Beauty,1,40344,15,75,5,34292.4,5641.96,3,1
SK104707,27-03-25,20,Male,Chennai,Sports,3,3280,25,162,9,7380,1743.81,3,0
SK104708,14-03-24,22,Female,Hyderabad,Fashion,1,43708,25,82,1,32781,6376.32,3,1
SK104709,04-01-25,53,Male,Mumbai,Sports,3,32021,25,294,6,72047.25,15047.93,4,1
SK104710,10-04-25,18,Female,Jaipur,Sports,1,14306,25,290,6,10729.5,2622.59,5,0
SK104711,10-04-25,55,Female,Chennai,Sports,2,41899,25,388,4,62848.5,7484.24,3,1
SK104712,20-03-25,51,Male,Pune,Electronics,4,31596,20,293,8,101107.2,25812.46,2,1
SK104713,17-11-24,42,Male,Chennai,Sports,1,23219,25,283,8,17414.25,3355.55,5,1
SK104714,15-02-25,47,Male,Pune,Electronics,1,39123,5,418,8,37166.85,8174.57,3,1
SK104715,08-09-24,51,Male,Jaipur,Electronics,2,33720,30,563,1,47208,3471.11,5,1
SK104716,28-08-24,26,Female,Chennai,Fashion,5,2365,5,444,7,11233.75,1292.87,1,0
SK104717,30-04-25,45,Male,Pune,Beauty,1,45601,25,508,5,34200.75,5883.65,3,1
SK104718,05-10-24,47,Male,Bengaluru,Furniture,3,7094,15,248,10,18089.7,3101.63,2,1
SK104719,16-01-25,60,Male,Lucknow,Fashion,2,11010,5,501,5,20919,2842.59,3,0
SK104720,07-05-25,63,Female,Pune,Beauty,4,6672,15,456,4,22684.8,1965.79,3,0
SK104721,15-05-25,56,Female,Hyderabad,Electronics,2,22942,25,187,8,34413,9039.21,4,1
SK104722,18-01-24,58,Female,Chennai,Grocery,1,44262,15,305,4,37622.7,8977.72,4,1
SK104723,27-07-24,26,Male,Delhi,Electronics,2,48971,40,292,6,58765.2,16679.17,3,1
SK104724,18-04-25,31,Female,Lucknow,Beauty,5,29314,40,283,2,87942,23603.91,4,1
SK104725,17-06-25,39,Male,Chennai,Fashion,4,41499,30,69,9,116197.2,32115.67,4,1
SK104726,31-12-24,64,Male,Pune,Electronics,1,20323,15,599,10,17274.55,1162.78,3,0
SK104727,28-02-24,47,Female,Lucknow,Electronics,1,44834,5,441,9,42592.3,8624.56,5,1
SK104728,05-02-24,28,Male,Hyderabad,Grocery,5,13567,40,80,1,40701,5178.48,2,1
SK104729,19-04-25,32,Male,Bengaluru,Grocery,4,17865,10,398,3,64314,10594.1,4,1
SK104730,11-04-25,63,Male,Mumbai,Beauty,2,21812,20,267,6,34899.2,6634.11,1,1
SK104731,08-10-24,50,Male,Mumbai,Beauty,3,42916,0,301,2,128748,20728.49,2,1
SK104732,13-06-24,61,Male,Delhi,Grocery,1,17074,10,596,9,15366.6,2194.9,2,0
SK104733,09-12-24,60,Female,Bengaluru,Sports,3,38437,20,199,10,92248.8,24584.67,2,1
SK104734,03-02-25,52,Male,Bengaluru,Beauty,3,49193,20,516,9,118063.2,32279.28,4,1
SK104735,31-05-24,34,Female,Pune,Fashion,5,35177,0,290,2,175885,46629.12,2,1
SK104736,01-02-25,54,Male,Lucknow,Furniture,5,6234,15,374,4,26494.5,3698.85,5,1
SK104737,15-02-25,29,Female,Jaipur,Grocery,5,19364,20,382,2,77456,17455.34,3,1
SK104738,13-03-25,61,Female,Mumbai,Grocery,4,6287,10,490,8,22633.2,4557.81,1,1
SK104739,20-12-24,18,Male,Mumbai,Fashion,4,36005,0,78,5,144020,37189.25,2,1
SK104740,19-04-24,22,Male,Hyderabad,Furniture,2,48799,5,253,1,92718.1,25782.04,1,1
SK104741,03-05-25,47,Female,Delhi,Grocery,4,1976,20,582,9,6323.2,655.48,1,0
SK104742,15-02-25,24,Male,Jaipur,Furniture,1,43644,20,275,8,34915.2,6177.72,1,1
SK104743,29-05-25,29,Male,Mumbai,Beauty,3,3082,25,320,9,6934.5,1481.26,1,0
SK104744,27-02-25,53,Female,Pune,Beauty,3,21711,10,388,8,58619.7,15787.31,1,1
SK104745,02-12-24,65,Male,Delhi,Fashion,1,7065,5,430,8,6711.75,50.69,4,0
SK104746,17-04-25,63,Female,Pune,Fashion,4,49779,0,448,1,199116,41606.66,3,1
SK104747,24-09-24,64,Male,Bengaluru,Beauty,3,20377,15,379,9,51961.35,3965.32,4,1
SK104748,17-02-25,36,Female,Lucknow,Fashion,1,35806,30,584,3,25064.2,834.32,3,0
SK104749,04-09-24,28,Male,Mumbai,Sports,1,40123,15,572,8,34104.55,3004.09,4,1
SK104750,11-04-25,46,Male,Bengaluru,Fashion,4,2325,5,187,1,8835,1994.47,2,0
SK104751,08-04-24,39,Female,Hyderabad,Fashion,1,35700,25,468,6,26775,7398.15,3,1
SK104752,02-01-24,33,Female,Lucknow,Grocery,2,24029,10,179,4,43252.2,4371.48,4,1
SK104753,10-12-24,60,Female,Pune,Furniture,3,40631,10,474,4,109703.7,27121.99,5,1
SK104754,16-06-25,62,Male,Mumbai,Electronics,5,47838,0,345,5,239190,59117.78,2,1
SK104755,13-11-24,43,Female,Delhi,Grocery,1,29206,30,416,1,20444.2,4415.46,5,1
SK104756,18-01-25,48,Male,Jaipur,Sports,2,30210,5,394,2,57399,10461.96,2,1
SK104757,15-02-25,52,Male,Hyderabad,Sports,5,14394,30,539,6,50379,4281,4,1
SK104758,30-07-24,18,Female,Pune,Furniture,2,14156,25,333,3,21234,4696.22,1,1
SK104759,06-02-25,28,Female,Chennai,Furniture,2,2845,5,94,8,5405.5,184.28,5,0
SK104760,04-06-25,18,Male,Delhi,Grocery,1,16894,10,510,4,15204.6,3729.46,3,1
SK104761,22-01-25,53,Female,Mumbai,Grocery,4,12384,25,233,7,37152,10535.19,3,1
SK104762,28-04-25,39,Female,Jaipur,Sports,4,1689,25,259,5,5067,957.68,4,0
SK104763,10-06-25,33,Female,Hyderabad,Furniture,4,22581,20,173,8,72259.2,16607.85,4,1
SK104764,01-10-24,63,Female,Hyderabad,Electronics,4,9768,15,464,7,33211.2,5323.27,4,1
SK104765,24-12-24,41,Female,Mumbai,Electronics,5,18701,20,148,7,74804,16012.06,1,1
SK104766,26-02-24,28,Female,Bengaluru,Electronics,1,34187,30,442,9,23930.9,4726.87,1,1
SK104767,18-08-24,24,Female,Lucknow,Electronics,2,29091,10,298,10,52363.8,11343.34,4,1
SK104768,01-06-24,39,Female,Mumbai,Electronics,3,29587,20,344,8,71008.8,17734.73,2,1
SK104769,30-05-24,38,Female,Mumbai,Furniture,4,2444,40,513,7,5865.6,-67.1,3,0
SK104770,13-10-24,55,Female,Chennai,Fashion,1,17243,0,353,7,17243,539.63,2,0
SK104771,23-07-24,26,Female,Delhi,Sports,2,46903,30,393,7,65664.2,17123.85,2,1
SK104772,10-06-24,40,Male,Jaipur,Furniture,1,48177,15,330,5,40950.45,10088.74,3,1
SK104773,18-05-24,60,Male,Hyderabad,Fashion,4,12849,30,316,10,35977.2,1715.65,4,0
SK104774,14-08-24,54,Female,Mumbai,Beauty,3,5988,0,408,1,17964,4947.96,4,1
SK104775,05-03-25,46,Female,Pune,Furniture,5,45643,10,391,10,205393.5,10489.79,4,1
SK104776,02-12-24,53,Female,Bengaluru,Fashion,1,28986,20,368,7,23188.8,4350.27,5,1
SK104777,19-06-24,30,Male,Pune,Grocery,4,46578,5,228,3,176996.4,8895.05,5,1
SK104778,25-01-25,27,Female,Jaipur,Sports,2,44521,25,171,8,66781.5,8264.86,1,1
SK104779,31-01-24,41,Female,Lucknow,Sports,5,22910,30,246,3,80185,20721.8,1,1
SK104780,29-05-25,53,Female,Mumbai,Fashion,1,9541,40,577,8,5724.6,238.49,3,0
SK104781,12-05-25,37,Female,Jaipur,Beauty,4,28129,15,277,10,95638.6,11468.84,1,1
SK104782,29-03-24,63,Male,Pune,Grocery,1,26816,15,248,10,22793.6,6431.25,4,1
SK104783,28-02-25,58,Female,Jaipur,Sports,3,5008,5,104,7,14272.8,1930.43,5,0
SK104784,17-03-24,27,Male,Bengaluru,Beauty,1,16830,10,151,5,15147,954.2,3,0
SK104785,01-03-24,53,Female,Mumbai,Electronics,5,10239,30,551,8,35836.5,8298.52,5,1
SK104786,26-07-24,36,Male,Pune,Fashion,1,14151,15,327,7,12028.35,2535.26,2,0
SK104787,02-02-25,36,Female,Chennai,Beauty,5,42577,25,468,4,159663.75,15285.69,4,1
SK104788,26-05-25,33,Female,Pune,Beauty,5,16593,30,201,7,58075.5,17085.94,3,1
SK104789,13-09-24,29,Female,Mumbai,Furniture,4,22286,15,371,7,75772.4,7260.13,4,1
SK104790,02-02-25,63,Female,Hyderabad,Furniture,4,584,20,363,4,1868.8,-143.49,2,0
SK104791,25-01-24,19,Male,Chennai,Furniture,2,36883,10,60,7,66389.4,7014.95,3,1
SK104792,05-02-24,64,Female,Bengaluru,Grocery,3,40911,10,172,2,110459.7,29977.12,5,1
SK104793,09-01-24,42,Female,Pune,Fashion,1,21619,40,424,7,12971.4,1641.17,2,0
SK104794,09-12-24,29,Male,Chennai,Electronics,4,20593,10,575,3,74134.8,16673.88,1,1
SK104795,30-11-24,51,Female,Delhi,Grocery,3,15517,30,99,9,32585.7,4341.14,1,1
SK104796,21-05-24,39,Female,Chennai,Electronics,2,2394,30,583,3,3351.6,218.37,5,0
SK104797,26-01-25,22,Female,Lucknow,Fashion,3,48871,0,426,2,146613,23793.28,5,1
SK104798,04-04-25,24,Male,Hyderabad,Grocery,5,42141,40,152,1,126423,31325.58,5,1
SK104799,17-03-24,27,Male,Mumbai,Fashion,5,20553,40,571,2,61659,8077.81,3,1
SK104800,06-12-24,19,Male,Jaipur,Electronics,1,37257,25,515,3,27942.75,4106.45,4,1
SK104801,24-12-24,23,Male,Hyderabad,Fashion,3,43712,20,565,4,104908.8,15414.97,1,1
SK104802,05-07-24,58,Female,Pune,Furniture,5,43925,20,395,4,175700,22155.48,5,1
SK104803,11-09-24,38,Female,Chennai,Sports,1,29588,20,517,8,23670.4,6028.05,3,1
SK104804,05-05-25,27,Male,Pune,Electronics,2,10893,5,548,8,20696.7,1074.35,2,0
SK104805,05-05-24,53,Female,Bengaluru,Furniture,3,42394,10,515,7,114463.8,16502.07,5,1
SK104806,05-12-24,34,Female,Lucknow,Fashion,2,38523,25,249,10,57784.5,11129.81,5,1
SK104807,30-12-24,61,Female,Chennai,Grocery,4,26964,25,542,5,80892,11832.68,4,1
SK104808,24-08-24,26,Female,Mumbai,Furniture,3,10638,25,308,9,23935.5,5968.04,4,1
SK104809,17-12-24,27,Female,Mumbai,Grocery,5,21990,40,405,5,65970,19361.67,5,1
SK104810,27-04-24,37,Female,Lucknow,Furniture,5,43608,5,354,4,207138,13591.05,2,1
SK104811,20-04-24,48,Female,Pune,Sports,1,4034,15,490,6,3428.9,250.95,3,0
SK104812,22-04-25,18,Female,Delhi,Furniture,4,48714,5,98,1,185113.2,19837.22,2,1
SK104813,27-01-25,36,Male,Chennai,Fashion,5,1892,40,170,10,5676,260.14,3,0
SK104814,12-05-24,64,Female,Delhi,Grocery,4,30566,20,349,2,97811.2,24998.18,4,1
SK104815,11-07-24,59,Male,Chennai,Grocery,2,11749,15,347,10,19973.3,953.13,5,0
SK104816,08-11-24,43,Female,Pune,Electronics,2,10509,15,335,3,17865.3,3043.15,2,1
SK104817,17-08-24,61,Male,Mumbai,Grocery,2,13663,5,560,4,25959.7,1456.02,5,0
SK104818,10-09-24,28,Male,Pune,Grocery,2,15771,40,135,7,18925.2,5100.42,4,1
SK104819,30-04-25,35,Male,Bengaluru,Sports,4,22775,5,403,5,86545,4110.78,3,1
SK104820,19-03-24,30,Male,Pune,Fashion,4,13995,25,548,1,41985,6975.67,4,1
SK104821,05-02-25,62,Male,Jaipur,Fashion,5,13959,30,330,8,48856.5,3459.95,3,1
SK104822,15-04-24,59,Male,Jaipur,Fashion,5,38237,15,261,8,162507.25,27190.23,3,1
SK104823,28-12-24,45,Female,Chennai,Sports,2,2353,40,193,8,2823.6,-39.41,2,0
SK104824,05-08-24,53,Female,Bengaluru,Beauty,3,40406,25,338,8,90913.5,25855.33,1,1
SK104825,01-06-25,44,Male,Chennai,Electronics,4,40088,0,529,10,160352,37675.75,5,1
SK104826,10-01-24,62,Male,Bengaluru,Furniture,2,49061,0,483,8,98122,22562.51,1,1
SK104827,28-12-24,30,Female,Mumbai,Grocery,4,3590,25,131,2,10770,2156.94,2,0
SK104828,08-01-24,57,Female,Lucknow,Grocery,1,41633,10,110,1,37469.7,3079.73,4,1
SK104829,20-02-25,61,Female,Lucknow,Grocery,1,6818,40,188,5,4090.8,328.36,2,0
SK104830,05-03-25,57,Female,Hyderabad,Electronics,3,28000,20,114,6,67200,12347.28,3,1
SK104831,03-11-24,44,Female,Pune,Electronics,5,43123,30,135,4,150930.5,11001.25,4,1
SK104832,16-11-24,39,Male,Chennai,Fashion,2,34257,40,175,1,41108.4,3367.7,4,1
SK104833,01-05-25,53,Male,Lucknow,Beauty,2,4914,20,548,4,7862.4,1581.43,2,0
SK104834,04-11-24,61,Male,Mumbai,Electronics,1,29061,40,344,9,17436.6,3187.24,3,1
SK104835,12-05-24,19,Female,Jaipur,Beauty,2,37966,10,83,1,68338.8,14234.44,4,1
SK104836,18-07-24,38,Male,Hyderabad,Beauty,2,32283,30,595,7,45196.2,10616.48,1,1
SK104837,10-07-24,23,Male,Mumbai,Sports,5,28567,25,518,10,107126.25,25158.05,5,1
SK104838,05-06-25,61,Male,Jaipur,Grocery,5,45928,30,272,2,160748,8512.23,5,1
SK104839,03-11-24,53,Female,Delhi,Furniture,5,15968,20,554,9,63872,8983.78,2,1
SK104840,28-04-25,62,Male,Bengaluru,Furniture,5,44894,40,328,10,134682,31147.5,2,1
SK104841,18-06-24,54,Female,Delhi,Fashion,4,32822,15,291,7,111594.8,31224.3,5,1
SK104842,13-04-25,25,Female,Pune,Sports,4,24950,0,84,1,99800,13603,3,1
SK104843,29-03-24,38,Male,Mumbai,Fashion,1,35882,20,502,3,28705.6,6801.28,3,1
SK104844,11-05-24,49,Female,Delhi,Beauty,5,28402,10,510,2,127809,20400.69,4,1
SK104845,25-08-24,23,Female,Delhi,Sports,2,10617,5,366,2,20172.3,2886.76,3,0
SK104846,06-05-25,55,Male,Jaipur,Furniture,5,20497,15,51,7,87112.25,25616.23,3,1
SK104847,30-08-24,25,Male,Chennai,Electronics,2,35557,15,305,5,60446.9,17131.83,3,1
SK104848,03-10-24,46,Female,Lucknow,Sports,5,9926,15,535,10,42185.5,7068.31,5,1
SK104849,12-06-24,59,Male,Delhi,Grocery,4,35814,40,546,3,85953.6,9777.96,1,1
SK104850,10-09-24,59,Female,Pune,Grocery,5,1880,5,288,1,8930,1269.56,1,0
SK104851,02-01-24,64,Male,Bengaluru,Furniture,3,12769,20,464,3,30645.6,6960.52,2,1
SK104852,02-10-24,34,Female,Delhi,Fashion,2,35663,10,399,1,64193.4,14983.71,3,1
SK104853,15-05-25,20,Female,Chennai,Fashion,5,45282,15,414,1,192448.5,18584.42,3,1
SK104854,18-10-24,59,Male,Pune,Furniture,5,21004,30,510,3,73514,20852.9,2,1
SK104855,15-03-25,19,Female,Chennai,Furniture,4,32554,20,359,2,104172.8,15671.83,5,1
SK104856,09-01-24,56,Female,Delhi,Fashion,1,46815,5,326,8,44474.25,2697.83,5,0
SK104857,16-12-24,55,Female,Chennai,Sports,3,23911,30,467,8,50213.1,13099.77,3,1
SK104858,29-03-25,37,Female,Bengaluru,Fashion,5,10812,20,327,4,43248,8216.56,2,1
SK104859,15-02-24,40,Male,Lucknow,Grocery,3,37480,15,524,10,95574,26565.38,3,1
SK104860,02-12-24,18,Male,Lucknow,Electronics,3,48039,20,301,4,115293.6,26728.48,2,1
SK104861,18-01-25,51,Female,Lucknow,Fashion,3,896,40,261,10,1612.8,-108.42,5,0
SK104862,28-02-24,54,Male,Mumbai,Grocery,4,42423,15,574,9,144238.2,36499.49,2,1
SK104863,09-06-25,44,Male,Delhi,Sports,1,15215,40,221,6,9129,1303.14,4,0
SK104864,26-03-24,55,Male,Chennai,Furniture,3,22125,0,364,2,66375,7473.59,5,1
SK104865,20-03-24,41,Male,Hyderabad,Electronics,1,12925,15,198,10,10986.25,2745.31,3,0
SK104866,18-06-25,56,Female,Pune,Beauty,3,36211,20,537,9,86906.4,4722.68,3,1
SK104867,24-10-24,31,Female,Mumbai,Furniture,4,44219,20,299,9,141500.8,33985.77,3,1
SK104868,24-05-24,18,Female,Hyderabad,Electronics,4,4323,10,68,5,15562.8,757.93,3,0
SK104869,18-02-24,33,Male,Hyderabad,Electronics,1,34188,0,536,6,34188,2812.79,2,0
SK104870,01-05-25,22,Female,Delhi,Fashion,3,15214,10,462,10,41077.8,10031.31,2,1
SK104871,11-06-25,55,Male,Bengaluru,Electronics,3,25187,15,345,2,64226.85,17199.27,1,1
SK104872,18-07-24,62,Female,Hyderabad,Furniture,3,36233,25,263,6,81524.25,16847.73,1,1
SK104873,02-05-24,53,Male,Chennai,Fashion,3,377,30,401,10,791.7,-203.25,1,0
SK104874,07-03-24,53,Female,Jaipur,Electronics,5,5221,40,492,7,15663,4136.47,3,1
SK104875,22-05-24,45,Female,Pune,Sports,4,38766,10,167,3,139557.6,7738.11,4,1
SK104876,05-03-25,50,Female,Lucknow,Furniture,1,28584,10,358,3,25725.6,2448.25,4,0
SK104877,03-02-25,35,Male,Chennai,Beauty,2,29557,40,51,2,35468.4,9437.26,1,1
SK104878,31-03-25,19,Female,Pune,Fashion,1,41883,0,190,2,41883,6451.62,4,1
SK104879,16-02-25,53,Male,Jaipur,Beauty,3,23876,30,51,5,50139.6,12845.66,2,1
SK104880,06-06-24,23,Male,Jaipur,Electronics,2,20670,20,79,8,33072,3519.06,4,1
SK104881,19-09-24,22,Male,Mumbai,Beauty,4,15857,20,145,2,50742.4,2501.17,4,0
SK104882,16-01-24,18,Female,Bengaluru,Beauty,1,11424,25,270,3,8568,1390.29,3,0
SK104883,12-02-25,20,Male,Hyderabad,Sports,1,11636,0,97,4,11636,2669.39,2,0
SK104884,06-02-25,24,Female,Bengaluru,Grocery,4,46688,5,556,5,177414.4,13984.72,3,1
SK104885,18-11-24,47,Female,Pune,Fashion,4,40930,25,362,7,122790,10015.49,5,1
SK104886,07-02-25,18,Female,Delhi,Sports,5,4642,25,207,9,17407.5,1115.47,1,0
SK104887,26-12-24,64,Male,Chennai,Fashion,5,49581,40,185,10,148743,8189.75,2,1
SK104888,30-09-24,38,Male,Bengaluru,Electronics,5,33826,10,426,2,152217,28336.65,4,1
SK104889,05-01-24,38,Male,Chennai,Beauty,5,16875,40,224,7,50625,4430.98,2,1
SK104890,30-08-24,33,Female,Lucknow,Electronics,5,42425,15,377,9,180306.25,42242.79,5,1
SK104891,08-03-25,58,Male,Jaipur,Sports,3,28033,40,153,8,50459.4,11663.4,5,1
SK104892,18-01-25,53,Female,Bengaluru,Beauty,5,39691,0,486,5,198455,25484.24,2,1
SK104893,18-05-24,32,Male,Mumbai,Furniture,4,8793,10,128,2,31654.8,3113.6,1,1
SK104894,22-11-24,21,Female,Chennai,Furniture,2,2136,0,525,4,4272,331.53,2,0
SK104895,11-06-24,31,Female,Delhi,Grocery,5,45222,20,513,7,180888,8753.65,3,1
SK104896,06-07-24,56,Female,Bengaluru,Electronics,5,46611,15,199,2,198096.75,51835.84,5,1
SK104897,29-04-25,48,Female,Jaipur,Electronics,5,47536,5,271,9,225796,40447.5,3,1
SK104898,20-02-25,52,Male,Delhi,Sports,1,45533,10,309,1,40979.7,4750.56,1,1
SK104899,23-10-24,29,Male,Jaipur,Sports,4,48932,0,176,9,195728,35939.23,2,1
SK104900,18-04-24,29,Female,Hyderabad,Beauty,3,42314,0,588,9,126942,11716.93,1,1
SK104901,19-03-24,56,Female,Mumbai,Electronics,2,5133,15,77,3,8726.1,450.33,5,0
SK104902,24-01-25,20,Female,Chennai,Sports,1,18991,40,504,1,11394.6,1772.32,1,0
SK104903,27-11-24,47,Male,Jaipur,Beauty,2,11964,30,176,1,16749.6,851.52,3,0
SK104904,25-02-25,43,Male,Hyderabad,Sports,3,48912,30,374,6,102715.2,16631.37,2,1
SK104905,17-04-24,52,Female,Lucknow,Fashion,1,14528,5,408,6,13801.6,3092.26,2,1
SK104906,24-03-25,47,Female,Delhi,Furniture,3,2070,20,527,6,4968,37.74,5,0
SK104907,15-01-24,59,Male,Jaipur,Furniture,2,3157,40,586,8,3788.4,95.52,4,0
SK104908,13-09-24,39,Male,Mumbai,Sports,5,16128,40,232,7,48384,14238.35,1,1
SK104909,17-06-25,32,Female,Lucknow,Electronics,5,8299,20,462,9,33196,9153.64,4,1
SK104910,27-04-25,62,Female,Hyderabad,Fashion,1,29203,5,215,4,27742.85,3892.53,4,1
SK104911,07-11-24,43,Female,Bengaluru,Electronics,1,43784,25,449,9,32838,5461.73,3,1
SK104912,10-03-24,57,Male,Chennai,Beauty,2,36873,0,283,4,73746,12978.74,1,1
SK104913,14-05-24,26,Male,Delhi,Grocery,2,43127,25,347,5,64690.5,16087.59,5,1
SK104914,30-03-25,50,Female,Lucknow,Sports,1,13579,15,404,2,11542.15,740.81,3,0
SK104915,17-08-24,65,Male,Mumbai,Grocery,1,6954,30,439,1,4867.8,-155.69,4,0
SK104916,25-08-24,37,Male,Delhi,Fashion,5,231,0,338,10,1155,-91.36,3,0
SK104917,28-03-24,27,Male,Hyderabad,Grocery,3,27135,10,554,2,73264.5,8582.68,3,1
SK104918,07-10-24,42,Female,Mumbai,Furniture,3,13188,20,286,2,31651.2,1305.85,4,0
SK104919,24-01-25,34,Female,Jaipur,Fashion,3,49958,20,356,6,119899.2,28943.71,4,1
SK104920,13-07-24,25,Male,Jaipur,Grocery,2,22870,25,245,8,34305,7630.34,1,1
SK104921,18-02-25,41,Female,Mumbai,Electronics,1,45377,15,444,10,38570.45,2182.97,5,0
SK104922,28-02-24,22,Male,Mumbai,Furniture,4,16382,5,202,7,62251.6,4935.94,5,1
SK104923,11-12-24,47,Male,Lucknow,Beauty,2,24148,10,472,5,43466.4,2532.43,2,0
SK104924,28-03-25,32,Male,Hyderabad,Sports,2,43383,10,494,7,78089.4,6632.85,4,1
SK104925,02-04-25,24,Male,Hyderabad,Beauty,1,38442,5,323,4,36519.9,1983.34,4,0
SK104926,11-03-25,38,Female,Delhi,Grocery,1,46560,20,540,3,37248,6350.62,2,1
SK104927,26-02-24,47,Male,Pune,Sports,1,47507,25,565,3,35630.25,8775.52,4,1
SK104928,05-04-25,57,Male,Delhi,Beauty,4,4920,40,497,3,11808,269.94,4,0
SK104929,09-06-25,26,Female,Jaipur,Beauty,4,36214,25,281,10,108642,14149.03,1,1
SK104930,08-02-25,35,Male,Bengaluru,Furniture,3,19294,5,560,8,54987.9,13580.2,1,1
SK104931,28-11-24,35,Female,Jaipur,Furniture,1,30880,15,287,10,26248,6047.34,4,1
SK104932,17-08-24,22,Male,Jaipur,Beauty,5,46879,30,384,1,164076.5,46992.55,5,1
SK104933,29-05-25,41,Female,Chennai,Beauty,1,14196,20,596,8,11356.8,1889.38,1,0
SK104934,15-05-24,46,Female,Chennai,Electronics,1,27869,40,238,4,16721.4,4580.43,4,1
SK104935,22-02-24,18,Male,Lucknow,Grocery,1,26887,40,577,7,16132.2,3982.23,4,1
SK104936,23-03-24,28,Female,Pune,Fashion,1,11504,15,236,4,9778.4,348.93,5,0
SK104937,31-08-24,37,Female,Hyderabad,Fashion,3,15323,10,492,3,41372.1,3969.72,1,1
SK104938,18-03-24,30,Female,Bengaluru,Electronics,1,21783,5,195,9,20693.85,3880.87,1,1
SK104939,29-11-24,25,Male,Lucknow,Beauty,4,20292,40,444,1,48700.8,7472.54,2,1
SK104940,14-12-24,61,Female,Bengaluru,Furniture,1,25575,10,296,9,23017.5,2882.84,1,0
SK104941,01-04-24,45,Male,Bengaluru,Grocery,5,23338,0,93,1,116690,27891.97,4,1
SK104942,26-04-24,47,Male,Chennai,Beauty,2,20329,40,451,10,24394.8,1146.7,1,0
SK104943,11-04-24,41,Female,Lucknow,Beauty,3,5397,15,195,5,13762.35,1742.14,5,0
SK104944,08-01-25,60,Male,Chennai,Grocery,3,9213,10,509,6,24875.1,6235.8,5,1
SK104945,24-10-24,62,Female,Pune,Electronics,1,48087,5,81,1,45682.65,4433.62,5,1
SK104946,01-01-24,23,Female,Hyderabad,Electronics,2,27902,40,584,5,33482.4,7069.56,5,1
SK104947,04-02-25,36,Female,Bengaluru,Electronics,4,11483,25,600,6,34449,2801.58,4,0
SK104948,28-01-25,45,Male,Lucknow,Furniture,5,36451,5,256,9,173142.25,32006.04,3,1
SK104949,22-08-24,26,Female,Jaipur,Sports,3,49709,10,454,6,134214.3,24907.18,4,1
SK104950,06-06-24,64,Female,Jaipur,Beauty,1,2517,10,56,6,2265.3,508.32,3,0
SK104951,09-10-24,48,Male,Jaipur,Fashion,2,11451,10,257,7,20611.8,4299.06,1,1
SK104952,26-12-24,47,Female,Mumbai,Grocery,5,5384,30,231,5,18844,4233.56,2,1
SK104953,18-01-24,25,Female,Mumbai,Fashion,5,26555,30,472,10,92942.5,23761.09,1,1
SK104954,28-03-25,65,Male,Lucknow,Sports,3,41696,5,371,3,118833.6,10858.75,3,1
SK104955,20-11-24,32,Female,Delhi,Fashion,4,43345,30,540,3,121366,7547.76,1,1
SK104956,15-09-24,48,Male,Bengaluru,Sports,4,37439,25,265,10,112317,10029.42,4,1
SK104957,19-05-25,34,Male,Delhi,Furniture,2,4527,20,587,2,7243.2,1222.82,5,0
SK104958,16-01-24,39,Male,Mumbai,Fashion,5,28926,30,82,3,101241,16664.81,1,1
SK104959,24-10-24,48,Male,Lucknow,Beauty,1,17193,15,456,4,14614.05,564.33,2,0
SK104960,18-06-24,51,Male,Pune,Grocery,1,25670,15,398,4,21819.5,5355.24,1,1
SK104961,24-01-25,33,Female,Delhi,Electronics,5,25495,0,580,2,127475,29905.36,2,1
SK104962,30-04-24,38,Male,Lucknow,Electronics,3,5548,40,274,4,9986.4,2473.55,5,0
SK104963,02-05-24,21,Female,Mumbai,Furniture,1,42550,25,578,3,31912.5,2383.13,4,0
SK104964,23-01-24,36,Female,Mumbai,Furniture,5,39913,10,503,1,179608.5,42895.85,2,1
SK104965,06-04-25,35,Male,Lucknow,Beauty,1,33458,0,171,5,33458,6014.81,3,1
SK104966,04-07-24,63,Male,Hyderabad,Grocery,3,22973,20,325,7,55135.2,12160.66,5,1
SK104967,20-06-24,46,Female,Chennai,Electronics,2,26696,5,579,7,50722.4,14516.65,4,1
SK104968,03-03-25,21,Female,Hyderabad,Beauty,1,40459,10,567,5,36413.1,1903.87,3,0
SK104969,14-10-24,43,Male,Chennai,Grocery,5,47893,20,74,6,191572,22329.54,2,1
SK104970,18-03-25,24,Male,Delhi,Grocery,5,16650,25,393,10,62437.5,9916.68,4,1
SK104971,12-05-24,21,Female,Bengaluru,Sports,3,45499,10,438,10,122847.3,9170.34,2,1
SK104972,13-05-25,39,Female,Delhi,Furniture,3,9521,30,588,10,19994.1,3400.82,2,1
SK104973,09-02-24,22,Female,Jaipur,Grocery,1,27561,10,568,5,24804.9,1172.34,5,0
SK104974,16-02-25,30,Male,Pune,Sports,2,38730,20,599,1,61968,3320.53,5,1
SK104975,11-02-25,24,Female,Pune,Furniture,3,6096,15,520,7,15544.8,3241.99,1,1
SK104976,21-04-25,52,Male,Lucknow,Grocery,2,18149,5,78,4,34483.1,1723.58,1,0
SK104977,23-09-24,58,Male,Jaipur,Electronics,4,46950,30,415,9,131460,34300.75,5,1
SK104978,18-03-24,49,Male,Delhi,Beauty,1,13412,40,423,2,8047.2,1587.96,4,0
SK104979,04-10-24,54,Male,Delhi,Furniture,1,33272,25,548,10,24954,3160.05,2,1
SK104980,17-06-24,53,Female,Delhi,Sports,4,19506,10,502,1,70221.6,6951.16,4,1
SK104981,23-01-24,31,Male,Hyderabad,Sports,3,37015,25,527,5,83283.75,4335.38,3,1
SK104982,26-04-25,49,Female,Delhi,Fashion,1,13078,20,278,5,10462.4,396.85,3,0
SK104983,21-03-25,24,Male,Hyderabad,Fashion,2,13625,25,598,8,20437.5,913.81,1,0
SK104984,10-05-25,58,Female,Pune,Beauty,1,45470,0,366,5,45470,7670.65,5,1
SK104985,31-07-24,48,Female,Lucknow,Beauty,3,36284,40,534,1,65311.2,10281.82,1,1
SK104986,22-02-24,46,Female,Hyderabad,Grocery,4,26130,10,294,7,94068,13959.85,5,1
SK104987,10-06-24,46,Female,Mumbai,Sports,5,42162,10,403,9,189729,17013.45,4,1
SK104988,19-04-25,22,Male,Jaipur,Fashion,1,1108,30,283,7,775.6,-61.88,4,0
SK104989,31-08-24,20,Male,Hyderabad,Beauty,3,6803,10,77,5,18368.1,3400.27,1,1
SK104990,24-02-25,25,Female,Mumbai,Sports,3,12047,30,70,7,25298.7,2608.05,1,0
SK104991,15-11-24,32,Female,Mumbai,Grocery,2,20760,40,423,1,24912,3290.97,5,1
SK104992,11-04-24,38,Male,Hyderabad,Electronics,2,15187,5,369,6,28855.3,6403.73,2,1
SK104993,27-05-24,47,Female,Pune,Electronics,1,44461,5,304,8,42237.95,4981.68,4,1
SK104994,13-01-24,45,Male,Mumbai,Fashion,1,36227,20,153,10,28981.6,3856.8,2,1
SK104995,15-05-24,19,Female,Hyderabad,Furniture,5,15551,30,332,3,54428.5,5205.55,3,1
SK104996,15-06-25,40,Male,Mumbai,Furniture,4,21147,40,262,2,50752.8,3986.73,1,1
SK104997,19-04-24,52,Female,Pune,Electronics,5,39828,30,166,4,139398,35836.96,5,1
SK104998,13-09-24,56,Male,Jaipur,Electronics,1,11116,20,133,10,8892.8,437.4,5,0
SK104999,18-09-24,21,Male,Chennai,Beauty,1,13259,40,205,3,7955.4,502.83,2,0
SK105000,24-12-24,53,Female,Chennai,Furniture,1,28181,30,357,5,19726.7,4306.6,2,1
